doco;dcto;nb_pf;nb_pf_ibstkt_m;sqalph;SDADDJ;SDTRDJ;SDNXTR;error_type
25108223;CS;1;1;ARMES COM;0;125275;620;PROBLEME_DATE_CMD
25108262;CS;2;2;SOCIETE TAHA DISTRIBUTION DE SUD;0;125276;580;PROBLEME_DATE_CMD
25108265;CS;3;3;STE AL AKREM DE COMM ET DISTRI EN GROS;0;125277;620;PROBLEME_DATE_CMD
25109140;CS;4;4;STE BECHIR ETTAIEB DE COMMERCE;0;125278;580;PROBLEME_DATE_CMD
25109203;CS;5;5;SUDMILK;0;125279;620;PROBLEME_DATE_CMD
25109212;CS;6;6;ARMES COM;0;125280;580;PROBLEME_DATE_CMD
25109244;CS;7;7;SOCIETE TAHA DISTRIBUTION DE SUD;0;125281;620;PROBLEME_DATE_CMD
25109402;CS;8;8;STE AL AKREM DE COMM ET DISTRI EN GROS;0;125282;580;PROBLEME_DATE_CMD
25109760;CS;9;9;STE BECHIR ETTAIEB DE COMMERCE;0;125283;620;PROBLEME_DATE_CMD
25110136;CS;1;1;STE FRERES AYADI DISTRIBUTION NORD OUEST;;;;INACTIVE_CUSTOMER
25110413;CS;10;10;SUDMILK;0;125284;580;PROBLEME_DATE_CMD
25110485;CS;11;11;ARMES COM;0;125275;620;PROBLEME_DATE_CMD
25110736;CS;12;12;SOCIETE TAHA DISTRIBUTION DE SUD;0;125276;580;PROBLEME_DATE_CMD
25110849;CS;13;13;STE AL AKREM DE COMM ET DISTRI EN GROS;0;125277;620;PROBLEME_DATE_CMD
25111540;CS;14;14;STE BECHIR ETTAIEB DE COMMERCE;0;125278;580;PROBLEME_DATE_CMD
25111836;CS;15;15;SUDMILK;0;125279;620;PROBLEME_DATE_CMD
25111839;CS;16;16;ARMES COM;0;125280;580;PROBLEME_DATE_CMD
25111993;CS;17;17;SOCIETE TAHA DISTRIBUTION DE SUD;0;125281;620;PROBLEME_DATE_CMD
25111994;CS;18;18;STE AL AKREM DE COMM ET DISTRI EN GROS;0;125282;580;PROBLEME_DATE_CMD
25114220;CS;19;19;STE BECHIR ETTAIEB DE COMMERCE;0;125283;620;PROBLEME_DATE_CMD
25114221;CS;20;20;SUDMILK;0;125284;580;PROBLEME_DATE_CMD
25114705;CS;21;21;ARMES COM;0;125275;620;PROBLEME_DATE_CMD
25116268;CS;22;22;SOCIETE TAHA DISTRIBUTION DE SUD;0;125276;580;PROBLEME_DATE_CMD
25116409;CS;23;23;STE AL AKREM DE COMM ET DISTRI EN GROS;0;125277;620;PROBLEME_DATE_CMD
25116470;CS;24;24;STE BECHIR ETTAIEB DE COMMERCE;0;125278;580;PROBLEME_DATE_CMD
25116633;CS;25;25;SUDMILK;0;125279;620;PROBLEME_DATE_CMD
25117148;CS;26;26;ARMES COM;0;125280;580;PROBLEME_DATE_CMD
25117155;CS;27;27;SOCIETE TAHA DISTRIBUTION DE SUD;0;125281;620;PROBLEME_DATE_CMD
25117500;CS;28;28;STE AL AKREM DE COMM ET DISTRI EN GROS;0;125282;580;PROBLEME_DATE_CMD
25117540;CS;29;29;STE BECHIR ETTAIEB DE COMMERCE;0;125283;620;PROBLEME_DATE_CMD
25117754;CS;30;30;SUDMILK;0;125284;580;PROBLEME_DATE_CMD
25117879;CS;1;1;ARMES COM;0;125275;620;PROBLEME_DATE_CMD
25118607;CS;2;2;MOHAMED AMINE MARAOUI SFAX 2;;;;INACTIVE_CUSTOMER
25118608;CS;3;3;STE FRERES AYADI DISTRIBUTION NORD OUEST;;;;INACTIVE_CUSTOMER
25118609;CS;4;4;STE GENERAL DE DISTRIBUTION;;;;INACTIVE_CUSTOMER
25118610;CS;5;5;MOHAMED AMINE MARAOUI SFAX 2;;;;INACTIVE_CUSTOMER
25118611;CS;1;1;SOCIETE LACTO DISTRIBUTION;;;;INACTIVE_CUSTOMER
25118612;CS;2;2;STE FRERES AYADI DISTRIBUTION NORD OUEST;;;;INACTIVE_CUSTOMER
25118613;CS;3;3;STE GENERAL DE DISTRIBUTION;;;;INACTIVE_CUSTOMER
25118614;CS;4;4;MOHAMED AMINE MARAOUI SFAX 2;;;;INACTIVE_CUSTOMER
25118615;CS;5;5;MOHAMED AMINE MARAOUI SFAX 2;;;;INACTIVE_CUSTOMER
25118616;CS;1;1;STE FRERES AYADI DISTRIBUTION NORD OUEST;;;;INACTIVE_CUSTOMER
25118617;CS;2;2;STE GENERAL DE DISTRIBUTION;;;;INACTIVE_CUSTOMER
25118618;CS;3;3;MOHAMED AMINE MARAOUI SFAX 2;;;;INACTIVE_CUSTOMER
25118619;CS;4;4;MOHAMED AMINE MARAOUI SFAX 2;;;;INACTIVE_CUSTOMER
25118620;CS;5;5;MOHAMED AMINE MARAOUI SFAX 2;;;;INACTIVE_CUSTOMER
25118621;CS;1;1;MOHAMED AMINE MARAOUI SFAX 2;;;;INACTIVE_CUSTOMER
25118645;CS;2;2;SOCIETE TAHA DISTRIBUTION DE SUD;0;125276;580;PROBLEME_DATE_CMD
25119502;CS;3;3;STE AL AKREM DE COMM ET DISTRI EN GROS;0;125277;620;PROBLEME_DATE_CMD
25119503;CS;4;4;STE BECHIR ETTAIEB DE COMMERCE;0;125278;580;PROBLEME_DATE_CMD
25119679;CS;5;5;SUDMILK;0;125279;620;PROBLEME_DATE_CMD
25119771;CS;6;6;ARMES COM;0;125280;580;PROBLEME_DATE_CMD
25120555;CS;7;7;SOCIETE TAHA DISTRIBUTION DE SUD;0;125281;620;PROBLEME_DATE_CMD
25166289;CO;8;8;STE AL AKREM DE COMM ET DISTRI EN GROS;0;125282;580;PROBLEME_DATE_CMD
25166704;CO;9;9;STE BECHIR ETTAIEB DE COMMERCE;0;125283;620;PROBLEME_DATE_CMD
25167113;CO;10;10;SUDMILK;0;125284;580;PROBLEME_DATE_CMD
25167114;CO;11;11;ARMES COM;0;125275;620;PROBLEME_DATE_CMD
25167139;CO;12;12;SOCIETE TAHA DISTRIBUTION DE SUD;0;125276;580;PROBLEME_DATE_CMD
25167466;CO;13;13;STE AL AKREM DE COMM ET DISTRI EN GROS;0;125277;620;PROBLEME_DATE_CMD
25167502;CO;14;14;STE BECHIR ETTAIEB DE COMMERCE;0;125278;580;PROBLEME_DATE_CMD
25167503;CO;15;15;SUDMILK;0;125279;620;PROBLEME_DATE_CMD
25167823;CO;16;16;ARMES COM;0;125280;580;PROBLEME_DATE_CMD
25167824;CO;17;17;SOCIETE TAHA DISTRIBUTION DE SUD;0;125281;620;PROBLEME_DATE_CMD
25168096;CO;18;18;STE AL AKREM DE COMM ET DISTRI EN GROS;0;125282;580;PROBLEME_DATE_CMD
25168493;CO;19;19;STE BECHIR ETTAIEB DE COMMERCE;0;125283;620;PROBLEME_DATE_CMD
25168494;CO;20;20;SUDMILK;0;125284;580;PROBLEME_DATE_CMD
25168596;CO;21;21;ARMES COM;0;125275;620;PROBLEME_DATE_CMD
25168607;CO;22;22;SOCIETE TAHA DISTRIBUTION DE SUD;0;125276;580;PROBLEME_DATE_CMD
25169026;CO;23;23;STE AL AKREM DE COMM ET DISTRI EN GROS;0;125277;620;PROBLEME_DATE_CMD
25169027;CO;24;24;STE BECHIR ETTAIEB DE COMMERCE;0;125278;580;PROBLEME_DATE_CMD
25169667;CO;25;25;SUDMILK;0;125279;620;PROBLEME_DATE_CMD
25169736;CO;26;26;ARMES COM;0;125280;580;PROBLEME_DATE_CMD
25170361;CO;27;27;SOCIETE TAHA DISTRIBUTION DE SUD;0;125281;620;PROBLEME_DATE_CMD
25171024;CO;28;28;STE AL AKREM DE COMM ET DISTRI EN GROS;0;125282;580;PROBLEME_DATE_CMD
25171511;CO;29;29;STE BECHIR ETTAIEB DE COMMERCE;0;125283;620;PROBLEME_DATE_CMD
25173147;CO;30;30;SUDMILK;0;125284;580;PROBLEME_DATE_CMD
25173177;CO;1;1;ARMES COM;0;125275;620;PROBLEME_DATE_CMD
25173179;CO;2;2;SOCIETE TAHA DISTRIBUTION DE SUD;0;125276;580;PROBLEME_DATE_CMD
25173414;CO;3;3;STE AL AKREM DE COMM ET DISTRI EN GROS;0;125277;620;PROBLEME_DATE_CMD
25173416;CO;4;4;STE BECHIR ETTAIEB DE COMMERCE;0;125278;580;PROBLEME_DATE_CMD
25173446;CO;5;5;SUDMILK;0;125279;620;PROBLEME_DATE_CMD
25173703;CO;6;6;ARMES COM;0;125280;580;PROBLEME_DATE_CMD
25175662;CO;7;7;SOCIETE TAHA DISTRIBUTION DE SUD;0;125281;620;PROBLEME_DATE_CMD
25175664;CO;8;8;STE AL AKREM DE COMM ET DISTRI EN GROS;0;125282;580;PROBLEME_DATE_CMD
25176001;CO;9;9;STE BECHIR ETTAIEB DE COMMERCE;0;125283;620;PROBLEME_DATE_CMD
25176664;CO;10;10;SUDMILK;0;125284;580;PROBLEME_DATE_CMD
25179254;CO;11;11;ARMES COM;0;125275;620;PROBLEME_DATE_CMD
25179255;CO;12;12;SOCIETE TAHA DISTRIBUTION DE SUD;0;125276;580;PROBLEME_DATE_CMD
25179783;CO;13;13;STE AL AKREM DE COMM ET DISTRI EN GROS;0;125277;620;PROBLEME_DATE_CMD
25179785;CO;14;14;STE BECHIR ETTAIEB DE COMMERCE;0;125278;580;PROBLEME_DATE_CMD
25179991;CO;15;15;SUDMILK;0;125279;620;PROBLEME_DATE_CMD
25180257;CO;16;16;ARMES COM;0;125280;580;PROBLEME_DATE_CMD
25180458;CO;17;17;SOCIETE TAHA DISTRIBUTION DE SUD;0;125281;620;PROBLEME_DATE_CMD
25180459;CO;18;18;STE AL AKREM DE COMM ET DISTRI EN GROS;0;125282;580;PROBLEME_DATE_CMD
25180699;CO;19;19;STE BECHIR ETTAIEB DE COMMERCE;0;125283;620;PROBLEME_DATE_CMD
25181264;CO;20;20;SUDMILK;0;125284;580;PROBLEME_DATE_CMD
25181372;CO;21;21;ARMES COM;0;125275;620;PROBLEME_DATE_CMD
25181474;CO;22;22;SOCIETE TAHA DISTRIBUTION DE SUD;0;125276;580;PROBLEME_DATE_CMD
25181639;CO;23;23;STE AL AKREM DE COMM ET DISTRI EN GROS;0;125277;620;PROBLEME_DATE_CMD
25181691;CO;24;24;STE BECHIR ETTAIEB DE COMMERCE;0;125278;580;PROBLEME_DATE_CMD
25181765;CO;25;25;SUDMILK;0;125279;620;PROBLEME_DATE_CMD
25181800;CO;26;26;ARMES COM;0;125280;580;PROBLEME_DATE_CMD
25181803;CO;27;27;SOCIETE TAHA DISTRIBUTION DE SUD;0;125281;620;PROBLEME_DATE_CMD
25181828;CO;28;28;STE AL AKREM DE COMM ET DISTRI EN GROS;0;125282;580;PROBLEME_DATE_CMD
25181845;CO;29;29;STE BECHIR ETTAIEB DE COMMERCE;0;125283;620;PROBLEME_DATE_CMD
25181864;CO;30;30;SUDMILK;0;125284;580;PROBLEME_DATE_CMD
25181902;CO;1;1;ARMES COM;0;125275;620;PROBLEME_DATE_CMD
25182214;CO;2;2;SOCIETE TAHA DISTRIBUTION DE SUD;0;125276;580;PROBLEME_DATE_CMD
25182310;CO;3;3;STE AL AKREM DE COMM ET DISTRI EN GROS;0;125277;620;PROBLEME_DATE_CMD
25182312;CO;4;4;STE BECHIR ETTAIEB DE COMMERCE;0;125278;580;PROBLEME_DATE_CMD
25182313;CO;5;5;SUDMILK;0;125279;620;PROBLEME_DATE_CMD
25182315;CO;6;6;ARMES COM;0;125280;580;PROBLEME_DATE_CMD
25182352;CO;7;7;SOCIETE TAHA DISTRIBUTION DE SUD;0;125281;620;PROBLEME_DATE_CMD
25182505;CO;8;8;STE AL AKREM DE COMM ET DISTRI EN GROS;0;125282;580;PROBLEME_DATE_CMD
25182530;CO;9;9;STE BECHIR ETTAIEB DE COMMERCE;0;125283;620;PROBLEME_DATE_CMD
25182689;CO;10;10;SUDMILK;0;125284;580;PROBLEME_DATE_CMD
25182725;CO;11;11;ARMES COM;0;125275;620;PROBLEME_DATE_CMD
25183090;CO;12;12;SOCIETE TAHA DISTRIBUTION DE SUD;0;125276;580;PROBLEME_DATE_CMD
25183149;CO;13;13;STE AL AKREM DE COMM ET DISTRI EN GROS;0;125277;620;PROBLEME_DATE_CMD
25183501;CO;14;14;STE BECHIR ETTAIEB DE COMMERCE;0;125278;580;PROBLEME_DATE_CMD
25183503;CO;15;15;SUDMILK;0;125279;620;PROBLEME_DATE_CMD
25183569;CO;16;16;ARMES COM;0;125280;580;PROBLEME_DATE_CMD
25183572;CO;17;17;SOCIETE TAHA DISTRIBUTION DE SUD;0;125281;620;PROBLEME_DATE_CMD
25183616;CO;18;18;STE AL AKREM DE COMM ET DISTRI EN GROS;0;125282;580;PROBLEME_DATE_CMD
25183825;CO;19;19;STE BECHIR ETTAIEB DE COMMERCE;0;125283;620;PROBLEME_DATE_CMD
25185663;CO;20;20;SUDMILK;0;125284;580;PROBLEME_DATE_CMD
25185884;CO;21;21;ARMES COM;0;125275;620;PROBLEME_DATE_CMD
25185887;CO;22;22;SOCIETE TAHA DISTRIBUTION DE SUD;0;125276;580;PROBLEME_DATE_CMD
25186213;CO;23;23;STE AL AKREM DE COMM ET DISTRI EN GROS;0;125277;620;PROBLEME_DATE_CMD
25186497;CO;24;24;STE BECHIR ETTAIEB DE COMMERCE;0;125278;580;PROBLEME_DATE_CMD
25186498;CO;25;25;SUDMILK;0;125279;620;PROBLEME_DATE_CMD
25497271;CA;22;20;ARMES COM;;;;ITEM_IS_OBSOLETE
25498266;CA;7;6;SOCIETE TAHA DISTRIBUTION DE SUD;;;;ITEM_BRANCH_RECORDS
25498779;CA;2;1;STE AL AKREM DE COMM ET DISTRI EN GROS;;;;ITEM_BRANCH_RECORDS
25498968;CA;7;6;STE BECHIR ETTAIEB DE COMMERCE;;;;ITEM_BRANCH_RECORDS
25498994;CA;3;2;SUDMILK;;;;ITEM_BRANCH_RECORDS
25499121;CA;5;3;ARMES COM;;;;ITEM_BRANCH_RECORDS
25499262;CA;1;1;SOCIETE TAHA DISTRIBUTION DE SUD;;;;ITEM_BRANCH_RECORDS
25499286;CA;3;2;STE AL AKREM DE COMM ET DISTRI EN GROS;;;;ITEM_BRANCH_RECORDS
25499662;CA;5;4;STE BECHIR ETTAIEB DE COMMERCE;;;;ITEM_BRANCH_RECORDS
25499707;CA;7;6;SUDMILK;;;;ITEM_BRANCH_RECORDS
25503154;CA;5;4;ARMES COM;;;;ITEM_IS_OBSOLETE
25504252;CA;1;0;SOCIETE TAHA DISTRIBUTION DE SUD;;;;ITEM_BRANCH_RECORDS
25556484;CA;9;8;STE AL AKREM DE COMM ET DISTRI EN GROS;;;;ITEM_IS_OBSOLETE
25710001;CA;6;4;ARMES COM;;;;ITEM_IS_OBSOLETE
25710002;CA;4;3;SOCIETE TAHA DISTRIBUTION DE SUD;;;;ITEM_IS_OBSOLETE
25710003;CA;8;5;STE AL AKREM DE COMM ET DISTRI EN GROS;;;;ITEM_IS_OBSOLETE
25710004;CA;10;6;STE BECHIR ETTAIEB DE COMMERCE;;;;ITEM_IS_OBSOLETE
25710011;CA;6;5;SUDMILK;;;;ITEM_BRANCH_RECORDS
25710012;CA;4;2;ARMES COM;;;;ITEM_BRANCH_RECORDS
25710013;CA;8;5;SOCIETE TAHA DISTRIBUTION DE SUD;;;;ITEM_BRANCH_RECORDS
25710014;CA;5;3;STE AL AKREM DE COMM ET DISTRI EN GROS;;;;ITEM_BRANCH_RECORDS
25710015;CA;3;2;STE BECHIR ETTAIEB DE COMMERCE;;;;ITEM_BRANCH_RECORDS
25820001;CA;12;10;ARMES COM;;;;ITEM_IS_OBSOLETE
25820002;CA;13;11;SOCIETE TAHA DISTRIBUTION DE SUD;;;;ITEM_BRANCH_RECORDS
25820003;CA;14;10;STE AL AKREM DE COMM ET DISTRI EN GROS;;;;ITEM_IS_OBSOLETE
25820004;CA;3;2;STE BECHIR ETTAIEB DE COMMERCE;;;;ITEM_BRANCH_RECORDS
25820005;CA;4;2;SUDMILK;;;;ITEM_IS_OBSOLETE
25820006;CA;5;4;ARMES COM;;;;ITEM_BRANCH_RECORDS
25820007;CA;6;2;SOCIETE TAHA DISTRIBUTION DE SUD;;;;ITEM_IS_OBSOLETE
25820008;CA;7;6;STE AL AKREM DE COMM ET DISTRI EN GROS;;;;ITEM_BRANCH_RECORDS
25820009;CA;8;6;STE BECHIR ETTAIEB DE COMMERCE;;;;ITEM_IS_OBSOLETE
25820010;CA;9;8;SUDMILK;;;;ITEM_BRANCH_RECORDS
25820011;CA;10;6;ARMES COM;;;;ITEM_IS_OBSOLETE
25820012;CA;11;8;SOCIETE TAHA DISTRIBUTION DE SUD;;;;ITEM_BRANCH_RECORDS
25820013;CA;12;6;STE AL AKREM DE COMM ET DISTRI EN GROS;;;;ITEM_IS_OBSOLETE
25820014;CA;13;8;STE BECHIR ETTAIEB DE COMMERCE;;;;ITEM_BRANCH_RECORDS
25820015;CA;14;6;SUDMILK;;;;ITEM_IS_OBSOLETE
25820016;CA;3;2;ARMES COM;;;;ITEM_BRANCH_RECORDS
25820017;CA;4;2;SOCIETE TAHA DISTRIBUTION DE SUD;;;;ITEM_IS_OBSOLETE
25820018;CA;5;2;STE AL AKREM DE COMM ET DISTRI EN GROS;;;;ITEM_BRANCH_RECORDS
25820019;CA;6;2;STE BECHIR ETTAIEB DE COMMERCE;;;;ITEM_IS_OBSOLETE
25820020;CA;7;6;SUDMILK;;;;ITEM_BRANCH_RECORDS
25820021;CA;8;2;ARMES COM;;;;ITEM_IS_OBSOLETE
25820022;CA;9;8;SOCIETE TAHA DISTRIBUTION DE SUD;;;;ITEM_BRANCH_RECORDS
25820023;CA;10;2;STE AL AKREM DE COMM ET DISTRI EN GROS;;;;ITEM_IS_OBSOLETE
25820024;CA;11;6;STE BECHIR ETTAIEB DE COMMERCE;;;;ITEM_BRANCH_RECORDS
25820025;CA;12;10;SUDMILK;;;;ITEM_IS_OBSOLETE
25820026;CA;13;12;ARMES COM;;;;ITEM_BRANCH_RECORDS
25820027;CA;14;10;SOCIETE TAHA DISTRIBUTION DE SUD;;;;ITEM_IS_OBSOLETE
25820028;CA;3;2;STE AL AKREM DE COMM ET DISTRI EN GROS;;;;ITEM_BRANCH_RECORDS
25820029;CA;4;2;STE BECHIR ETTAIEB DE COMMERCE;;;;ITEM_IS_OBSOLETE
25820030;CA;5;4;SUDMILK;;;;ITEM_BRANCH_RECORDS
25820031;CA;6;2;ARMES COM;;;;ITEM_IS_OBSOLETE
25820032;CA;7;5;SOCIETE TAHA DISTRIBUTION DE SUD;;;;ITEM_BRANCH_RECORDS
25820033;CA;8;6;STE AL AKREM DE COMM ET DISTRI EN GROS;;;;ITEM_IS_OBSOLETE
25820034;CA;9;4;STE BECHIR ETTAIEB DE COMMERCE;;;;ITEM_BRANCH_RECORDS
25820035;CA;10;6;SUDMILK;;;;ITEM_IS_OBSOLETE
25820036;CA;11;10;ARMES COM;;;;ITEM_BRANCH_RECORDS
25820037;CA;12;6;SOCIETE TAHA DISTRIBUTION DE SUD;;;;ITEM_IS_OBSOLETE
25820038;CA;13;10;STE AL AKREM DE COMM ET DISTRI EN GROS;;;;ITEM_BRANCH_RECORDS
25820039;CA;14;6;STE BECHIR ETTAIEB DE COMMERCE;;;;ITEM_IS_OBSOLETE
25820040;CA;3;2;SUDMILK;;;;ITEM_BRANCH_RECORDS
25930001;CS;12;12;MOHAMED AMINE MARAOUI SFAX 2;;;;INACTIVE_CUSTOMER
25930002;CS;13;13;SOCIETE LACTO DISTRIBUTION;;;;INACTIVE_CUSTOMER
25930003;CS;14;14;STE FRERES AYADI DISTRIBUTION NORD OUEST;;;;INACTIVE_CUSTOMER
25930004;CS;15;15;STE GENERAL DE DISTRIBUTION;;;;INACTIVE_CUSTOMER
25930005;CS;1;1;STE NOUR DISTRIBUTION CENTRALE;;;;INACTIVE_CUSTOMER
25930006;CS;2;2;SOCIETE OMNI COMMERCE ET DISTRIBUTION;;;;INACTIVE_CUSTOMER
25930007;CS;3;3;STE LES FRERES MANSOUR DISTRIBUTION;;;;INACTIVE_CUSTOMER
25930008;CS;4;4;SOCIETE ATLAS LAIT DISTRIBUTION;;;;INACTIVE_CUSTOMER
25930009;CS;5;5;STE KARIM BEN SALAH COMMERCE;;;;INACTIVE_CUSTOMER
25930010;CS;6;6;SOCIETE MEDITERRANEE PRODUITS LAITIERS;;;;INACTIVE_CUSTOMER
25930011;CS;7;7;SOCIETE UNION DES GROSSISTES TUNIS;;;;INACTIVE_CUSTOMER
25930012;CS;8;8;STE SALAH HAMROUNI COMMERCE EN GROS;;;;INACTIVE_CUSTOMER
25930013;CS;9;9;STE MOHAMED TRABELSI DISTRIBUTION SUD;;;;INACTIVE_CUSTOMER
25930014;CS;10;10;MOHAMED AMINE MARAOUI SFAX 2;;;;INACTIVE_CUSTOMER
25930015;CS;11;11;SOCIETE LACTO DISTRIBUTION;;;;INACTIVE_CUSTOMER
25930016;CS;12;12;STE FRERES AYADI DISTRIBUTION NORD OUEST;;;;INACTIVE_CUSTOMER
25930017;CS;13;13;STE GENERAL DE DISTRIBUTION;;;;INACTIVE_CUSTOMER
25930018;CS;14;14;STE NOUR DISTRIBUTION CENTRALE;;;;INACTIVE_CUSTOMER
25930019;CS;15;15;SOCIETE OMNI COMMERCE ET DISTRIBUTION;;;;INACTIVE_CUSTOMER
25930020;CS;1;1;STE LES FRERES MANSOUR DISTRIBUTION;;;;INACTIVE_CUSTOMER
25930021;CS;2;2;SOCIETE ATLAS LAIT DISTRIBUTION;;;;INACTIVE_CUSTOMER
25930022;CS;3;3;STE KARIM BEN SALAH COMMERCE;;;;INACTIVE_CUSTOMER
25930023;CS;4;4;SOCIETE MEDITERRANEE PRODUITS LAITIERS;;;;INACTIVE_CUSTOMER
25930024;CS;5;5;SOCIETE UNION DES GROSSISTES TUNIS;;;;INACTIVE_CUSTOMER
25930025;CS;6;6;STE SALAH HAMROUNI COMMERCE EN GROS;;;;INACTIVE_CUSTOMER
25930026;CS;7;7;STE MOHAMED TRABELSI DISTRIBUTION SUD;;;;INACTIVE_CUSTOMER
25930027;CS;8;8;MOHAMED AMINE MARAOUI SFAX 2;;;;INACTIVE_CUSTOMER
25930028;CS;9;9;SOCIETE LACTO DISTRIBUTION;;;;INACTIVE_CUSTOMER
25930029;CS;10;10;STE FRERES AYADI DISTRIBUTION NORD OUEST;;;;INACTIVE_CUSTOMER
25930030;CS;11;11;STE GENERAL DE DISTRIBUTION;;;;INACTIVE_CUSTOMER
25656234;SO;26;26;ARMES COM;0;125280;580;PROBLEME_DATE_CMD
25656235;SO;27;27;SOCIETE TAHA DISTRIBUTION DE SUD;0;125281;620;PROBLEME_DATE_CMD
25656706;SO;28;28;STE AL AKREM DE COMM ET DISTRI EN GROS;0;125282;580;PROBLEME_DATE_CMD
25656707;SO;29;29;STE BECHIR ETTAIEB DE COMMERCE;0;125283;620;PROBLEME_DATE_CMD
25658262;SO;30;30;SUDMILK;0;125284;580;PROBLEME_DATE_CMD
27000001;CA;26;8;ARMES COM;;;;ITEM_IS_OBSOLETE
27000002;CA;9;3;SOCIETE TAHA DISTRIBUTION DE SUD;;;;ITEM_IS_OBSOLETE
27000003;CA;10;8;STE AL AKREM DE COMM ET DISTRI EN GROS;;;;ITEM_IS_OBSOLETE
27000004;CA;22;20;STE BECHIR ETTAIEB DE COMMERCE;;;;ITEM_IS_OBSOLETE
27000005;CA;11;6;SUDMILK;;;;ITEM_IS_OBSOLETE
27000006;CA;25;7;STE HEDI JELASSI DISTRIBUTION NORD;;;;ITEM_IS_OBSOLETE
27000007;CA;21;1;SOCIETE IDEAL DISTRIBUTION SFAX;;;;ITEM_IS_OBSOLETE
27000008;CA;27;19;SOCIETE EL HOUDA DISTRIBUTION;;;;ITEM_IS_OBSOLETE
27000009;CA;9;8;ARMES COM;;;;ITEM_IS_OBSOLETE
27000010;CA;16;10;SOCIETE TAHA DISTRIBUTION DE SUD;;;;ITEM_IS_OBSOLETE
27000011;CA;24;1;STE AL AKREM DE COMM ET DISTRI EN GROS;;;;ITEM_IS_OBSOLETE
27000012;CA;6;5;STE BECHIR ETTAIEB DE COMMERCE;;;;ITEM_IS_OBSOLETE
27000013;CA;4;1;SUDMILK;;;;ITEM_IS_OBSOLETE
27000014;CA;16;12;STE HEDI JELASSI DISTRIBUTION NORD;;;;ITEM_IS_OBSOLETE
27000015;CA;9;3;SOCIETE IDEAL DISTRIBUTION SFAX;;;;ITEM_IS_OBSOLETE
27000016;CA;17;3;SOCIETE EL HOUDA DISTRIBUTION;;;;ITEM_IS_OBSOLETE
27000017;CA;28;13;ARMES COM;;;;ITEM_IS_OBSOLETE
27000018;CA;28;16;SOCIETE TAHA DISTRIBUTION DE SUD;;;;ITEM_IS_OBSOLETE
27000019;CA;30;4;STE AL AKREM DE COMM ET DISTRI EN GROS;;;;ITEM_IS_OBSOLETE
27000020;CA;23;6;STE BECHIR ETTAIEB DE COMMERCE;;;;ITEM_IS_OBSOLETE
27000021;CA;9;4;SUDMILK;;;;ITEM_IS_OBSOLETE
27000022;CA;20;15;STE HEDI JELASSI DISTRIBUTION NORD;;;;ITEM_IS_OBSOLETE
27000023;CA;20;9;SOCIETE IDEAL DISTRIBUTION SFAX;;;;ITEM_IS_OBSOLETE
27000024;CA;4;1;SOCIETE EL HOUDA DISTRIBUTION;;;;ITEM_IS_OBSOLETE
27000025;CA;19;13;ARMES COM;;;;ITEM_IS_OBSOLETE
27000026;CA;20;0;SOCIETE TAHA DISTRIBUTION DE SUD;;;;ITEM_IS_OBSOLETE
27000027;CA;5;2;STE AL AKREM DE COMM ET DISTRI EN GROS;;;;ITEM_IS_OBSOLETE
27000028;CA;10;0;STE BECHIR ETTAIEB DE COMMERCE;;;;ITEM_IS_OBSOLETE
27000029;CA;14;1;SUDMILK;;;;ITEM_IS_OBSOLETE
27000030;CA;9;5;STE HEDI JELASSI DISTRIBUTION NORD;;;;ITEM_IS_OBSOLETE
27000031;CA;17;7;SOCIETE IDEAL DISTRIBUTION SFAX;;;;ITEM_IS_OBSOLETE
27000032;CA;6;4;SOCIETE EL HOUDA DISTRIBUTION;;;;ITEM_IS_OBSOLETE
27000033;CA;4;1;ARMES COM;;;;ITEM_IS_OBSOLETE
27000034;CA;29;21;SOCIETE TAHA DISTRIBUTION DE SUD;;;;ITEM_IS_OBSOLETE
27000035;CA;29;25;STE AL AKREM DE COMM ET DISTRI EN GROS;;;;ITEM_IS_OBSOLETE
27000036;CA;8;4;STE BECHIR ETTAIEB DE COMMERCE;;;;ITEM_IS_OBSOLETE
27000037;CA;16;0;SUDMILK;;;;ITEM_IS_OBSOLETE
27000038;CA;3;2;STE HEDI JELASSI DISTRIBUTION NORD;;;;ITEM_IS_OBSOLETE
27000039;CA;5;1;SOCIETE IDEAL DISTRIBUTION SFAX;;;;ITEM_IS_OBSOLETE
27000040;CA;10;7;SOCIETE EL HOUDA DISTRIBUTION;;;;ITEM_IS_OBSOLETE
27000041;CA;26;1;ARMES COM;;;;ITEM_IS_OBSOLETE
27000042;CA;25;23;SOCIETE TAHA DISTRIBUTION DE SUD;;;;ITEM_IS_OBSOLETE
27000043;CA;24;6;STE AL AKREM DE COMM ET DISTRI EN GROS;;;;ITEM_IS_OBSOLETE
27000044;CA;30;16;STE BECHIR ETTAIEB DE COMMERCE;;;;ITEM_IS_OBSOLETE
27000045;CA;16;3;SUDMILK;;;;ITEM_IS_OBSOLETE
27000046;CA;21;13;STE HEDI JELASSI DISTRIBUTION NORD;;;;ITEM_IS_OBSOLETE
27000047;CA;22;8;SOCIETE IDEAL DISTRIBUTION SFAX;;;;ITEM_IS_OBSOLETE
27000048;CA;13;8;SOCIETE EL HOUDA DISTRIBUTION;;;;ITEM_IS_OBSOLETE
27000049;CA;25;10;ARMES COM;;;;ITEM_IS_OBSOLETE
27000050;CA;4;1;SOCIETE TAHA DISTRIBUTION DE SUD;;;;ITEM_IS_OBSOLETE
27000051;CA;4;0;STE AL AKREM DE COMM ET DISTRI EN GROS;;;;ITEM_IS_OBSOLETE
27000052;CA;23;17;STE BECHIR ETTAIEB DE COMMERCE;;;;ITEM_IS_OBSOLETE
27000053;CA;20;17;SUDMILK;;;;ITEM_IS_OBSOLETE
27000054;CA;17;3;STE HEDI JELASSI DISTRIBUTION NORD;;;;ITEM_IS_OBSOLETE
27000055;CA;3;1;SOCIETE IDEAL DISTRIBUTION SFAX;;;;ITEM_IS_OBSOLETE
27000056;CA;22;16;SOCIETE EL HOUDA DISTRIBUTION;;;;ITEM_IS_OBSOLETE
27000057;CA;27;8;ARMES COM;;;;ITEM_IS_OBSOLETE
27000058;CA;16;9;SOCIETE TAHA DISTRIBUTION DE SUD;;;;ITEM_IS_OBSOLETE
27000059;CA;27;2;STE AL AKREM DE COMM ET DISTRI EN GROS;;;;ITEM_IS_OBSOLETE
27000060;CA;21;11;STE BECHIR ETTAIEB DE COMMERCE;;;;ITEM_IS_OBSOLETE
27000061;CA;24;9;SUDMILK;;;;ITEM_IS_OBSOLETE
27000062;CA;14;10;STE HEDI JELASSI DISTRIBUTION NORD;;;;ITEM_IS_OBSOLETE
27000063;CA;13;9;SOCIETE IDEAL DISTRIBUTION SFAX;;;;ITEM_IS_OBSOLETE
27000064;CA;19;16;SOCIETE EL HOUDA DISTRIBUTION;;;;ITEM_IS_OBSOLETE
27000065;CA;10;8;ARMES COM;;;;ITEM_IS_OBSOLETE
27000066;CA;19;1;SOCIETE TAHA DISTRIBUTION DE SUD;;;;ITEM_IS_OBSOLETE
27000067;CA;26;12;STE AL AKREM DE COMM ET DISTRI EN GROS;;;;ITEM_IS_OBSOLETE
27000068;CA;24;22;STE BECHIR ETTAIEB DE COMMERCE;;;;ITEM_IS_OBSOLETE
27000069;CA;5;4;SUDMILK;;;;ITEM_IS_OBSOLETE
27000070;CA;24;9;STE HEDI JELASSI DISTRIBUTION NORD;;;;ITEM_IS_OBSOLETE
27000071;CA;6;4;SOCIETE IDEAL DISTRIBUTION SFAX;;;;ITEM_IS_OBSOLETE
27000072;CA;8;2;SOCIETE EL HOUDA DISTRIBUTION;;;;ITEM_IS_OBSOLETE
27000073;CA;28;20;ARMES COM;;;;ITEM_IS_OBSOLETE
27000074;CA;10;7;SOCIETE TAHA DISTRIBUTION DE SUD;;;;ITEM_IS_OBSOLETE
27000075;CA;27;26;STE AL AKREM DE COMM ET DISTRI EN GROS;;;;ITEM_IS_OBSOLETE
27000076;CA;25;12;STE BECHIR ETTAIEB DE COMMERCE;;;;ITEM_IS_OBSOLETE
27000077;CA;26;19;SUDMILK;;;;ITEM_IS_OBSOLETE
27000078;CA;29;28;STE HEDI JELASSI DISTRIBUTION NORD;;;;ITEM_IS_OBSOLETE
27000079;CA;18;14;SOCIETE IDEAL DISTRIBUTION SFAX;;;;ITEM_IS_OBSOLETE
27000080;CA;19;2;SOCIETE EL HOUDA DISTRIBUTION;;;;ITEM_IS_OBSOLETE
27000081;CA;19;14;ARMES COM;;;;ITEM_IS_OBSOLETE
27000082;CA;8;1;SOCIETE TAHA DISTRIBUTION DE SUD;;;;ITEM_IS_OBSOLETE
27000083;CA;16;14;STE AL AKREM DE COMM ET DISTRI EN GROS;;;;ITEM_IS_OBSOLETE
27000084;CA;4;0;STE BECHIR ETTAIEB DE COMMERCE;;;;ITEM_IS_OBSOLETE
27000085;CA;9;7;SUDMILK;;;;ITEM_IS_OBSOLETE
27000086;CA;26;23;STE HEDI JELASSI DISTRIBUTION NORD;;;;ITEM_IS_OBSOLETE
27000087;CA;12;6;SOCIETE IDEAL DISTRIBUTION SFAX;;;;ITEM_IS_OBSOLETE
27000088;CA;8;5;SOCIETE EL HOUDA DISTRIBUTION;;;;ITEM_IS_OBSOLETE
27000089;CA;3;0;ARMES COM;;;;ITEM_IS_OBSOLETE
27000090;CA;29;10;SOCIETE TAHA DISTRIBUTION DE SUD;;;;ITEM_IS_OBSOLETE
27000091;CA;7;6;STE AL AKREM DE COMM ET DISTRI EN GROS;;;;ITEM_IS_OBSOLETE
27000092;CA;4;3;STE BECHIR ETTAIEB DE COMMERCE;;;;ITEM_IS_OBSOLETE
27000093;CA;2;0;SUDMILK;;;;ITEM_IS_OBSOLETE
27000094;CA;27;16;STE HEDI JELASSI DISTRIBUTION NORD;;;;ITEM_IS_OBSOLETE
27000095;CA;5;3;SOCIETE IDEAL DISTRIBUTION SFAX;;;;ITEM_IS_OBSOLETE
27000096;CA;17;16;SOCIETE EL HOUDA DISTRIBUTION;;;;ITEM_IS_OBSOLETE
27000097;CA;8;4;ARMES COM;;;;ITEM_IS_OBSOLETE
27000098;CA;21;9;SOCIETE TAHA DISTRIBUTION DE SUD;;;;ITEM_IS_OBSOLETE
27000099;CA;6;0;STE AL AKREM DE COMM ET DISTRI EN GROS;;;;ITEM_IS_OBSOLETE
27000100;CA;26;19;STE BECHIR ETTAIEB DE COMMERCE;;;;ITEM_IS_OBSOLETE
27000101;CA;2;1;SUDMILK;;;;ITEM_IS_OBSOLETE
27000102;CA;22;21;STE HEDI JELASSI DISTRIBUTION NORD;;;;ITEM_IS_OBSOLETE
27000103;CA;26;8;SOCIETE IDEAL DISTRIBUTION SFAX;;;;ITEM_IS_OBSOLETE
27000104;CA;25;6;SOCIETE EL HOUDA DISTRIBUTION;;;;ITEM_IS_OBSOLETE
27000105;CA;17;8;ARMES COM;;;;ITEM_IS_OBSOLETE
27000106;CA;18;2;SOCIETE TAHA DISTRIBUTION DE SUD;;;;ITEM_IS_OBSOLETE
27000107;CA;3;0;STE AL AKREM DE COMM ET DISTRI EN GROS;;;;ITEM_IS_OBSOLETE
27000108;CA;6;1;STE BECHIR ETTAIEB DE COMMERCE;;;;ITEM_IS_OBSOLETE
27000109;CA;3;2;SUDMILK;;;;ITEM_IS_OBSOLETE
27000110;CA;16;6;STE HEDI JELASSI DISTRIBUTION NORD;;;;ITEM_IS_OBSOLETE
27000111;CA;9;8;SOCIETE IDEAL DISTRIBUTION SFAX;;;;ITEM_IS_OBSOLETE
27000112;CA;4;2;SOCIETE EL HOUDA DISTRIBUTION;;;;ITEM_IS_OBSOLETE
27000113;CA;22;9;ARMES COM;;;;ITEM_IS_OBSOLETE
27000114;CA;4;3;SOCIETE TAHA DISTRIBUTION DE SUD;;;;ITEM_IS_OBSOLETE
27000115;CA;22;2;STE AL AKREM DE COMM ET DISTRI EN GROS;;;;ITEM_IS_OBSOLETE
27000116;CA;27;1;STE BECHIR ETTAIEB DE COMMERCE;;;;ITEM_IS_OBSOLETE
27000117;CA;20;0;SUDMILK;;;;ITEM_IS_OBSOLETE
27000118;CA;4;2;STE HEDI JELASSI DISTRIBUTION NORD;;;;ITEM_IS_OBSOLETE
27000119;CA;16;9;SOCIETE IDEAL DISTRIBUTION SFAX;;;;ITEM_IS_OBSOLETE
27000120;CA;6;1;SOCIETE EL HOUDA DISTRIBUTION;;;;ITEM_IS_OBSOLETE
27000121;CA;18;14;STE BECHIR ETTAIEB DE COMMERCE;;;;ITEM_BRANCH_RECORDS
27000122;CA;14;1;SUDMILK;;;;ITEM_BRANCH_RECORDS
27000123;CA;5;1;STE HEDI JELASSI DISTRIBUTION NORD;;;;ITEM_BRANCH_RECORDS
27000124;CA;16;4;SOCIETE IDEAL DISTRIBUTION SFAX;;;;ITEM_BRANCH_RECORDS
27000125;CA;9;2;SOCIETE EL HOUDA DISTRIBUTION;;;;ITEM_BRANCH_RECORDS
27000126;CA;24;16;ARMES COM;;;;ITEM_BRANCH_RECORDS
27000127;CA;10;9;SOCIETE TAHA DISTRIBUTION DE SUD;;;;ITEM_BRANCH_RECORDS
27000128;CA;14;4;STE AL AKREM DE COMM ET DISTRI EN GROS;;;;ITEM_BRANCH_RECORDS
27000129;CA;20;11;STE BECHIR ETTAIEB DE COMMERCE;;;;ITEM_BRANCH_RECORDS
27000130;CA;5;0;SUDMILK;;;;ITEM_BRANCH_RECORDS
27000131;CA;17;10;STE HEDI JELASSI DISTRIBUTION NORD;;;;ITEM_BRANCH_RECORDS
27000132;CA;15;1;SOCIETE IDEAL DISTRIBUTION SFAX;;;;ITEM_BRANCH_RECORDS
27000133;CA;22;9;SOCIETE EL HOUDA DISTRIBUTION;;;;ITEM_BRANCH_RECORDS
27000134;CA;11;3;ARMES COM;;;;ITEM_BRANCH_RECORDS
27000135;CA;23;7;SOCIETE TAHA DISTRIBUTION DE SUD;;;;ITEM_BRANCH_RECORDS
27000136;CA;28;16;STE AL AKREM DE COMM ET DISTRI EN GROS;;;;ITEM_BRANCH_RECORDS
27000137;CA;8;5;STE BECHIR ETTAIEB DE COMMERCE;;;;ITEM_BRANCH_RECORDS
27000138;CA;5;0;SUDMILK;;;;ITEM_BRANCH_RECORDS
27000139;CA;11;4;STE HEDI JELASSI DISTRIBUTION NORD;;;;ITEM_BRANCH_RECORDS
27000140;CA;25;7;SOCIETE IDEAL DISTRIBUTION SFAX;;;;ITEM_BRANCH_RECORDS
27000141;CA;7;4;SOCIETE EL HOUDA DISTRIBUTION;;;;ITEM_BRANCH_RECORDS
27000142;CA;11;7;ARMES COM;;;;ITEM_BRANCH_RECORDS
27000143;CA;20;14;SOCIETE TAHA DISTRIBUTION DE SUD;;;;ITEM_BRANCH_RECORDS
27000144;CA;7;0;STE AL AKREM DE COMM ET DISTRI EN GROS;;;;ITEM_BRANCH_RECORDS
27000145;CA;19;8;STE BECHIR ETTAIEB DE COMMERCE;;;;ITEM_BRANCH_RECORDS
27000146;CA;26;8;SUDMILK;;;;ITEM_BRANCH_RECORDS
27000147;CA;24;20;STE HEDI JELASSI DISTRIBUTION NORD;;;;ITEM_BRANCH_RECORDS
27000148;CA;8;1;SOCIETE IDEAL DISTRIBUTION SFAX;;;;ITEM_BRANCH_RECORDS
27000149;CA;20;11;SOCIETE EL HOUDA DISTRIBUTION;;;;ITEM_BRANCH_RECORDS
27000150;CA;24;9;ARMES COM;;;;ITEM_BRANCH_RECORDS
27000151;CA;11;2;SOCIETE TAHA DISTRIBUTION DE SUD;;;;ITEM_BRANCH_RECORDS
27000152;CA;7;0;STE AL AKREM DE COMM ET DISTRI EN GROS;;;;ITEM_BRANCH_RECORDS
27000153;CA;28;4;STE BECHIR ETTAIEB DE COMMERCE;;;;ITEM_BRANCH_RECORDS
27000154;CA;2;0;SUDMILK;;;;ITEM_BRANCH_RECORDS
27000155;CA;2;1;STE HEDI JELASSI DISTRIBUTION NORD;;;;ITEM_BRANCH_RECORDS
27000156;CA;12;7;SOCIETE IDEAL DISTRIBUTION SFAX;;;;ITEM_BRANCH_RECORDS
27000157;CA;11;4;SOCIETE EL HOUDA DISTRIBUTION;;;;ITEM_BRANCH_RECORDS
27000158;CA;30;0;ARMES COM;;;;ITEM_BRANCH_RECORDS
27000159;CA;7;2;SOCIETE TAHA DISTRIBUTION DE SUD;;;;ITEM_BRANCH_RECORDS
27000160;CA;22;13;STE AL AKREM DE COMM ET DISTRI EN GROS;;;;ITEM_BRANCH_RECORDS
27000161;CA;29;23;STE BECHIR ETTAIEB DE COMMERCE;;;;ITEM_BRANCH_RECORDS
27000162;CA;27;15;SUDMILK;;;;ITEM_BRANCH_RECORDS
27000163;CA;2;0;STE HEDI JELASSI DISTRIBUTION NORD;;;;ITEM_BRANCH_RECORDS
27000164;CA;7;1;SOCIETE IDEAL DISTRIBUTION SFAX;;;;ITEM_BRANCH_RECORDS
27000165;CA;18;8;SOCIETE EL HOUDA DISTRIBUTION;;;;ITEM_BRANCH_RECORDS
27000166;CA;23;4;ARMES COM;;;;ITEM_BRANCH_RECORDS
27000167;CA;17;7;SOCIETE TAHA DISTRIBUTION DE SUD;;;;ITEM_BRANCH_RECORDS
27000168;CA;14;2;STE AL AKREM DE COMM ET DISTRI EN GROS;;;;ITEM_BRANCH_RECORDS
27000169;CA;9;8;STE BECHIR ETTAIEB DE COMMERCE;;;;ITEM_BRANCH_RECORDS
27000170;CA;16;1;SUDMILK;;;;ITEM_BRANCH_RECORDS
27000171;CA;14;12;STE HEDI JELASSI DISTRIBUTION NORD;;;;ITEM_BRANCH_RECORDS
27000172;CA;12;0;SOCIETE IDEAL DISTRIBUTION SFAX;;;;ITEM_BRANCH_RECORDS
27000173;CA;10;7;SOCIETE EL HOUDA DISTRIBUTION;;;;ITEM_BRANCH_RECORDS
27000174;CA;3;0;ARMES COM;;;;ITEM_BRANCH_RECORDS
27000175;CA;2;1;SOCIETE TAHA DISTRIBUTION DE SUD;;;;ITEM_BRANCH_RECORDS
27000176;CA;22;13;STE AL AKREM DE COMM ET DISTRI EN GROS;;;;ITEM_BRANCH_RECORDS
27000177;CA;20;1;STE BECHIR ETTAIEB DE COMMERCE;;;;ITEM_BRANCH_RECORDS
27000178;CA;27;5;SUDMILK;;;;ITEM_BRANCH_RECORDS
27000179;CA;14;5;STE HEDI JELASSI DISTRIBUTION NORD;;;;ITEM_BRANCH_RECORDS
27000180;CA;4;2;SOCIETE IDEAL DISTRIBUTION SFAX;;;;ITEM_BRANCH_RECORDS
27000181;CA;24;6;SOCIETE EL HOUDA DISTRIBUTION;;;;ITEM_BRANCH_RECORDS
27000182;CA;5;2;ARMES COM;;;;ITEM_BRANCH_RECORDS
27000183;CA;15;3;SOCIETE TAHA DISTRIBUTION DE SUD;;;;ITEM_BRANCH_RECORDS
27000184;CA;11;3;STE AL AKREM DE COMM ET DISTRI EN GROS;;;;ITEM_BRANCH_RECORDS
27000185;CA;7;5;STE BECHIR ETTAIEB DE COMMERCE;;;;ITEM_BRANCH_RECORDS
27000186;CA;29;13;SUDMILK;;;;ITEM_BRANCH_RECORDS
27000187;CA;25;2;STE HEDI JELASSI DISTRIBUTION NORD;;;;ITEM_BRANCH_RECORDS
27000188;CA;2;1;SOCIETE IDEAL DISTRIBUTION SFAX;;;;ITEM_BRANCH_RECORDS
27000189;CA;21;7;SOCIETE EL HOUDA DISTRIBUTION;;;;ITEM_BRANCH_RECORDS
27000190;CA;15;6;ARMES COM;;;;ITEM_BRANCH_RECORDS
27000191;CA;30;22;SOCIETE TAHA DISTRIBUTION DE SUD;;;;ITEM_BRANCH_RECORDS
27000192;CA;3;1;STE AL AKREM DE COMM ET DISTRI EN GROS;;;;ITEM_BRANCH_RECORDS
27000193;CA;27;13;STE BECHIR ETTAIEB DE COMMERCE;;;;ITEM_BRANCH_RECORDS
27000194;CA;8;5;SUDMILK;;;;ITEM_BRANCH_RECORDS
27000195;CA;12;8;STE HEDI JELASSI DISTRIBUTION NORD;;;;ITEM_BRANCH_RECORDS
27000196;CA;23;7;SOCIETE IDEAL DISTRIBUTION SFAX;;;;ITEM_BRANCH_RECORDS
27000197;CA;25;24;SOCIETE EL HOUDA DISTRIBUTION;;;;ITEM_BRANCH_RECORDS
27000198;CA;7;1;ARMES COM;;;;ITEM_BRANCH_RECORDS
27000199;CA;29;15;SOCIETE TAHA DISTRIBUTION DE SUD;;;;ITEM_BRANCH_RECORDS
27000200;CA;4;1;STE AL AKREM DE COMM ET DISTRI EN GROS;;;;ITEM_BRANCH_RECORDS
27000201;CA;5;0;STE BECHIR ETTAIEB DE COMMERCE;;;;ITEM_BRANCH_RECORDS
27000202;CA;26;13;SUDMILK;;;;ITEM_BRANCH_RECORDS
27000203;CA;28;12;STE HEDI JELASSI DISTRIBUTION NORD;;;;ITEM_BRANCH_RECORDS
27000204;CA;17;15;SOCIETE IDEAL DISTRIBUTION SFAX;;;;ITEM_BRANCH_RECORDS
27000205;CA;29;13;SOCIETE EL HOUDA DISTRIBUTION;;;;ITEM_BRANCH_RECORDS
27000206;CA;2;0;ARMES COM;;;;ITEM_BRANCH_RECORDS
27000207;CA;28;4;SOCIETE TAHA DISTRIBUTION DE SUD;;;;ITEM_BRANCH_RECORDS
27000208;CA;24;8;STE AL AKREM DE COMM ET DISTRI EN GROS;;;;ITEM_BRANCH_RECORDS
27000209;CA;25;12;STE BECHIR ETTAIEB DE COMMERCE;;;;ITEM_BRANCH_RECORDS
27000210;CA;23;17;SUDMILK;;;;ITEM_BRANCH_RECORDS
27000211;CA;22;0;STE HEDI JELASSI DISTRIBUTION NORD;;;;ITEM_BRANCH_RECORDS
27000212;CA;9;0;SOCIETE IDEAL DISTRIBUTION SFAX;;;;ITEM_BRANCH_RECORDS
27000213;CA;18;12;SOCIETE EL HOUDA DISTRIBUTION;;;;ITEM_BRANCH_RECORDS
27000214;CA;12;2;ARMES COM;;;;ITEM_BRANCH_RECORDS
27000215;CA;27;25;SOCIETE TAHA DISTRIBUTION DE SUD;;;;ITEM_BRANCH_RECORDS
27000216;CA;13;10;STE AL AKREM DE COMM ET DISTRI EN GROS;;;;ITEM_BRANCH_RECORDS
27000217;CA;7;6;STE BECHIR ETTAIEB DE COMMERCE;;;;ITEM_BRANCH_RECORDS
27000218;CA;13;2;SUDMILK;;;;ITEM_BRANCH_RECORDS
27000219;CA;8;7;STE HEDI JELASSI DISTRIBUTION NORD;;;;ITEM_BRANCH_RECORDS
27000220;CA;23;19;SOCIETE IDEAL DISTRIBUTION SFAX;;;;ITEM_BRANCH_RECORDS
27000221;CA;8;0;SOCIETE EL HOUDA DISTRIBUTION;;;;ITEM_BRANCH_RECORDS
27000222;CA;17;8;ARMES COM;;;;ITEM_BRANCH_RECORDS
27000223;CA;14;12;SOCIETE TAHA DISTRIBUTION DE SUD;;;;ITEM_BRANCH_RECORDS
27000224;CA;10;4;STE AL AKREM DE COMM ET DISTRI EN GROS;;;;ITEM_BRANCH_RECORDS
27000225;CA;19;15;STE BECHIR ETTAIEB DE COMMERCE;;;;ITEM_BRANCH_RECORDS
27000226;CA;16;8;SUDMILK;;;;ITEM_BRANCH_RECORDS
27000227;CA;28;20;STE HEDI JELASSI DISTRIBUTION NORD;;;;ITEM_BRANCH_RECORDS
27000228;CA;24;1;SOCIETE IDEAL DISTRIBUTION SFAX;;;;ITEM_BRANCH_RECORDS
27000229;CA;2;1;SOCIETE EL HOUDA DISTRIBUTION;;;;ITEM_BRANCH_RECORDS
27000230;CA;7;5;ARMES COM;;;;ITEM_BRANCH_RECORDS
27000231;CA;8;3;SOCIETE TAHA DISTRIBUTION DE SUD;;;;ITEM_BRANCH_RECORDS
27000232;CA;29;23;STE AL AKREM DE COMM ET DISTRI EN GROS;;;;ITEM_BRANCH_RECORDS
27000233;CA;12;4;STE BECHIR ETTAIEB DE COMMERCE;;;;ITEM_BRANCH_RECORDS
27000234;CA;5;2;SUDMILK;;;;ITEM_BRANCH_RECORDS
27000235;CA;18;10;STE HEDI JELASSI DISTRIBUTION NORD;;;;ITEM_BRANCH_RECORDS
27000236;CA;7;3;SOCIETE IDEAL DISTRIBUTION SFAX;;;;ITEM_BRANCH_RECORDS
27000237;CA;24;14;SOCIETE EL HOUDA DISTRIBUTION;;;;ITEM_BRANCH_RECORDS
27000238;CA;2;0;ARMES COM;;;;ITEM_BRANCH_RECORDS
27000239;CA;16;15;SOCIETE TAHA DISTRIBUTION DE SUD;;;;ITEM_BRANCH_RECORDS
27000240;CA;22;16;STE AL AKREM DE COMM ET DISTRI EN GROS;;;;ITEM_BRANCH_RECORDS
27000241;CS;23;23;MOHAMED AMINE MARAOUI SFAX 2;;;;INACTIVE_CUSTOMER
27000242;CS;18;18;SOCIETE LACTO DISTRIBUTION;;;;INACTIVE_CUSTOMER
27000243;CS;25;25;STE FRERES AYADI DISTRIBUTION NORD OUEST;;;;INACTIVE_CUSTOMER
27000244;CS;28;28;STE GENERAL DE DISTRIBUTION;;;;INACTIVE_CUSTOMER
27000245;CS;18;18;STE NOUR DISTRIBUTION CENTRALE;;;;INACTIVE_CUSTOMER
27000246;CS;30;30;SOCIETE OMNI COMMERCE ET DISTRIBUTION;;;;INACTIVE_CUSTOMER
27000247;CS;8;8;STE LES FRERES MANSOUR DISTRIBUTION;;;;INACTIVE_CUSTOMER
27000248;CS;6;6;SOCIETE ATLAS LAIT DISTRIBUTION;;;;INACTIVE_CUSTOMER
27000249;CS;6;6;STE KARIM BEN SALAH COMMERCE;;;;INACTIVE_CUSTOMER
27000250;CS;5;5;SOCIETE MEDITERRANEE PRODUITS LAITIERS;;;;INACTIVE_CUSTOMER
27000251;CS;22;22;SOCIETE UNION DES GROSSISTES TUNIS;;;;INACTIVE_CUSTOMER
27000252;CS;4;4;STE SALAH HAMROUNI COMMERCE EN GROS;;;;INACTIVE_CUSTOMER
27000253;CS;15;15;STE MOHAMED TRABELSI DISTRIBUTION SUD;;;;INACTIVE_CUSTOMER
27000254;CS;5;5;MOHAMED AMINE MARAOUI SFAX 2;;;;INACTIVE_CUSTOMER
27000255;CS;29;29;SOCIETE LACTO DISTRIBUTION;;;;INACTIVE_CUSTOMER
27000256;CS;26;26;STE FRERES AYADI DISTRIBUTION NORD OUEST;;;;INACTIVE_CUSTOMER
27000257;CS;20;20;STE GENERAL DE DISTRIBUTION;;;;INACTIVE_CUSTOMER
27000258;CS;27;27;STE NOUR DISTRIBUTION CENTRALE;;;;INACTIVE_CUSTOMER
27000259;CS;17;17;SOCIETE OMNI COMMERCE ET DISTRIBUTION;;;;INACTIVE_CUSTOMER
27000260;CS;11;11;STE LES FRERES MANSOUR DISTRIBUTION;;;;INACTIVE_CUSTOMER
27000261;CS;12;12;SOCIETE ATLAS LAIT DISTRIBUTION;;;;INACTIVE_CUSTOMER
27000262;CS;16;16;STE KARIM BEN SALAH COMMERCE;;;;INACTIVE_CUSTOMER
27000263;CS;18;18;SOCIETE MEDITERRANEE PRODUITS LAITIERS;;;;INACTIVE_CUSTOMER
27000264;CS;10;10;SOCIETE UNION DES GROSSISTES TUNIS;;;;INACTIVE_CUSTOMER
27000265;CS;28;28;STE SALAH HAMROUNI COMMERCE EN GROS;;;;INACTIVE_CUSTOMER
27000266;CS;19;19;STE MOHAMED TRABELSI DISTRIBUTION SUD;;;;INACTIVE_CUSTOMER
27000267;CS;30;30;MOHAMED AMINE MARAOUI SFAX 2;;;;INACTIVE_CUSTOMER
27000268;CS;11;11;SOCIETE LACTO DISTRIBUTION;;;;INACTIVE_CUSTOMER
27000269;CS;23;23;STE FRERES AYADI DISTRIBUTION NORD OUEST;;;;INACTIVE_CUSTOMER
27000270;CS;6;6;STE GENERAL DE DISTRIBUTION;;;;INACTIVE_CUSTOMER
27000271;CS;17;17;STE NOUR DISTRIBUTION CENTRALE;;;;INACTIVE_CUSTOMER
27000272;CS;19;19;SOCIETE OMNI COMMERCE ET DISTRIBUTION;;;;INACTIVE_CUSTOMER
27000273;CS;21;21;STE LES FRERES MANSOUR DISTRIBUTION;;;;INACTIVE_CUSTOMER
27000274;CS;6;6;SOCIETE ATLAS LAIT DISTRIBUTION;;;;INACTIVE_CUSTOMER
27000275;CS;8;8;STE KARIM BEN SALAH COMMERCE;;;;INACTIVE_CUSTOMER
27000276;CS;1;1;SOCIETE MEDITERRANEE PRODUITS LAITIERS;;;;INACTIVE_CUSTOMER
27000277;CS;5;5;SOCIETE UNION DES GROSSISTES TUNIS;;;;INACTIVE_CUSTOMER
27000278;CS;22;22;STE SALAH HAMROUNI COMMERCE EN GROS;;;;INACTIVE_CUSTOMER
27000279;CS;15;15;STE MOHAMED TRABELSI DISTRIBUTION SUD;;;;INACTIVE_CUSTOMER
27000280;CS;4;4;MOHAMED AMINE MARAOUI SFAX 2;;;;INACTIVE_CUSTOMER
27000281;CS;29;29;SOCIETE LACTO DISTRIBUTION;;;;INACTIVE_CUSTOMER
27000282;CS;30;30;STE FRERES AYADI DISTRIBUTION NORD OUEST;;;;INACTIVE_CUSTOMER
27000283;CS;8;8;STE GENERAL DE DISTRIBUTION;;;;INACTIVE_CUSTOMER
27000284;CS;16;16;STE NOUR DISTRIBUTION CENTRALE;;;;INACTIVE_CUSTOMER
27000285;CS;12;12;SOCIETE OMNI COMMERCE ET DISTRIBUTION;;;;INACTIVE_CUSTOMER
27000286;CS;7;7;STE LES FRERES MANSOUR DISTRIBUTION;;;;INACTIVE_CUSTOMER
27000287;CS;10;10;SOCIETE ATLAS LAIT DISTRIBUTION;;;;INACTIVE_CUSTOMER
27000288;CS;4;4;STE KARIM BEN SALAH COMMERCE;;;;INACTIVE_CUSTOMER
27000289;CS;23;23;SOCIETE MEDITERRANEE PRODUITS LAITIERS;;;;INACTIVE_CUSTOMER
27000290;CS;7;7;SOCIETE UNION DES GROSSISTES TUNIS;;;;INACTIVE_CUSTOMER
27000291;CS;17;17;STE SALAH HAMROUNI COMMERCE EN GROS;;;;INACTIVE_CUSTOMER
27000292;CS;9;9;STE MOHAMED TRABELSI DISTRIBUTION SUD;;;;INACTIVE_CUSTOMER
27000293;CS;30;30;MOHAMED AMINE MARAOUI SFAX 2;;;;INACTIVE_CUSTOMER
27000294;CS;4;4;SOCIETE LACTO DISTRIBUTION;;;;INACTIVE_CUSTOMER
27000295;CS;5;5;STE FRERES AYADI DISTRIBUTION NORD OUEST;;;;INACTIVE_CUSTOMER
27000296;CS;19;19;STE GENERAL DE DISTRIBUTION;;;;INACTIVE_CUSTOMER
27000297;CS;11;11;STE NOUR DISTRIBUTION CENTRALE;;;;INACTIVE_CUSTOMER
27000298;CS;26;26;SOCIETE OMNI COMMERCE ET DISTRIBUTION;;;;INACTIVE_CUSTOMER
27000299;CS;3;3;STE LES FRERES MANSOUR DISTRIBUTION;;;;INACTIVE_CUSTOMER
27000300;CS;9;9;SOCIETE ATLAS LAIT DISTRIBUTION;;;;INACTIVE_CUSTOMER
27000301;CS;5;5;STE KARIM BEN SALAH COMMERCE;;;;INACTIVE_CUSTOMER
27000302;CS;8;8;SOCIETE MEDITERRANEE PRODUITS LAITIERS;;;;INACTIVE_CUSTOMER
27000303;CS;16;16;SOCIETE UNION DES GROSSISTES TUNIS;;;;INACTIVE_CUSTOMER
27000304;CS;1;1;STE SALAH HAMROUNI COMMERCE EN GROS;;;;INACTIVE_CUSTOMER
27000305;CS;19;19;STE MOHAMED TRABELSI DISTRIBUTION SUD;;;;INACTIVE_CUSTOMER
27000306;CS;28;28;MOHAMED AMINE MARAOUI SFAX 2;;;;INACTIVE_CUSTOMER
27000307;CS;13;13;SOCIETE LACTO DISTRIBUTION;;;;INACTIVE_CUSTOMER
27000308;CS;26;26;STE FRERES AYADI DISTRIBUTION NORD OUEST;;;;INACTIVE_CUSTOMER
27000309;CS;15;15;STE GENERAL DE DISTRIBUTION;;;;INACTIVE_CUSTOMER
27000310;CS;26;26;STE NOUR DISTRIBUTION CENTRALE;;;;INACTIVE_CUSTOMER
27000311;CS;4;4;SOCIETE OMNI COMMERCE ET DISTRIBUTION;;;;INACTIVE_CUSTOMER
27000312;CS;19;19;STE LES FRERES MANSOUR DISTRIBUTION;;;;INACTIVE_CUSTOMER
27000313;CS;16;16;SOCIETE ATLAS LAIT DISTRIBUTION;;;;INACTIVE_CUSTOMER
27000314;CS;21;21;STE KARIM BEN SALAH COMMERCE;;;;INACTIVE_CUSTOMER
27000315;CS;18;18;SOCIETE MEDITERRANEE PRODUITS LAITIERS;;;;INACTIVE_CUSTOMER
27000316;CS;5;5;SOCIETE UNION DES GROSSISTES TUNIS;;;;INACTIVE_CUSTOMER
27000317;CS;5;5;STE SALAH HAMROUNI COMMERCE EN GROS;;;;INACTIVE_CUSTOMER
27000318;CS;24;24;STE MOHAMED TRABELSI DISTRIBUTION SUD;;;;INACTIVE_CUSTOMER
27000319;CS;22;22;MOHAMED AMINE MARAOUI SFAX 2;;;;INACTIVE_CUSTOMER
27000320;CS;22;22;SOCIETE LACTO DISTRIBUTION;;;;INACTIVE_CUSTOMER
27000321;CS;8;8;STE FRERES AYADI DISTRIBUTION NORD OUEST;;;;INACTIVE_CUSTOMER
27000322;CS;8;8;STE GENERAL DE DISTRIBUTION;;;;INACTIVE_CUSTOMER
27000323;CS;18;18;STE NOUR DISTRIBUTION CENTRALE;;;;INACTIVE_CUSTOMER
27000324;CS;8;8;SOCIETE OMNI COMMERCE ET DISTRIBUTION;;;;INACTIVE_CUSTOMER
27000325;CS;8;8;STE LES FRERES MANSOUR DISTRIBUTION;;;;INACTIVE_CUSTOMER
27000326;CS;11;11;SOCIETE ATLAS LAIT DISTRIBUTION;;;;INACTIVE_CUSTOMER
27000327;CS;19;19;STE KARIM BEN SALAH COMMERCE;;;;INACTIVE_CUSTOMER
27000328;CS;26;26;SOCIETE MEDITERRANEE PRODUITS LAITIERS;;;;INACTIVE_CUSTOMER
27000329;CS;12;12;SOCIETE UNION DES GROSSISTES TUNIS;;;;INACTIVE_CUSTOMER
27000330;CS;12;12;STE SALAH HAMROUNI COMMERCE EN GROS;;;;INACTIVE_CUSTOMER
27000331;CS;28;28;STE MOHAMED TRABELSI DISTRIBUTION SUD;;;;INACTIVE_CUSTOMER
27000332;CS;21;21;MOHAMED AMINE MARAOUI SFAX 2;;;;INACTIVE_CUSTOMER
27000333;CS;27;27;SOCIETE LACTO DISTRIBUTION;;;;INACTIVE_CUSTOMER
27000334;CS;13;13;STE FRERES AYADI DISTRIBUTION NORD OUEST;;;;INACTIVE_CUSTOMER
27000335;CS;26;26;STE GENERAL DE DISTRIBUTION;;;;INACTIVE_CUSTOMER
27000336;CS;25;25;STE NOUR DISTRIBUTION CENTRALE;;;;INACTIVE_CUSTOMER
27000337;CS;12;12;SOCIETE OMNI COMMERCE ET DISTRIBUTION;;;;INACTIVE_CUSTOMER
27000338;CS;25;25;STE LES FRERES MANSOUR DISTRIBUTION;;;;INACTIVE_CUSTOMER
27000339;CS;13;13;SOCIETE ATLAS LAIT DISTRIBUTION;;;;INACTIVE_CUSTOMER
27000340;CS;4;4;STE KARIM BEN SALAH COMMERCE;;;;INACTIVE_CUSTOMER
27000341;CS;14;14;SOCIETE MEDITERRANEE PRODUITS LAITIERS;;;;INACTIVE_CUSTOMER
27000342;CS;6;6;SOCIETE UNION DES GROSSISTES TUNIS;;;;INACTIVE_CUSTOMER
27000343;CS;13;13;STE SALAH HAMROUNI COMMERCE EN GROS;;;;INACTIVE_CUSTOMER
27000344;CS;9;9;STE MOHAMED TRABELSI DISTRIBUTION SUD;;;;INACTIVE_CUSTOMER
27000345;CS;21;21;MOHAMED AMINE MARAOUI SFAX 2;;;;INACTIVE_CUSTOMER
27000346;CS;25;25;SOCIETE LACTO DISTRIBUTION;;;;INACTIVE_CUSTOMER
27000347;CS;4;4;STE FRERES AYADI DISTRIBUTION NORD OUEST;;;;INACTIVE_CUSTOMER
27000348;CS;7;7;STE GENERAL DE DISTRIBUTION;;;;INACTIVE_CUSTOMER
27000349;CS;3;3;STE NOUR DISTRIBUTION CENTRALE;;;;INACTIVE_CUSTOMER
27000350;CS;25;25;SOCIETE OMNI COMMERCE ET DISTRIBUTION;;;;INACTIVE_CUSTOMER
27000351;CS;7;7;STE LES FRERES MANSOUR DISTRIBUTION;;;;INACTIVE_CUSTOMER
27000352;CS;17;17;SOCIETE ATLAS LAIT DISTRIBUTION;;;;INACTIVE_CUSTOMER
27000353;CS;14;14;STE KARIM BEN SALAH COMMERCE;;;;INACTIVE_CUSTOMER
27000354;CS;12;12;SOCIETE MEDITERRANEE PRODUITS LAITIERS;;;;INACTIVE_CUSTOMER
27000355;CS;3;3;SOCIETE UNION DES GROSSISTES TUNIS;;;;INACTIVE_CUSTOMER
27000356;CS;27;27;STE SALAH HAMROUNI COMMERCE EN GROS;;;;INACTIVE_CUSTOMER
27000357;CS;9;9;STE MOHAMED TRABELSI DISTRIBUTION SUD;;;;INACTIVE_CUSTOMER
27000358;CS;28;28;MOHAMED AMINE MARAOUI SFAX 2;;;;INACTIVE_CUSTOMER
27000359;CS;4;4;SOCIETE LACTO DISTRIBUTION;;;;INACTIVE_CUSTOMER
27000360;CS;15;15;STE FRERES AYADI DISTRIBUTION NORD OUEST;;;;INACTIVE_CUSTOMER
27000361;CO;17;17;ARMES COM;0;125275;620;PROBLEME_DATE_CMD
27000362;CS;30;30;SOCIETE TAHA DISTRIBUTION DE SUD;0;125276;580;PROBLEME_DATE_CMD
27000363;SO;25;25;STE AL AKREM DE COMM ET DISTRI EN GROS;0;125277;620;PROBLEME_DATE_CMD
27000364;CO;7;7;STE BECHIR ETTAIEB DE COMMERCE;0;125278;580;PROBLEME_DATE_CMD
27000365;CS;19;19;SUDMILK;0;125279;620;PROBLEME_DATE_CMD
27000366;SO;6;6;STE HEDI JELASSI DISTRIBUTION NORD;0;125280;580;PROBLEME_DATE_CMD
27000367;CO;15;15;SOCIETE IDEAL DISTRIBUTION SFAX;0;125281;620;PROBLEME_DATE_CMD
27000368;CS;22;22;SOCIETE EL HOUDA DISTRIBUTION;0;125282;580;PROBLEME_DATE_CMD
27000369;SO;4;4;ARMES COM;0;125283;620;PROBLEME_DATE_CMD
27000370;CO;7;7;SOCIETE TAHA DISTRIBUTION DE SUD;0;125284;580;PROBLEME_DATE_CMD
27000371;CS;9;9;STE AL AKREM DE COMM ET DISTRI EN GROS;0;125275;620;PROBLEME_DATE_CMD
27000372;SO;14;14;STE BECHIR ETTAIEB DE COMMERCE;0;125276;580;PROBLEME_DATE_CMD
27000373;CO;22;22;SUDMILK;0;125277;620;PROBLEME_DATE_CMD
27000374;CS;19;19;STE HEDI JELASSI DISTRIBUTION NORD;0;125278;580;PROBLEME_DATE_CMD
27000375;SO;16;16;SOCIETE IDEAL DISTRIBUTION SFAX;0;125279;620;PROBLEME_DATE_CMD
27000376;CO;12;12;SOCIETE EL HOUDA DISTRIBUTION;0;125280;580;PROBLEME_DATE_CMD
27000377;CS;7;7;ARMES COM;0;125281;620;PROBLEME_DATE_CMD
27000378;SO;22;22;SOCIETE TAHA DISTRIBUTION DE SUD;0;125282;580;PROBLEME_DATE_CMD
27000379;CO;7;7;STE AL AKREM DE COMM ET DISTRI EN GROS;0;125283;620;PROBLEME_DATE_CMD
27000380;CS;16;16;STE BECHIR ETTAIEB DE COMMERCE;0;125284;580;PROBLEME_DATE_CMD
27000381;SO;17;17;SUDMILK;0;125275;620;PROBLEME_DATE_CMD
27000382;CO;25;25;STE HEDI JELASSI DISTRIBUTION NORD;0;125276;580;PROBLEME_DATE_CMD
27000383;CS;14;14;SOCIETE IDEAL DISTRIBUTION SFAX;0;125277;620;PROBLEME_DATE_CMD
27000384;SO;4;4;SOCIETE EL HOUDA DISTRIBUTION;0;125278;580;PROBLEME_DATE_CMD
27000385;CO;29;29;ARMES COM;0;125279;620;PROBLEME_DATE_CMD
27000386;CS;2;2;SOCIETE TAHA DISTRIBUTION DE SUD;0;125280;580;PROBLEME_DATE_CMD
27000387;SO;15;15;STE AL AKREM DE COMM ET DISTRI EN GROS;0;125281;620;PROBLEME_DATE_CMD
27000388;CO;13;13;STE BECHIR ETTAIEB DE COMMERCE;0;125282;580;PROBLEME_DATE_CMD
27000389;CS;23;23;SUDMILK;0;125283;620;PROBLEME_DATE_CMD
27000390;SO;21;21;STE HEDI JELASSI DISTRIBUTION NORD;0;125284;580;PROBLEME_DATE_CMD
27000391;CO;5;5;SOCIETE IDEAL DISTRIBUTION SFAX;0;125275;620;PROBLEME_DATE_CMD
27000392;CS;22;22;SOCIETE EL HOUDA DISTRIBUTION;0;125276;580;PROBLEME_DATE_CMD
27000393;SO;21;21;ARMES COM;0;125277;620;PROBLEME_DATE_CMD
27000394;CO;25;25;SOCIETE TAHA DISTRIBUTION DE SUD;0;125278;580;PROBLEME_DATE_CMD
27000395;CS;11;11;STE AL AKREM DE COMM ET DISTRI EN GROS;0;125279;620;PROBLEME_DATE_CMD
27000396;SO;1;1;STE BECHIR ETTAIEB DE COMMERCE;0;125280;580;PROBLEME_DATE_CMD
27000397;CO;2;2;SUDMILK;0;125281;620;PROBLEME_DATE_CMD
27000398;CS;30;30;STE HEDI JELASSI DISTRIBUTION NORD;0;125282;580;PROBLEME_DATE_CMD
27000399;SO;19;19;SOCIETE IDEAL DISTRIBUTION SFAX;0;125283;620;PROBLEME_DATE_CMD
27000400;CO;18;18;SOCIETE EL HOUDA DISTRIBUTION;0;125284;580;PROBLEME_DATE_CMD
27000401;CS;10;10;ARMES COM;0;125275;620;PROBLEME_DATE_CMD
27000402;SO;5;5;SOCIETE TAHA DISTRIBUTION DE SUD;0;125276;580;PROBLEME_DATE_CMD
27000403;CO;24;24;STE AL AKREM DE COMM ET DISTRI EN GROS;0;125277;620;PROBLEME_DATE_CMD
27000404;CS;29;29;STE BECHIR ETTAIEB DE COMMERCE;0;125278;580;PROBLEME_DATE_CMD
27000405;SO;13;13;SUDMILK;0;125279;620;PROBLEME_DATE_CMD
27000406;CO;11;11;STE HEDI JELASSI DISTRIBUTION NORD;0;125280;580;PROBLEME_DATE_CMD
27000407;CS;18;18;SOCIETE IDEAL DISTRIBUTION SFAX;0;125281;620;PROBLEME_DATE_CMD
27000408;SO;22;22;SOCIETE EL HOUDA DISTRIBUTION;0;125282;580;PROBLEME_DATE_CMD
27000409;CO;9;9;ARMES COM;0;125283;620;PROBLEME_DATE_CMD
27000410;CS;2;2;SOCIETE TAHA DISTRIBUTION DE SUD;0;125284;580;PROBLEME_DATE_CMD
27000411;SO;25;25;STE AL AKREM DE COMM ET DISTRI EN GROS;0;125275;620;PROBLEME_DATE_CMD
27000412;CO;16;16;STE BECHIR ETTAIEB DE COMMERCE;0;125276;580;PROBLEME_DATE_CMD
27000413;CS;2;2;SUDMILK;0;125277;620;PROBLEME_DATE_CMD
27000414;SO;10;10;STE HEDI JELASSI DISTRIBUTION NORD;0;125278;580;PROBLEME_DATE_CMD
27000415;CO;28;28;SOCIETE IDEAL DISTRIBUTION SFAX;0;125279;620;PROBLEME_DATE_CMD
27000416;CS;2;2;SOCIETE EL HOUDA DISTRIBUTION;0;125280;580;PROBLEME_DATE_CMD
27000417;SO;19;19;ARMES COM;0;125281;620;PROBLEME_DATE_CMD
27000418;CO;19;19;SOCIETE TAHA DISTRIBUTION DE SUD;0;125282;580;PROBLEME_DATE_CMD
27000419;CS;22;22;STE AL AKREM DE COMM ET DISTRI EN GROS;0;125283;620;PROBLEME_DATE_CMD
27000420;SO;16;16;STE BECHIR ETTAIEB DE COMMERCE;0;125284;580;PROBLEME_DATE_CMD
27000421;CO;23;23;SUDMILK;0;125275;620;PROBLEME_DATE_CMD
27000422;CS;18;18;STE HEDI JELASSI DISTRIBUTION NORD;0;125276;580;PROBLEME_DATE_CMD
27000423;SO;24;24;SOCIETE IDEAL DISTRIBUTION SFAX;0;125277;620;PROBLEME_DATE_CMD
27000424;CO;22;22;SOCIETE EL HOUDA DISTRIBUTION;0;125278;580;PROBLEME_DATE_CMD
27000425;CS;24;24;ARMES COM;0;125279;620;PROBLEME_DATE_CMD
27000426;SO;10;10;SOCIETE TAHA DISTRIBUTION DE SUD;0;125280;580;PROBLEME_DATE_CMD
27000427;CO;29;29;STE AL AKREM DE COMM ET DISTRI EN GROS;0;125281;620;PROBLEME_DATE_CMD
27000428;CS;11;11;STE BECHIR ETTAIEB DE COMMERCE;0;125282;580;PROBLEME_DATE_CMD
27000429;SO;3;3;SUDMILK;0;125283;620;PROBLEME_DATE_CMD
27000430;CO;16;16;STE HEDI JELASSI DISTRIBUTION NORD;0;125284;580;PROBLEME_DATE_CMD
27000431;CS;29;29;SOCIETE IDEAL DISTRIBUTION SFAX;0;125275;620;PROBLEME_DATE_CMD
27000432;SO;9;9;SOCIETE EL HOUDA DISTRIBUTION;0;125276;580;PROBLEME_DATE_CMD
27000433;CO;13;13;ARMES COM;0;125277;620;PROBLEME_DATE_CMD
27000434;CS;18;18;SOCIETE TAHA DISTRIBUTION DE SUD;0;125278;580;PROBLEME_DATE_CMD
27000435;SO;20;20;STE AL AKREM DE COMM ET DISTRI EN GROS;0;125279;620;PROBLEME_DATE_CMD
27000436;CO;8;8;STE BECHIR ETTAIEB DE COMMERCE;0;125280;580;PROBLEME_DATE_CMD
27000437;CS;26;26;SUDMILK;0;125281;620;PROBLEME_DATE_CMD
27000438;SO;13;13;STE HEDI JELASSI DISTRIBUTION NORD;0;125282;580;PROBLEME_DATE_CMD
27000439;CO;28;28;SOCIETE IDEAL DISTRIBUTION SFAX;0;125283;620;PROBLEME_DATE_CMD
27000440;CS;26;26;SOCIETE EL HOUDA DISTRIBUTION;0;125284;580;PROBLEME_DATE_CMD
27000441;SO;11;11;ARMES COM;0;125275;620;PROBLEME_DATE_CMD
27000442;CO;7;7;SOCIETE TAHA DISTRIBUTION DE SUD;0;125276;580;PROBLEME_DATE_CMD
27000443;CS;20;20;STE AL AKREM DE COMM ET DISTRI EN GROS;0;125277;620;PROBLEME_DATE_CMD
27000444;SO;26;26;STE BECHIR ETTAIEB DE COMMERCE;0;125278;580;PROBLEME_DATE_CMD
27000445;CO;11;11;SUDMILK;0;125279;620;PROBLEME_DATE_CMD
27000446;CS;27;27;STE HEDI JELASSI DISTRIBUTION NORD;0;125280;580;PROBLEME_DATE_CMD
27000447;SO;26;26;SOCIETE IDEAL DISTRIBUTION SFAX;0;125281;620;PROBLEME_DATE_CMD
27000448;CO;24;24;SOCIETE EL HOUDA DISTRIBUTION;0;125282;580;PROBLEME_DATE_CMD
27000449;CS;4;4;ARMES COM;0;125283;620;PROBLEME_DATE_CMD
27000450;SO;16;16;SOCIETE TAHA DISTRIBUTION DE SUD;0;125284;580;PROBLEME_DATE_CMD
27000451;CO;25;25;STE AL AKREM DE COMM ET DISTRI EN GROS;0;125275;620;PROBLEME_DATE_CMD
27000452;CS;5;5;STE BECHIR ETTAIEB DE COMMERCE;0;125276;580;PROBLEME_DATE_CMD
27000453;SO;5;5;SUDMILK;0;125277;620;PROBLEME_DATE_CMD
27000454;CO;25;25;STE HEDI JELASSI DISTRIBUTION NORD;0;125278;580;PROBLEME_DATE_CMD
27000455;CS;18;18;SOCIETE IDEAL DISTRIBUTION SFAX;0;125279;620;PROBLEME_DATE_CMD
27000456;SO;13;13;SOCIETE EL HOUDA DISTRIBUTION;0;125280;580;PROBLEME_DATE_CMD
27000457;CO;13;13;ARMES COM;0;125281;620;PROBLEME_DATE_CMD
27000458;CS;18;18;SOCIETE TAHA DISTRIBUTION DE SUD;0;125282;580;PROBLEME_DATE_CMD
27000459;SO;9;9;STE AL AKREM DE COMM ET DISTRI EN GROS;0;125283;620;PROBLEME_DATE_CMD
27000460;CO;10;10;STE BECHIR ETTAIEB DE COMMERCE;0;125284;580;PROBLEME_DATE_CMD
27000461;CS;18;18;SUDMILK;0;125275;620;PROBLEME_DATE_CMD
27000462;SO;8;8;STE HEDI JELASSI DISTRIBUTION NORD;0;125276;580;PROBLEME_DATE_CMD
27000463;CO;3;3;SOCIETE IDEAL DISTRIBUTION SFAX;0;125277;620;PROBLEME_DATE_CMD
27000464;CS;3;3;SOCIETE EL HOUDA DISTRIBUTION;0;125278;580;PROBLEME_DATE_CMD
27000465;SO;28;28;ARMES COM;0;125279;620;PROBLEME_DATE_CMD
27000466;CO;18;18;SOCIETE TAHA DISTRIBUTION DE SUD;0;125280;580;PROBLEME_DATE_CMD
27000467;CS;12;12;STE AL AKREM DE COMM ET DISTRI EN GROS;0;125281;620;PROBLEME_DATE_CMD
27000468;SO;17;17;STE BECHIR ETTAIEB DE COMMERCE;0;125282;580;PROBLEME_DATE_CMD
27000469;CO;19;19;SUDMILK;0;125283;620;PROBLEME_DATE_CMD
27000470;CS;21;21;STE HEDI JELASSI DISTRIBUTION NORD;0;125284;580;PROBLEME_DATE_CMD
27000471;SO;29;29;SOCIETE IDEAL DISTRIBUTION SFAX;0;125275;620;PROBLEME_DATE_CMD
27000472;CO;1;1;SOCIETE EL HOUDA DISTRIBUTION;0;125276;580;PROBLEME_DATE_CMD
27000473;CS;4;4;ARMES COM;0;125277;620;PROBLEME_DATE_CMD
27000474;SO;6;6;SOCIETE TAHA DISTRIBUTION DE SUD;0;125278;580;PROBLEME_DATE_CMD
27000475;CO;25;25;STE AL AKREM DE COMM ET DISTRI EN GROS;0;125279;620;PROBLEME_DATE_CMD
27000476;CS;20;20;STE BECHIR ETTAIEB DE COMMERCE;0;125280;580;PROBLEME_DATE_CMD
27000477;SO;28;28;SUDMILK;0;125281;620;PROBLEME_DATE_CMD
27000478;CO;15;15;STE HEDI JELASSI DISTRIBUTION NORD;0;125282;580;PROBLEME_DATE_CMD
27000479;CS;13;13;SOCIETE IDEAL DISTRIBUTION SFAX;0;125283;620;PROBLEME_DATE_CMD
27000480;SO;25;25;SOCIETE EL HOUDA DISTRIBUTION;0;125284;580;PROBLEME_DATE_CMD
27000481;CA;24;1;ARMES COM;;;;ITEM_IS_OBSOLETE
27000482;CA;22;17;SOCIETE TAHA DISTRIBUTION DE SUD;;;;ITEM_IS_OBSOLETE
27000483;CA;20;3;STE AL AKREM DE COMM ET DISTRI EN GROS;;;;ITEM_IS_OBSOLETE
27000484;CA;4;3;STE BECHIR ETTAIEB DE COMMERCE;;;;ITEM_IS_OBSOLETE
27000485;CA;27;10;SUDMILK;;;;ITEM_IS_OBSOLETE
27000486;CA;22;13;STE HEDI JELASSI DISTRIBUTION NORD;;;;ITEM_IS_OBSOLETE
27000487;CA;18;15;SOCIETE IDEAL DISTRIBUTION SFAX;;;;ITEM_IS_OBSOLETE
27000488;CA;9;7;SOCIETE EL HOUDA DISTRIBUTION;;;;ITEM_IS_OBSOLETE
27000489;CA;18;8;ARMES COM;;;;ITEM_IS_OBSOLETE
27000490;CA;22;17;SOCIETE TAHA DISTRIBUTION DE SUD;;;;ITEM_IS_OBSOLETE
27000491;CA;6;0;STE AL AKREM DE COMM ET DISTRI EN GROS;;;;ITEM_IS_OBSOLETE
27000492;CA;3;2;STE BECHIR ETTAIEB DE COMMERCE;;;;ITEM_IS_OBSOLETE
27000493;CA;9;4;SUDMILK;;;;ITEM_IS_OBSOLETE
27000494;CA;6;1;STE HEDI JELASSI DISTRIBUTION NORD;;;;ITEM_IS_OBSOLETE
27000495;CA;11;0;SOCIETE IDEAL DISTRIBUTION SFAX;;;;ITEM_IS_OBSOLETE
27000496;CA;20;5;SOCIETE EL HOUDA DISTRIBUTION;;;;ITEM_IS_OBSOLETE
27000497;CA;5;1;ARMES COM;;;;ITEM_IS_OBSOLETE
27000498;CA;21;1;SOCIETE TAHA DISTRIBUTION DE SUD;;;;ITEM_IS_OBSOLETE
27000499;CA;30;23;STE AL AKREM DE COMM ET DISTRI EN GROS;;;;ITEM_IS_OBSOLETE
27000500;CA;16;14;STE BECHIR ETTAIEB DE COMMERCE;;;;ITEM_IS_OBSOLETE
27000501;CA;26;16;SUDMILK;;;;ITEM_IS_OBSOLETE
27000502;CA;12;5;STE HEDI JELASSI DISTRIBUTION NORD;;;;ITEM_IS_OBSOLETE
27000503;CA;14;0;SOCIETE IDEAL DISTRIBUTION SFAX;;;;ITEM_IS_OBSOLETE
27000504;CA;23;18;SOCIETE EL HOUDA DISTRIBUTION;;;;ITEM_IS_OBSOLETE
27000505;CA;22;16;ARMES COM;;;;ITEM_IS_OBSOLETE
27000506;CA;22;6;SOCIETE TAHA DISTRIBUTION DE SUD;;;;ITEM_IS_OBSOLETE
27000507;CA;16;11;STE AL AKREM DE COMM ET DISTRI EN GROS;;;;ITEM_IS_OBSOLETE
27000508;CA;22;3;STE BECHIR ETTAIEB DE COMMERCE;;;;ITEM_IS_OBSOLETE
27000509;CA;3;0;SUDMILK;;;;ITEM_IS_OBSOLETE
27000510;CA;29;2;STE HEDI JELASSI DISTRIBUTION NORD;;;;ITEM_IS_OBSOLETE
27000511;CA;19;5;SOCIETE IDEAL DISTRIBUTION SFAX;;;;ITEM_IS_OBSOLETE
27000512;CA;16;2;SOCIETE EL HOUDA DISTRIBUTION;;;;ITEM_IS_OBSOLETE
27000513;CA;21;4;ARMES COM;;;;ITEM_IS_OBSOLETE
27000514;CA;14;3;SOCIETE TAHA DISTRIBUTION DE SUD;;;;ITEM_IS_OBSOLETE
27000515;CA;8;5;STE AL AKREM DE COMM ET DISTRI EN GROS;;;;ITEM_IS_OBSOLETE
27000516;CA;30;18;STE BECHIR ETTAIEB DE COMMERCE;;;;ITEM_IS_OBSOLETE
27000517;CA;22;0;SUDMILK;;;;ITEM_IS_OBSOLETE
27000518;CA;30;28;STE HEDI JELASSI DISTRIBUTION NORD;;;;ITEM_IS_OBSOLETE
27000519;CA;21;15;SOCIETE IDEAL DISTRIBUTION SFAX;;;;ITEM_IS_OBSOLETE
27000520;CA;28;18;SOCIETE EL HOUDA DISTRIBUTION;;;;ITEM_IS_OBSOLETE
27000521;CA;21;8;ARMES COM;;;;ITEM_IS_OBSOLETE
27000522;CA;21;11;SOCIETE TAHA DISTRIBUTION DE SUD;;;;ITEM_IS_OBSOLETE
27000523;CA;13;8;STE AL AKREM DE COMM ET DISTRI EN GROS;;;;ITEM_IS_OBSOLETE
27000524;CA;3;2;STE BECHIR ETTAIEB DE COMMERCE;;;;ITEM_IS_OBSOLETE
27000525;CA;22;21;SUDMILK;;;;ITEM_IS_OBSOLETE
27000526;CA;3;2;STE HEDI JELASSI DISTRIBUTION NORD;;;;ITEM_IS_OBSOLETE
27000527;CA;16;6;SOCIETE IDEAL DISTRIBUTION SFAX;;;;ITEM_IS_OBSOLETE
27000528;CA;22;2;SOCIETE EL HOUDA DISTRIBUTION;;;;ITEM_IS_OBSOLETE
27000529;CA;18;9;ARMES COM;;;;ITEM_IS_OBSOLETE
27000530;CA;2;1;SOCIETE TAHA DISTRIBUTION DE SUD;;;;ITEM_IS_OBSOLETE
27000531;CA;9;8;STE AL AKREM DE COMM ET DISTRI EN GROS;;;;ITEM_IS_OBSOLETE
27000532;CA;19;3;STE BECHIR ETTAIEB DE COMMERCE;;;;ITEM_IS_OBSOLETE
27000533;CA;12;7;SUDMILK;;;;ITEM_IS_OBSOLETE
27000534;CA;12;5;STE HEDI JELASSI DISTRIBUTION NORD;;;;ITEM_IS_OBSOLETE
27000535;CA;25;13;SOCIETE IDEAL DISTRIBUTION SFAX;;;;ITEM_IS_OBSOLETE
27000536;CA;28;18;SOCIETE EL HOUDA DISTRIBUTION;;;;ITEM_IS_OBSOLETE
27000537;CA;27;14;ARMES COM;;;;ITEM_IS_OBSOLETE
27000538;CA;23;0;SOCIETE TAHA DISTRIBUTION DE SUD;;;;ITEM_IS_OBSOLETE
27000539;CA;13;10;STE AL AKREM DE COMM ET DISTRI EN GROS;;;;ITEM_IS_OBSOLETE
27000540;CA;30;13;STE BECHIR ETTAIEB DE COMMERCE;;;;ITEM_IS_OBSOLETE
27000541;CA;20;16;SUDMILK;;;;ITEM_IS_OBSOLETE
27000542;CA;15;3;STE HEDI JELASSI DISTRIBUTION NORD;;;;ITEM_IS_OBSOLETE
27000543;CA;21;17;SOCIETE IDEAL DISTRIBUTION SFAX;;;;ITEM_IS_OBSOLETE
27000544;CA;30;29;SOCIETE EL HOUDA DISTRIBUTION;;;;ITEM_IS_OBSOLETE
27000545;CA;5;3;ARMES COM;;;;ITEM_IS_OBSOLETE
27000546;CA;27;10;SOCIETE TAHA DISTRIBUTION DE SUD;;;;ITEM_IS_OBSOLETE
27000547;CA;27;25;STE AL AKREM DE COMM ET DISTRI EN GROS;;;;ITEM_IS_OBSOLETE
27000548;CA;18;15;STE BECHIR ETTAIEB DE COMMERCE;;;;ITEM_IS_OBSOLETE
27000549;CA;9;0;SUDMILK;;;;ITEM_IS_OBSOLETE
27000550;CA;14;9;STE HEDI JELASSI DISTRIBUTION NORD;;;;ITEM_IS_OBSOLETE
27000551;CA;22;5;SOCIETE IDEAL DISTRIBUTION SFAX;;;;ITEM_IS_OBSOLETE
27000552;CA;8;3;SOCIETE EL HOUDA DISTRIBUTION;;;;ITEM_IS_OBSOLETE
27000553;CA;8;0;ARMES COM;;;;ITEM_IS_OBSOLETE
27000554;CA;6;2;SOCIETE TAHA DISTRIBUTION DE SUD;;;;ITEM_IS_OBSOLETE
27000555;CA;6;4;STE AL AKREM DE COMM ET DISTRI EN GROS;;;;ITEM_IS_OBSOLETE
27000556;CA;26;8;STE BECHIR ETTAIEB DE COMMERCE;;;;ITEM_IS_OBSOLETE
27000557;CA;29;22;SUDMILK;;;;ITEM_IS_OBSOLETE
27000558;CA;11;2;STE HEDI JELASSI DISTRIBUTION NORD;;;;ITEM_IS_OBSOLETE
27000559;CA;4;2;SOCIETE IDEAL DISTRIBUTION SFAX;;;;ITEM_IS_OBSOLETE
27000560;CA;22;3;SOCIETE EL HOUDA DISTRIBUTION;;;;ITEM_IS_OBSOLETE
27000561;CA;23;0;ARMES COM;;;;ITEM_IS_OBSOLETE
27000562;CA;5;2;SOCIETE TAHA DISTRIBUTION DE SUD;;;;ITEM_IS_OBSOLETE
27000563;CA;17;10;STE AL AKREM DE COMM ET DISTRI EN GROS;;;;ITEM_IS_OBSOLETE
27000564;CA;24;15;STE BECHIR ETTAIEB DE COMMERCE;;;;ITEM_IS_OBSOLETE
27000565;CA;30;10;SUDMILK;;;;ITEM_IS_OBSOLETE
27000566;CA;13;10;STE HEDI JELASSI DISTRIBUTION NORD;;;;ITEM_IS_OBSOLETE
27000567;CA;10;7;SOCIETE IDEAL DISTRIBUTION SFAX;;;;ITEM_IS_OBSOLETE
27000568;CA;7;3;SOCIETE EL HOUDA DISTRIBUTION;;;;ITEM_IS_OBSOLETE
27000569;CA;21;16;ARMES COM;;;;ITEM_IS_OBSOLETE
27000570;CA;7;4;SOCIETE TAHA DISTRIBUTION DE SUD;;;;ITEM_IS_OBSOLETE
27000571;CA;27;23;STE AL AKREM DE COMM ET DISTRI EN GROS;;;;ITEM_IS_OBSOLETE
27000572;CA;27;3;STE BECHIR ETTAIEB DE COMMERCE;;;;ITEM_IS_OBSOLETE
27000573;CA;27;25;SUDMILK;;;;ITEM_IS_OBSOLETE
27000574;CA;27;17;STE HEDI JELASSI DISTRIBUTION NORD;;;;ITEM_IS_OBSOLETE
27000575;CA;10;4;SOCIETE IDEAL DISTRIBUTION SFAX;;;;ITEM_IS_OBSOLETE
27000576;CA;14;1;SOCIETE EL HOUDA DISTRIBUTION;;;;ITEM_IS_OBSOLETE
27000577;CA;6;5;ARMES COM;;;;ITEM_IS_OBSOLETE
27000578;CA;8;4;SOCIETE TAHA DISTRIBUTION DE SUD;;;;ITEM_IS_OBSOLETE
27000579;CA;17;2;STE AL AKREM DE COMM ET DISTRI EN GROS;;;;ITEM_IS_OBSOLETE
27000580;CA;29;0;STE BECHIR ETTAIEB DE COMMERCE;;;;ITEM_IS_OBSOLETE
27000581;CA;22;18;SUDMILK;;;;ITEM_IS_OBSOLETE
27000582;CA;21;11;STE HEDI JELASSI DISTRIBUTION NORD;;;;ITEM_IS_OBSOLETE
27000583;CA;7;4;SOCIETE IDEAL DISTRIBUTION SFAX;;;;ITEM_IS_OBSOLETE
27000584;CA;23;5;SOCIETE EL HOUDA DISTRIBUTION;;;;ITEM_IS_OBSOLETE
27000585;CA;7;2;ARMES COM;;;;ITEM_IS_OBSOLETE
27000586;CA;7;1;SOCIETE TAHA DISTRIBUTION DE SUD;;;;ITEM_IS_OBSOLETE
27000587;CA;8;2;STE AL AKREM DE COMM ET DISTRI EN GROS;;;;ITEM_IS_OBSOLETE
27000588;CA;6;3;STE BECHIR ETTAIEB DE COMMERCE;;;;ITEM_IS_OBSOLETE
27000589;CA;10;9;SUDMILK;;;;ITEM_IS_OBSOLETE
27000590;CA;27;6;STE HEDI JELASSI DISTRIBUTION NORD;;;;ITEM_IS_OBSOLETE
27000591;CA;3;1;SOCIETE IDEAL DISTRIBUTION SFAX;;;;ITEM_IS_OBSOLETE
27000592;CA;11;2;SOCIETE EL HOUDA DISTRIBUTION;;;;ITEM_IS_OBSOLETE
27000593;CA;16;4;ARMES COM;;;;ITEM_IS_OBSOLETE
27000594;CA;18;12;SOCIETE TAHA DISTRIBUTION DE SUD;;;;ITEM_IS_OBSOLETE
27000595;CA;15;6;STE AL AKREM DE COMM ET DISTRI EN GROS;;;;ITEM_IS_OBSOLETE
27000596;CA;12;5;STE BECHIR ETTAIEB DE COMMERCE;;;;ITEM_IS_OBSOLETE
27000597;CA;28;25;SUDMILK;;;;ITEM_IS_OBSOLETE
27000598;CA;23;20;STE HEDI JELASSI DISTRIBUTION NORD;;;;ITEM_IS_OBSOLETE
27000599;CA;21;9;SOCIETE IDEAL DISTRIBUTION SFAX;;;;ITEM_IS_OBSOLETE
27000600;CA;19;11;SOCIETE EL HOUDA DISTRIBUTION;;;;ITEM_IS_OBSOLETE
27000601;CA;27;25;ARMES COM;;;;ITEM_IS_OBSOLETE
27000602;CA;20;3;SOCIETE TAHA DISTRIBUTION DE SUD;;;;ITEM_IS_OBSOLETE
27000603;CA;10;2;STE AL AKREM DE COMM ET DISTRI EN GROS;;;;ITEM_IS_OBSOLETE
27000604;CA;7;6;STE BECHIR ETTAIEB DE COMMERCE;;;;ITEM_IS_OBSOLETE
27000605;CA;14;1;SUDMILK;;;;ITEM_IS_OBSOLETE
27000606;CA;26;0;STE HEDI JELASSI DISTRIBUTION NORD;;;;ITEM_IS_OBSOLETE
27000607;CA;15;3;SOCIETE IDEAL DISTRIBUTION SFAX;;;;ITEM_IS_OBSOLETE
27000608;CA;9;7;SOCIETE EL HOUDA DISTRIBUTION;;;;ITEM_IS_OBSOLETE
27000609;CA;27;26;ARMES COM;;;;ITEM_IS_OBSOLETE
27000610;CA;26;6;SOCIETE TAHA DISTRIBUTION DE SUD;;;;ITEM_IS_OBSOLETE
27000611;CA;13;3;STE AL AKREM DE COMM ET DISTRI EN GROS;;;;ITEM_IS_OBSOLETE
27000612;CA;21;14;STE BECHIR ETTAIEB DE COMMERCE;;;;ITEM_IS_OBSOLETE
27000613;CA;27;11;SUDMILK;;;;ITEM_IS_OBSOLETE
27000614;CA;29;14;STE HEDI JELASSI DISTRIBUTION NORD;;;;ITEM_IS_OBSOLETE
27000615;CA;22;7;SOCIETE IDEAL DISTRIBUTION SFAX;;;;ITEM_IS_OBSOLETE
27000616;CA;14;13;SOCIETE EL HOUDA DISTRIBUTION;;;;ITEM_IS_OBSOLETE
27000617;CA;25;8;ARMES COM;;;;ITEM_IS_OBSOLETE
27000618;CA;15;14;SOCIETE TAHA DISTRIBUTION DE SUD;;;;ITEM_IS_OBSOLETE
27000619;CA;8;6;STE AL AKREM DE COMM ET DISTRI EN GROS;;;;ITEM_IS_OBSOLETE
27000620;CA;26;13;STE BECHIR ETTAIEB DE COMMERCE;;;;ITEM_IS_OBSOLETE
27000621;CA;5;3;SUDMILK;;;;ITEM_IS_OBSOLETE
27000622;CA;19;9;STE HEDI JELASSI DISTRIBUTION NORD;;;;ITEM_IS_OBSOLETE
27000623;CA;27;5;SOCIETE IDEAL DISTRIBUTION SFAX;;;;ITEM_IS_OBSOLETE
27000624;CA;22;6;SOCIETE EL HOUDA DISTRIBUTION;;;;ITEM_IS_OBSOLETE
27000625;CA;14;3;ARMES COM;;;;ITEM_IS_OBSOLETE
27000626;CA;29;24;SOCIETE TAHA DISTRIBUTION DE SUD;;;;ITEM_IS_OBSOLETE
27000627;CA;28;26;STE AL AKREM DE COMM ET DISTRI EN GROS;;;;ITEM_IS_OBSOLETE
27000628;CA;5;0;STE BECHIR ETTAIEB DE COMMERCE;;;;ITEM_IS_OBSOLETE
27000629;CA;8;0;SUDMILK;;;;ITEM_IS_OBSOLETE
27000630;CA;18;2;STE HEDI JELASSI DISTRIBUTION NORD;;;;ITEM_IS_OBSOLETE
27000631;CA;18;3;SOCIETE IDEAL DISTRIBUTION SFAX;;;;ITEM_IS_OBSOLETE
27000632;CA;12;3;SOCIETE EL HOUDA DISTRIBUTION;;;;ITEM_IS_OBSOLETE
27000633;CA;30;19;ARMES COM;;;;ITEM_IS_OBSOLETE
27000634;CA;29;2;SOCIETE TAHA DISTRIBUTION DE SUD;;;;ITEM_IS_OBSOLETE
27000635;CA;13;12;STE AL AKREM DE COMM ET DISTRI EN GROS;;;;ITEM_IS_OBSOLETE
27000636;CA;28;22;STE BECHIR ETTAIEB DE COMMERCE;;;;ITEM_IS_OBSOLETE
27000637;CA;30;13;SUDMILK;;;;ITEM_IS_OBSOLETE
27000638;CA;4;0;STE HEDI JELASSI DISTRIBUTION NORD;;;;ITEM_IS_OBSOLETE
27000639;CA;6;5;SOCIETE IDEAL DISTRIBUTION SFAX;;;;ITEM_IS_OBSOLETE
27000640;CA;12;10;SOCIETE EL HOUDA DISTRIBUTION;;;;ITEM_IS_OBSOLETE
27000641;CA;18;1;ARMES COM;;;;ITEM_IS_OBSOLETE
27000642;CA;27;18;SOCIETE TAHA DISTRIBUTION DE SUD;;;;ITEM_IS_OBSOLETE
27000643;CA;20;19;STE AL AKREM DE COMM ET DISTRI EN GROS;;;;ITEM_IS_OBSOLETE
27000644;CA;27;4;STE BECHIR ETTAIEB DE COMMERCE;;;;ITEM_IS_OBSOLETE
27000645;CA;19;11;SUDMILK;;;;ITEM_IS_OBSOLETE
27000646;CA;8;4;STE HEDI JELASSI DISTRIBUTION NORD;;;;ITEM_IS_OBSOLETE
27000647;CA;15;13;SOCIETE IDEAL DISTRIBUTION SFAX;;;;ITEM_IS_OBSOLETE
27000648;CA;29;23;SOCIETE EL HOUDA DISTRIBUTION;;;;ITEM_IS_OBSOLETE
27000649;CA;7;0;ARMES COM;;;;ITEM_IS_OBSOLETE
27000650;CA;28;11;SOCIETE TAHA DISTRIBUTION DE SUD;;;;ITEM_IS_OBSOLETE
27000651;CA;28;1;STE AL AKREM DE COMM ET DISTRI EN GROS;;;;ITEM_IS_OBSOLETE
27000652;CA;27;4;STE BECHIR ETTAIEB DE COMMERCE;;;;ITEM_IS_OBSOLETE
27000653;CA;8;6;SUDMILK;;;;ITEM_IS_OBSOLETE
27000654;CA;30;21;STE HEDI JELASSI DISTRIBUTION NORD;;;;ITEM_IS_OBSOLETE
27000655;CA;18;0;SOCIETE IDEAL DISTRIBUTION SFAX;;;;ITEM_IS_OBSOLETE
27000656;CA;25;8;SOCIETE EL HOUDA DISTRIBUTION;;;;ITEM_IS_OBSOLETE
27000657;CA;5;3;ARMES COM;;;;ITEM_IS_OBSOLETE
27000658;CA;15;13;SOCIETE TAHA DISTRIBUTION DE SUD;;;;ITEM_IS_OBSOLETE
27000659;CA;25;16;STE AL AKREM DE COMM ET DISTRI EN GROS;;;;ITEM_IS_OBSOLETE
27000660;CA;21;13;STE BECHIR ETTAIEB DE COMMERCE;;;;ITEM_IS_OBSOLETE
27000661;CA;12;10;SUDMILK;;;;ITEM_IS_OBSOLETE
27000662;CA;10;6;STE HEDI JELASSI DISTRIBUTION NORD;;;;ITEM_IS_OBSOLETE
27000663;CA;18;4;SOCIETE IDEAL DISTRIBUTION SFAX;;;;ITEM_IS_OBSOLETE
27000664;CA;9;6;SOCIETE EL HOUDA DISTRIBUTION;;;;ITEM_IS_OBSOLETE
27000665;CA;2;1;ARMES COM;;;;ITEM_IS_OBSOLETE
27000666;CA;29;5;SOCIETE TAHA DISTRIBUTION DE SUD;;;;ITEM_IS_OBSOLETE
27000667;CA;26;13;STE AL AKREM DE COMM ET DISTRI EN GROS;;;;ITEM_IS_OBSOLETE
27000668;CA;5;3;STE BECHIR ETTAIEB DE COMMERCE;;;;ITEM_IS_OBSOLETE
27000669;CA;8;3;SUDMILK;;;;ITEM_IS_OBSOLETE
27000670;CA;11;1;STE HEDI JELASSI DISTRIBUTION NORD;;;;ITEM_IS_OBSOLETE
27000671;CA;25;2;SOCIETE IDEAL DISTRIBUTION SFAX;;;;ITEM_IS_OBSOLETE
27000672;CA;16;13;SOCIETE EL HOUDA DISTRIBUTION;;;;ITEM_IS_OBSOLETE
27000673;CA;30;28;ARMES COM;;;;ITEM_IS_OBSOLETE
27000674;CA;23;10;SOCIETE TAHA DISTRIBUTION DE SUD;;;;ITEM_IS_OBSOLETE
27000675;CA;19;6;STE AL AKREM DE COMM ET DISTRI EN GROS;;;;ITEM_IS_OBSOLETE
27000676;CA;21;17;STE BECHIR ETTAIEB DE COMMERCE;;;;ITEM_IS_OBSOLETE
27000677;CA;4;2;SUDMILK;;;;ITEM_IS_OBSOLETE
27000678;CA;5;2;STE HEDI JELASSI DISTRIBUTION NORD;;;;ITEM_IS_OBSOLETE
27000679;CA;25;16;SOCIETE IDEAL DISTRIBUTION SFAX;;;;ITEM_IS_OBSOLETE
27000680;CA;27;22;SOCIETE EL HOUDA DISTRIBUTION;;;;ITEM_IS_OBSOLETE
27000681;CA;7;5;ARMES COM;;;;ITEM_IS_OBSOLETE
27000682;CA;9;7;SOCIETE TAHA DISTRIBUTION DE SUD;;;;ITEM_IS_OBSOLETE
27000683;CA;29;20;STE AL AKREM DE COMM ET DISTRI EN GROS;;;;ITEM_IS_OBSOLETE
27000684;CA;18;15;STE BECHIR ETTAIEB DE COMMERCE;;;;ITEM_IS_OBSOLETE
27000685;CA;24;20;SUDMILK;;;;ITEM_IS_OBSOLETE
27000686;CA;23;17;STE HEDI JELASSI DISTRIBUTION NORD;;;;ITEM_IS_OBSOLETE
27000687;CA;4;3;SOCIETE IDEAL DISTRIBUTION SFAX;;;;ITEM_IS_OBSOLETE
27000688;CA;7;0;SOCIETE EL HOUDA DISTRIBUTION;;;;ITEM_IS_OBSOLETE
27000689;CA;27;22;ARMES COM;;;;ITEM_IS_OBSOLETE
27000690;CA;12;7;SOCIETE TAHA DISTRIBUTION DE SUD;;;;ITEM_IS_OBSOLETE
27000691;CA;13;12;STE AL AKREM DE COMM ET DISTRI EN GROS;;;;ITEM_IS_OBSOLETE
27000692;CA;18;2;STE BECHIR ETTAIEB DE COMMERCE;;;;ITEM_IS_OBSOLETE
27000693;CA;29;26;SUDMILK;;;;ITEM_IS_OBSOLETE
27000694;CA;7;4;STE HEDI JELASSI DISTRIBUTION NORD;;;;ITEM_IS_OBSOLETE
27000695;CA;14;13;SOCIETE IDEAL DISTRIBUTION SFAX;;;;ITEM_IS_OBSOLETE
27000696;CA;10;2;SOCIETE EL HOUDA DISTRIBUTION;;;;ITEM_IS_OBSOLETE
27000697;CA;24;12;ARMES COM;;;;ITEM_IS_OBSOLETE
27000698;CA;6;3;SOCIETE TAHA DISTRIBUTION DE SUD;;;;ITEM_IS_OBSOLETE
27000699;CA;29;3;STE AL AKREM DE COMM ET DISTRI EN GROS;;;;ITEM_IS_OBSOLETE
27000700;CA;19;5;STE BECHIR ETTAIEB DE COMMERCE;;;;ITEM_IS_OBSOLETE
27000701;CA;20;6;SUDMILK;;;;ITEM_IS_OBSOLETE
27000702;CA;3;2;STE HEDI JELASSI DISTRIBUTION NORD;;;;ITEM_IS_OBSOLETE
27000703;CA;19;8;SOCIETE IDEAL DISTRIBUTION SFAX;;;;ITEM_IS_OBSOLETE
27000704;CA;12;3;SOCIETE EL HOUDA DISTRIBUTION;;;;ITEM_IS_OBSOLETE
27000705;CA;2;0;ARMES COM;;;;ITEM_IS_OBSOLETE
27000706;CA;3;2;SOCIETE TAHA DISTRIBUTION DE SUD;;;;ITEM_IS_OBSOLETE
27000707;CA;17;7;STE AL AKREM DE COMM ET DISTRI EN GROS;;;;ITEM_IS_OBSOLETE
27000708;CA;6;2;STE BECHIR ETTAIEB DE COMMERCE;;;;ITEM_IS_OBSOLETE
27000709;CA;23;10;SUDMILK;;;;ITEM_IS_OBSOLETE
27000710;CA;13;7;STE HEDI JELASSI DISTRIBUTION NORD;;;;ITEM_IS_OBSOLETE
27000711;CA;28;16;SOCIETE IDEAL DISTRIBUTION SFAX;;;;ITEM_IS_OBSOLETE
27000712;CA;17;12;SOCIETE EL HOUDA DISTRIBUTION;;;;ITEM_IS_OBSOLETE
27000713;CA;28;23;ARMES COM;;;;ITEM_IS_OBSOLETE
27000714;CA;5;1;SOCIETE TAHA DISTRIBUTION DE SUD;;;;ITEM_IS_OBSOLETE
27000715;CA;11;2;STE AL AKREM DE COMM ET DISTRI EN GROS;;;;ITEM_IS_OBSOLETE
27000716;CA;6;3;STE BECHIR ETTAIEB DE COMMERCE;;;;ITEM_IS_OBSOLETE
27000717;CA;8;5;SUDMILK;;;;ITEM_IS_OBSOLETE
27000718;CA;10;1;STE HEDI JELASSI DISTRIBUTION NORD;;;;ITEM_IS_OBSOLETE
27000719;CA;9;5;SOCIETE IDEAL DISTRIBUTION SFAX;;;;ITEM_IS_OBSOLETE
27000720;CA;10;4;SOCIETE EL HOUDA DISTRIBUTION;;;;ITEM_IS_OBSOLETE
27000721;CA;8;7;ARMES COM;;;;ITEM_IS_OBSOLETE
27000722;CA;17;2;SOCIETE TAHA DISTRIBUTION DE SUD;;;;ITEM_IS_OBSOLETE
27000723;CA;10;7;STE AL AKREM DE COMM ET DISTRI EN GROS;;;;ITEM_IS_OBSOLETE
27000724;CA;5;2;STE BECHIR ETTAIEB DE COMMERCE;;;;ITEM_IS_OBSOLETE
27000725;CA;18;4;SUDMILK;;;;ITEM_IS_OBSOLETE
27000726;CA;29;5;STE HEDI JELASSI DISTRIBUTION NORD;;;;ITEM_IS_OBSOLETE
27000727;CA;29;15;SOCIETE IDEAL DISTRIBUTION SFAX;;;;ITEM_IS_OBSOLETE
27000728;CA;19;12;SOCIETE EL HOUDA DISTRIBUTION;;;;ITEM_IS_OBSOLETE
27000729;CA;16;2;ARMES COM;;;;ITEM_IS_OBSOLETE
27000730;CA;13;4;SOCIETE TAHA DISTRIBUTION DE SUD;;;;ITEM_IS_OBSOLETE
27000731;CA;29;23;STE AL AKREM DE COMM ET DISTRI EN GROS;;;;ITEM_IS_OBSOLETE
27000732;CA;22;16;STE BECHIR ETTAIEB DE COMMERCE;;;;ITEM_IS_OBSOLETE
27000733;CA;19;3;SUDMILK;;;;ITEM_IS_OBSOLETE
27000734;CA;2;1;STE HEDI JELASSI DISTRIBUTION NORD;;;;ITEM_IS_OBSOLETE
27000735;CA;9;7;SOCIETE IDEAL DISTRIBUTION SFAX;;;;ITEM_IS_OBSOLETE
27000736;CA;16;7;SOCIETE EL HOUDA DISTRIBUTION;;;;ITEM_IS_OBSOLETE
27000737;CA;23;11;ARMES COM;;;;ITEM_IS_OBSOLETE
27000738;CA;4;1;SOCIETE TAHA DISTRIBUTION DE SUD;;;;ITEM_IS_OBSOLETE
27000739;CA;3;1;STE AL AKREM DE COMM ET DISTRI EN GROS;;;;ITEM_IS_OBSOLETE
27000740;CA;23;14;STE BECHIR ETTAIEB DE COMMERCE;;;;ITEM_IS_OBSOLETE
27000741;CA;20;6;SUDMILK;;;;ITEM_IS_OBSOLETE
27000742;CA;7;6;STE HEDI JELASSI DISTRIBUTION NORD;;;;ITEM_IS_OBSOLETE
27000743;CA;17;5;SOCIETE IDEAL DISTRIBUTION SFAX;;;;ITEM_IS_OBSOLETE
27000744;CA;27;12;SOCIETE EL HOUDA DISTRIBUTION;;;;ITEM_IS_OBSOLETE
27000745;CA;30;14;ARMES COM;;;;ITEM_IS_OBSOLETE
27000746;CA;26;0;SOCIETE TAHA DISTRIBUTION DE SUD;;;;ITEM_IS_OBSOLETE
27000747;CA;2;1;STE AL AKREM DE COMM ET DISTRI EN GROS;;;;ITEM_IS_OBSOLETE
27000748;CA;26;7;STE BECHIR ETTAIEB DE COMMERCE;;;;ITEM_IS_OBSOLETE
27000749;CA;6;4;SUDMILK;;;;ITEM_IS_OBSOLETE
27000750;CA;6;5;STE HEDI JELASSI DISTRIBUTION NORD;;;;ITEM_IS_OBSOLETE
27000751;CA;17;4;SOCIETE IDEAL DISTRIBUTION SFAX;;;;ITEM_IS_OBSOLETE
27000752;CA;25;21;SOCIETE EL HOUDA DISTRIBUTION;;;;ITEM_IS_OBSOLETE
27000753;CA;16;8;ARMES COM;;;;ITEM_IS_OBSOLETE
27000754;CA;30;22;SOCIETE TAHA DISTRIBUTION DE SUD;;;;ITEM_IS_OBSOLETE
27000755;CA;23;22;STE AL AKREM DE COMM ET DISTRI EN GROS;;;;ITEM_IS_OBSOLETE
27000756;CA;20;17;STE BECHIR ETTAIEB DE COMMERCE;;;;ITEM_IS_OBSOLETE
27000757;CA;24;18;SUDMILK;;;;ITEM_IS_OBSOLETE
27000758;CA;14;4;STE HEDI JELASSI DISTRIBUTION NORD;;;;ITEM_IS_OBSOLETE
27000759;CA;6;2;SOCIETE IDEAL DISTRIBUTION SFAX;;;;ITEM_IS_OBSOLETE
27000760;CA;6;2;SOCIETE EL HOUDA DISTRIBUTION;;;;ITEM_IS_OBSOLETE
27000761;CA;5;4;ARMES COM;;;;ITEM_IS_OBSOLETE
27000762;CA;9;3;SOCIETE TAHA DISTRIBUTION DE SUD;;;;ITEM_IS_OBSOLETE
27000763;CA;24;16;STE AL AKREM DE COMM ET DISTRI EN GROS;;;;ITEM_IS_OBSOLETE
27000764;CA;23;7;STE BECHIR ETTAIEB DE COMMERCE;;;;ITEM_IS_OBSOLETE
27000765;CA;24;3;SUDMILK;;;;ITEM_IS_OBSOLETE
27000766;CA;22;0;STE HEDI JELASSI DISTRIBUTION NORD;;;;ITEM_IS_OBSOLETE
27000767;CA;27;15;SOCIETE IDEAL DISTRIBUTION SFAX;;;;ITEM_IS_OBSOLETE
27000768;CA;12;10;SOCIETE EL HOUDA DISTRIBUTION;;;;ITEM_IS_OBSOLETE
27000769;CA;13;5;ARMES COM;;;;ITEM_IS_OBSOLETE
27000770;CA;20;17;SOCIETE TAHA DISTRIBUTION DE SUD;;;;ITEM_IS_OBSOLETE
27000771;CA;23;15;STE AL AKREM DE COMM ET DISTRI EN GROS;;;;ITEM_IS_OBSOLETE
27000772;CA;3;1;STE BECHIR ETTAIEB DE COMMERCE;;;;ITEM_IS_OBSOLETE
27000773;CA;21;17;SUDMILK;;;;ITEM_IS_OBSOLETE
27000774;CA;21;12;STE HEDI JELASSI DISTRIBUTION NORD;;;;ITEM_IS_OBSOLETE
27000775;CA;19;6;SOCIETE IDEAL DISTRIBUTION SFAX;;;;ITEM_IS_OBSOLETE
27000776;CA;2;0;SOCIETE EL HOUDA DISTRIBUTION;;;;ITEM_IS_OBSOLETE
27000777;CA;19;10;ARMES COM;;;;ITEM_IS_OBSOLETE
27000778;CA;11;4;SOCIETE TAHA DISTRIBUTION DE SUD;;;;ITEM_IS_OBSOLETE
27000779;CA;25;3;STE AL AKREM DE COMM ET DISTRI EN GROS;;;;ITEM_IS_OBSOLETE
27000780;CA;13;11;STE BECHIR ETTAIEB DE COMMERCE;;;;ITEM_IS_OBSOLETE
27000781;CA;6;2;SUDMILK;;;;ITEM_IS_OBSOLETE
27000782;CA;28;5;STE HEDI JELASSI DISTRIBUTION NORD;;;;ITEM_IS_OBSOLETE
27000783;CA;23;15;SOCIETE IDEAL DISTRIBUTION SFAX;;;;ITEM_IS_OBSOLETE
27000784;CA;4;3;SOCIETE EL HOUDA DISTRIBUTION;;;;ITEM_IS_OBSOLETE
27000785;CA;23;7;ARMES COM;;;;ITEM_IS_OBSOLETE
27000786;CA;14;12;SOCIETE TAHA DISTRIBUTION DE SUD;;;;ITEM_IS_OBSOLETE
27000787;CA;17;7;STE AL AKREM DE COMM ET DISTRI EN GROS;;;;ITEM_IS_OBSOLETE
27000788;CA;29;22;STE BECHIR ETTAIEB DE COMMERCE;;;;ITEM_IS_OBSOLETE
27000789;CA;25;21;SUDMILK;;;;ITEM_IS_OBSOLETE
27000790;CA;5;1;STE HEDI JELASSI DISTRIBUTION NORD;;;;ITEM_IS_OBSOLETE
27000791;CA;30;17;SOCIETE IDEAL DISTRIBUTION SFAX;;;;ITEM_IS_OBSOLETE
27000792;CA;26;25;SOCIETE EL HOUDA DISTRIBUTION;;;;ITEM_IS_OBSOLETE
27000793;CA;22;2;ARMES COM;;;;ITEM_IS_OBSOLETE
27000794;CA;4;0;SOCIETE TAHA DISTRIBUTION DE SUD;;;;ITEM_IS_OBSOLETE
27000795;CA;16;5;STE AL AKREM DE COMM ET DISTRI EN GROS;;;;ITEM_IS_OBSOLETE
27000796;CA;11;9;STE BECHIR ETTAIEB DE COMMERCE;;;;ITEM_IS_OBSOLETE
27000797;CA;5;3;SUDMILK;;;;ITEM_IS_OBSOLETE
27000798;CA;30;23;STE HEDI JELASSI DISTRIBUTION NORD;;;;ITEM_IS_OBSOLETE
27000799;CA;21;13;SOCIETE IDEAL DISTRIBUTION SFAX;;;;ITEM_IS_OBSOLETE
27000800;CA;3;1;SOCIETE EL HOUDA DISTRIBUTION;;;;ITEM_IS_OBSOLETE
27000801;CA;18;11;ARMES COM;;;;ITEM_IS_OBSOLETE
27000802;CA;18;7;SOCIETE TAHA DISTRIBUTION DE SUD;;;;ITEM_IS_OBSOLETE
27000803;CA;5;4;STE AL AKREM DE COMM ET DISTRI EN GROS;;;;ITEM_IS_OBSOLETE
27000804;CA;15;11;STE BECHIR ETTAIEB DE COMMERCE;;;;ITEM_IS_OBSOLETE
27000805;CA;10;6;SUDMILK;;;;ITEM_IS_OBSOLETE
27000806;CA;25;5;STE HEDI JELASSI DISTRIBUTION NORD;;;;ITEM_IS_OBSOLETE
27000807;CA;9;1;SOCIETE IDEAL DISTRIBUTION SFAX;;;;ITEM_IS_OBSOLETE
27000808;CA;14;9;SOCIETE EL HOUDA DISTRIBUTION;;;;ITEM_IS_OBSOLETE
27000809;CA;11;4;ARMES COM;;;;ITEM_IS_OBSOLETE
27000810;CA;6;3;SOCIETE TAHA DISTRIBUTION DE SUD;;;;ITEM_IS_OBSOLETE
27000811;CA;3;0;STE AL AKREM DE COMM ET DISTRI EN GROS;;;;ITEM_IS_OBSOLETE
27000812;CA;2;0;STE BECHIR ETTAIEB DE COMMERCE;;;;ITEM_IS_OBSOLETE
27000813;CA;18;8;SUDMILK;;;;ITEM_IS_OBSOLETE
27000814;CA;28;18;STE HEDI JELASSI DISTRIBUTION NORD;;;;ITEM_IS_OBSOLETE
27000815;CA;16;4;SOCIETE IDEAL DISTRIBUTION SFAX;;;;ITEM_IS_OBSOLETE
27000816;CA;6;2;SOCIETE EL HOUDA DISTRIBUTION;;;;ITEM_IS_OBSOLETE
27000817;CA;23;15;ARMES COM;;;;ITEM_IS_OBSOLETE
27000818;CA;9;8;SOCIETE TAHA DISTRIBUTION DE SUD;;;;ITEM_IS_OBSOLETE
27000819;CA;29;20;STE AL AKREM DE COMM ET DISTRI EN GROS;;;;ITEM_IS_OBSOLETE
27000820;CA;23;11;STE BECHIR ETTAIEB DE COMMERCE;;;;ITEM_IS_OBSOLETE
27000821;CA;30;24;SUDMILK;;;;ITEM_IS_OBSOLETE
27000822;CA;13;4;STE HEDI JELASSI DISTRIBUTION NORD;;;;ITEM_IS_OBSOLETE
27000823;CA;11;2;SOCIETE IDEAL DISTRIBUTION SFAX;;;;ITEM_IS_OBSOLETE
27000824;CA;30;10;SOCIETE EL HOUDA DISTRIBUTION;;;;ITEM_IS_OBSOLETE
27000825;CA;26;24;ARMES COM;;;;ITEM_IS_OBSOLETE
27000826;CA;28;6;SOCIETE TAHA DISTRIBUTION DE SUD;;;;ITEM_IS_OBSOLETE
27000827;CA;24;5;STE AL AKREM DE COMM ET DISTRI EN GROS;;;;ITEM_IS_OBSOLETE
27000828;CA;26;7;STE BECHIR ETTAIEB DE COMMERCE;;;;ITEM_IS_OBSOLETE
27000829;CA;8;0;SUDMILK;;;;ITEM_IS_OBSOLETE
27000830;CA;23;10;STE HEDI JELASSI DISTRIBUTION NORD;;;;ITEM_IS_OBSOLETE
27000831;CA;27;23;SOCIETE IDEAL DISTRIBUTION SFAX;;;;ITEM_IS_OBSOLETE
27000832;CA;30;3;SOCIETE EL HOUDA DISTRIBUTION;;;;ITEM_IS_OBSOLETE
27000833;CA;18;7;ARMES COM;;;;ITEM_IS_OBSOLETE
27000834;CA;9;3;SOCIETE TAHA DISTRIBUTION DE SUD;;;;ITEM_IS_OBSOLETE
27000835;CA;23;12;STE AL AKREM DE COMM ET DISTRI EN GROS;;;;ITEM_IS_OBSOLETE
27000836;CA;12;4;STE BECHIR ETTAIEB DE COMMERCE;;;;ITEM_IS_OBSOLETE
27000837;CA;3;0;SUDMILK;;;;ITEM_IS_OBSOLETE
27000838;CA;15;9;STE HEDI JELASSI DISTRIBUTION NORD;;;;ITEM_IS_OBSOLETE
27000839;CA;7;2;SOCIETE IDEAL DISTRIBUTION SFAX;;;;ITEM_IS_OBSOLETE
27000840;CA;19;14;SOCIETE EL HOUDA DISTRIBUTION;;;;ITEM_IS_OBSOLETE
27000841;CA;20;2;ARMES COM;;;;ITEM_IS_OBSOLETE
27000842;CA;28;6;SOCIETE TAHA DISTRIBUTION DE SUD;;;;ITEM_IS_OBSOLETE
27000843;CA;14;10;STE AL AKREM DE COMM ET DISTRI EN GROS;;;;ITEM_IS_OBSOLETE
27000844;CA;20;18;STE BECHIR ETTAIEB DE COMMERCE;;;;ITEM_IS_OBSOLETE
27000845;CA;28;8;SUDMILK;;;;ITEM_IS_OBSOLETE
27000846;CA;16;15;STE HEDI JELASSI DISTRIBUTION NORD;;;;ITEM_IS_OBSOLETE
27000847;CA;16;15;SOCIETE IDEAL DISTRIBUTION SFAX;;;;ITEM_IS_OBSOLETE
27000848;CA;23;20;SOCIETE EL HOUDA DISTRIBUTION;;;;ITEM_IS_OBSOLETE
27000849;CA;10;2;ARMES COM;;;;ITEM_IS_OBSOLETE
27000850;CA;15;3;SOCIETE TAHA DISTRIBUTION DE SUD;;;;ITEM_IS_OBSOLETE
27000851;CA;20;12;STE AL AKREM DE COMM ET DISTRI EN GROS;;;;ITEM_IS_OBSOLETE
27000852;CA;9;6;STE BECHIR ETTAIEB DE COMMERCE;;;;ITEM_IS_OBSOLETE
27000853;CA;26;3;SUDMILK;;;;ITEM_IS_OBSOLETE
27000854;CA;20;15;STE HEDI JELASSI DISTRIBUTION NORD;;;;ITEM_IS_OBSOLETE
27000855;CA;17;10;SOCIETE IDEAL DISTRIBUTION SFAX;;;;ITEM_IS_OBSOLETE
27000856;CA;5;3;SOCIETE EL HOUDA DISTRIBUTION;;;;ITEM_IS_OBSOLETE
27000857;CA;22;0;ARMES COM;;;;ITEM_IS_OBSOLETE
27000858;CA;23;16;SOCIETE TAHA DISTRIBUTION DE SUD;;;;ITEM_IS_OBSOLETE
27000859;CA;9;1;STE AL AKREM DE COMM ET DISTRI EN GROS;;;;ITEM_IS_OBSOLETE
27000860;CA;11;6;STE BECHIR ETTAIEB DE COMMERCE;;;;ITEM_IS_OBSOLETE
27000861;CA;18;3;SUDMILK;;;;ITEM_IS_OBSOLETE
27000862;CA;11;2;STE HEDI JELASSI DISTRIBUTION NORD;;;;ITEM_IS_OBSOLETE
27000863;CA;19;13;SOCIETE IDEAL DISTRIBUTION SFAX;;;;ITEM_IS_OBSOLETE
27000864;CA;9;4;SOCIETE EL HOUDA DISTRIBUTION;;;;ITEM_IS_OBSOLETE
27000865;CA;16;1;ARMES COM;;;;ITEM_IS_OBSOLETE
27000866;CA;20;3;SOCIETE TAHA DISTRIBUTION DE SUD;;;;ITEM_IS_OBSOLETE
27000867;CA;27;26;STE AL AKREM DE COMM ET DISTRI EN GROS;;;;ITEM_IS_OBSOLETE
27000868;CA;2;0;STE BECHIR ETTAIEB DE COMMERCE;;;;ITEM_IS_OBSOLETE
27000869;CA;20;14;SUDMILK;;;;ITEM_IS_OBSOLETE
27000870;CA;19;16;STE HEDI JELASSI DISTRIBUTION NORD;;;;ITEM_IS_OBSOLETE
27000871;CA;11;8;SOCIETE IDEAL DISTRIBUTION SFAX;;;;ITEM_IS_OBSOLETE
27000872;CA;17;14;SOCIETE EL HOUDA DISTRIBUTION;;;;ITEM_IS_OBSOLETE
27000873;CA;10;8;ARMES COM;;;;ITEM_IS_OBSOLETE
27000874;CA;8;7;SOCIETE TAHA DISTRIBUTION DE SUD;;;;ITEM_IS_OBSOLETE
27000875;CA;4;0;STE AL AKREM DE COMM ET DISTRI EN GROS;;;;ITEM_IS_OBSOLETE
27000876;CA;13;2;STE BECHIR ETTAIEB DE COMMERCE;;;;ITEM_IS_OBSOLETE
27000877;CA;21;18;SUDMILK;;;;ITEM_IS_OBSOLETE
27000878;CA;9;1;STE HEDI JELASSI DISTRIBUTION NORD;;;;ITEM_IS_OBSOLETE
27000879;CA;8;1;SOCIETE IDEAL DISTRIBUTION SFAX;;;;ITEM_IS_OBSOLETE
27000880;CA;25;2;SOCIETE EL HOUDA DISTRIBUTION;;;;ITEM_IS_OBSOLETE
27000881;CA;3;1;ARMES COM;;;;ITEM_IS_OBSOLETE
27000882;CA;19;5;SOCIETE TAHA DISTRIBUTION DE SUD;;;;ITEM_IS_OBSOLETE
27000883;CA;11;5;STE AL AKREM DE COMM ET DISTRI EN GROS;;;;ITEM_IS_OBSOLETE
27000884;CA;15;2;STE BECHIR ETTAIEB DE COMMERCE;;;;ITEM_IS_OBSOLETE
27000885;CA;27;6;SUDMILK;;;;ITEM_IS_OBSOLETE
27000886;CA;7;0;STE HEDI JELASSI DISTRIBUTION NORD;;;;ITEM_IS_OBSOLETE
27000887;CA;5;4;SOCIETE IDEAL DISTRIBUTION SFAX;;;;ITEM_IS_OBSOLETE
27000888;CA;14;3;SOCIETE EL HOUDA DISTRIBUTION;;;;ITEM_IS_OBSOLETE
27000889;CA;24;11;ARMES COM;;;;ITEM_IS_OBSOLETE
27000890;CA;7;1;SOCIETE TAHA DISTRIBUTION DE SUD;;;;ITEM_IS_OBSOLETE
27000891;CA;11;8;STE AL AKREM DE COMM ET DISTRI EN GROS;;;;ITEM_IS_OBSOLETE
27000892;CA;3;2;STE BECHIR ETTAIEB DE COMMERCE;;;;ITEM_IS_OBSOLETE
27000893;CA;28;26;SUDMILK;;;;ITEM_IS_OBSOLETE
27000894;CA;8;7;STE HEDI JELASSI DISTRIBUTION NORD;;;;ITEM_IS_OBSOLETE
27000895;CA;29;7;SOCIETE IDEAL DISTRIBUTION SFAX;;;;ITEM_IS_OBSOLETE
27000896;CA;10;1;SOCIETE EL HOUDA DISTRIBUTION;;;;ITEM_IS_OBSOLETE
27000897;CA;4;0;ARMES COM;;;;ITEM_IS_OBSOLETE
27000898;CA;4;1;SOCIETE TAHA DISTRIBUTION DE SUD;;;;ITEM_IS_OBSOLETE
27000899;CA;4;0;STE AL AKREM DE COMM ET DISTRI EN GROS;;;;ITEM_IS_OBSOLETE
27000900;CA;25;12;STE BECHIR ETTAIEB DE COMMERCE;;;;ITEM_IS_OBSOLETE
27000901;CA;25;21;SUDMILK;;;;ITEM_IS_OBSOLETE
27000902;CA;12;3;STE HEDI JELASSI DISTRIBUTION NORD;;;;ITEM_IS_OBSOLETE
27000903;CA;26;11;SOCIETE IDEAL DISTRIBUTION SFAX;;;;ITEM_IS_OBSOLETE
27000904;CA;18;7;SOCIETE EL HOUDA DISTRIBUTION;;;;ITEM_IS_OBSOLETE
27000905;CA;18;7;ARMES COM;;;;ITEM_IS_OBSOLETE
27000906;CA;21;8;SOCIETE TAHA DISTRIBUTION DE SUD;;;;ITEM_IS_OBSOLETE
27000907;CA;8;0;STE AL AKREM DE COMM ET DISTRI EN GROS;;;;ITEM_IS_OBSOLETE
27000908;CA;12;11;STE BECHIR ETTAIEB DE COMMERCE;;;;ITEM_IS_OBSOLETE
27000909;CA;5;2;SUDMILK;;;;ITEM_IS_OBSOLETE
27000910;CA;24;23;STE HEDI JELASSI DISTRIBUTION NORD;;;;ITEM_IS_OBSOLETE
27000911;CA;7;5;SOCIETE IDEAL DISTRIBUTION SFAX;;;;ITEM_IS_OBSOLETE
27000912;CA;19;1;SOCIETE EL HOUDA DISTRIBUTION;;;;ITEM_IS_OBSOLETE
27000913;CA;19;11;ARMES COM;;;;ITEM_IS_OBSOLETE
27000914;CA;22;15;SOCIETE TAHA DISTRIBUTION DE SUD;;;;ITEM_IS_OBSOLETE
27000915;CA;9;5;STE AL AKREM DE COMM ET DISTRI EN GROS;;;;ITEM_IS_OBSOLETE
27000916;CA;2;0;STE BECHIR ETTAIEB DE COMMERCE;;;;ITEM_IS_OBSOLETE
27000917;CA;15;14;SUDMILK;;;;ITEM_IS_OBSOLETE
27000918;CA;14;5;STE HEDI JELASSI DISTRIBUTION NORD;;;;ITEM_IS_OBSOLETE
27000919;CA;25;21;SOCIETE IDEAL DISTRIBUTION SFAX;;;;ITEM_IS_OBSOLETE
27000920;CA;23;12;SOCIETE EL HOUDA DISTRIBUTION;;;;ITEM_IS_OBSOLETE
27000921;CA;24;7;ARMES COM;;;;ITEM_IS_OBSOLETE
27000922;CA;10;2;SOCIETE TAHA DISTRIBUTION DE SUD;;;;ITEM_IS_OBSOLETE
27000923;CA;11;8;STE AL AKREM DE COMM ET DISTRI EN GROS;;;;ITEM_IS_OBSOLETE
27000924;CA;14;8;STE BECHIR ETTAIEB DE COMMERCE;;;;ITEM_IS_OBSOLETE
27000925;CA;11;10;SUDMILK;;;;ITEM_IS_OBSOLETE
27000926;CA;26;9;STE HEDI JELASSI DISTRIBUTION NORD;;;;ITEM_IS_OBSOLETE
27000927;CA;15;12;SOCIETE IDEAL DISTRIBUTION SFAX;;;;ITEM_IS_OBSOLETE
27000928;CA;12;8;SOCIETE EL HOUDA DISTRIBUTION;;;;ITEM_IS_OBSOLETE
27000929;CA;21;10;ARMES COM;;;;ITEM_IS_OBSOLETE
27000930;CA;18;2;SOCIETE TAHA DISTRIBUTION DE SUD;;;;ITEM_IS_OBSOLETE
27000931;CA;7;2;STE AL AKREM DE COMM ET DISTRI EN GROS;;;;ITEM_IS_OBSOLETE
27000932;CA;13;7;STE BECHIR ETTAIEB DE COMMERCE;;;;ITEM_IS_OBSOLETE
27000933;CA;17;4;SUDMILK;;;;ITEM_IS_OBSOLETE
27000934;CA;13;12;STE HEDI JELASSI DISTRIBUTION NORD;;;;ITEM_IS_OBSOLETE
27000935;CA;12;9;SOCIETE IDEAL DISTRIBUTION SFAX;;;;ITEM_IS_OBSOLETE
27000936;CA;11;10;SOCIETE EL HOUDA DISTRIBUTION;;;;ITEM_IS_OBSOLETE
27000937;CA;21;4;ARMES COM;;;;ITEM_IS_OBSOLETE
27000938;CA;20;8;SOCIETE TAHA DISTRIBUTION DE SUD;;;;ITEM_IS_OBSOLETE
27000939;CA;9;8;STE AL AKREM DE COMM ET DISTRI EN GROS;;;;ITEM_IS_OBSOLETE
27000940;CA;13;10;STE BECHIR ETTAIEB DE COMMERCE;;;;ITEM_IS_OBSOLETE
27000941;CA;25;11;SUDMILK;;;;ITEM_IS_OBSOLETE
27000942;CA;18;5;STE HEDI JELASSI DISTRIBUTION NORD;;;;ITEM_IS_OBSOLETE
27000943;CA;4;2;SOCIETE IDEAL DISTRIBUTION SFAX;;;;ITEM_IS_OBSOLETE
27000944;CA;6;3;SOCIETE EL HOUDA DISTRIBUTION;;;;ITEM_IS_OBSOLETE
27000945;CA;26;20;ARMES COM;;;;ITEM_IS_OBSOLETE
27000946;CA;15;12;SOCIETE TAHA DISTRIBUTION DE SUD;;;;ITEM_IS_OBSOLETE
27000947;CA;4;0;STE AL AKREM DE COMM ET DISTRI EN GROS;;;;ITEM_IS_OBSOLETE
27000948;CA;29;18;STE BECHIR ETTAIEB DE COMMERCE;;;;ITEM_IS_OBSOLETE
27000949;CA;10;0;SUDMILK;;;;ITEM_IS_OBSOLETE
27000950;CA;26;12;STE HEDI JELASSI DISTRIBUTION NORD;;;;ITEM_IS_OBSOLETE
27000951;CA;13;6;SOCIETE IDEAL DISTRIBUTION SFAX;;;;ITEM_IS_OBSOLETE
27000952;CA;11;5;SOCIETE EL HOUDA DISTRIBUTION;;;;ITEM_IS_OBSOLETE
27000953;CA;18;4;ARMES COM;;;;ITEM_IS_OBSOLETE
27000954;CA;18;8;SOCIETE TAHA DISTRIBUTION DE SUD;;;;ITEM_IS_OBSOLETE
27000955;CA;8;0;STE AL AKREM DE COMM ET DISTRI EN GROS;;;;ITEM_IS_OBSOLETE
27000956;CA;23;8;STE BECHIR ETTAIEB DE COMMERCE;;;;ITEM_IS_OBSOLETE
27000957;CA;27;16;SUDMILK;;;;ITEM_IS_OBSOLETE
27000958;CA;20;19;STE HEDI JELASSI DISTRIBUTION NORD;;;;ITEM_IS_OBSOLETE
27000959;CA;14;2;SOCIETE IDEAL DISTRIBUTION SFAX;;;;ITEM_IS_OBSOLETE
27000960;CA;26;11;SOCIETE EL HOUDA DISTRIBUTION;;;;ITEM_IS_OBSOLETE
27000961;CA;29;12;ARMES COM;;;;ITEM_IS_OBSOLETE
27000962;CA;3;1;SOCIETE TAHA DISTRIBUTION DE SUD;;;;ITEM_IS_OBSOLETE
27000963;CA;11;0;STE AL AKREM DE COMM ET DISTRI EN GROS;;;;ITEM_IS_OBSOLETE
27000964;CA;2;0;STE BECHIR ETTAIEB DE COMMERCE;;;;ITEM_IS_OBSOLETE
27000965;CA;6;0;SUDMILK;;;;ITEM_IS_OBSOLETE
27000966;CA;3;0;STE HEDI JELASSI DISTRIBUTION NORD;;;;ITEM_IS_OBSOLETE
27000967;CA;24;16;SOCIETE IDEAL DISTRIBUTION SFAX;;;;ITEM_IS_OBSOLETE
27000968;CA;12;11;SOCIETE EL HOUDA DISTRIBUTION;;;;ITEM_IS_OBSOLETE
27000969;CA;28;25;ARMES COM;;;;ITEM_IS_OBSOLETE
27000970;CA;11;10;SOCIETE TAHA DISTRIBUTION DE SUD;;;;ITEM_IS_OBSOLETE
27000971;CA;20;15;STE AL AKREM DE COMM ET DISTRI EN GROS;;;;ITEM_IS_OBSOLETE
27000972;CA;16;12;STE BECHIR ETTAIEB DE COMMERCE;;;;ITEM_IS_OBSOLETE
27000973;CA;21;16;SUDMILK;;;;ITEM_IS_OBSOLETE
27000974;CA;12;2;STE HEDI JELASSI DISTRIBUTION NORD;;;;ITEM_IS_OBSOLETE
27000975;CA;4;3;SOCIETE IDEAL DISTRIBUTION SFAX;;;;ITEM_IS_OBSOLETE
27000976;CA;15;2;SOCIETE EL HOUDA DISTRIBUTION;;;;ITEM_IS_OBSOLETE
27000977;CA;6;2;ARMES COM;;;;ITEM_IS_OBSOLETE
27000978;CA;18;3;SOCIETE TAHA DISTRIBUTION DE SUD;;;;ITEM_IS_OBSOLETE
27000979;CA;3;0;STE AL AKREM DE COMM ET DISTRI EN GROS;;;;ITEM_IS_OBSOLETE
27000980;CA;3;0;STE BECHIR ETTAIEB DE COMMERCE;;;;ITEM_IS_OBSOLETE
27000981;CA;18;4;SUDMILK;;;;ITEM_IS_OBSOLETE
27000982;CA;22;3;STE HEDI JELASSI DISTRIBUTION NORD;;;;ITEM_IS_OBSOLETE
27000983;CA;16;8;SOCIETE IDEAL DISTRIBUTION SFAX;;;;ITEM_IS_OBSOLETE
27000984;CA;5;4;SOCIETE EL HOUDA DISTRIBUTION;;;;ITEM_IS_OBSOLETE
27000985;CA;19;9;ARMES COM;;;;ITEM_IS_OBSOLETE
27000986;CA;25;23;SOCIETE TAHA DISTRIBUTION DE SUD;;;;ITEM_IS_OBSOLETE
27000987;CA;23;19;STE AL AKREM DE COMM ET DISTRI EN GROS;;;;ITEM_IS_OBSOLETE
27000988;CA;3;1;STE BECHIR ETTAIEB DE COMMERCE;;;;ITEM_IS_OBSOLETE
27000989;CA;14;10;SUDMILK;;;;ITEM_IS_OBSOLETE
27000990;CA;7;5;STE HEDI JELASSI DISTRIBUTION NORD;;;;ITEM_IS_OBSOLETE
27000991;CA;22;10;SOCIETE IDEAL DISTRIBUTION SFAX;;;;ITEM_IS_OBSOLETE
27000992;CA;2;1;SOCIETE EL HOUDA DISTRIBUTION;;;;ITEM_IS_OBSOLETE
27000993;CA;17;6;ARMES COM;;;;ITEM_IS_OBSOLETE
27000994;CA;25;15;SOCIETE TAHA DISTRIBUTION DE SUD;;;;ITEM_IS_OBSOLETE
27000995;CA;28;16;STE AL AKREM DE COMM ET DISTRI EN GROS;;;;ITEM_IS_OBSOLETE
27000996;CA;20;15;STE BECHIR ETTAIEB DE COMMERCE;;;;ITEM_IS_OBSOLETE
27000997;CA;3;2;SUDMILK;;;;ITEM_IS_OBSOLETE
27000998;CA;6;3;STE HEDI JELASSI DISTRIBUTION NORD;;;;ITEM_IS_OBSOLETE
27000999;CA;23;13;SOCIETE IDEAL DISTRIBUTION SFAX;;;;ITEM_IS_OBSOLETE
27001000;CA;17;0;SOCIETE EL HOUDA DISTRIBUTION;;;;ITEM_IS_OBSOLETE
27001001;CA;5;2;ARMES COM;;;;ITEM_IS_OBSOLETE
27001002;CA;19;6;SOCIETE TAHA DISTRIBUTION DE SUD;;;;ITEM_IS_OBSOLETE
27001003;CA;2;1;STE AL AKREM DE COMM ET DISTRI EN GROS;;;;ITEM_IS_OBSOLETE
27001004;CA;12;4;STE BECHIR ETTAIEB DE COMMERCE;;;;ITEM_IS_OBSOLETE
27001005;CA;27;22;SUDMILK;;;;ITEM_IS_OBSOLETE
27001006;CA;20;8;STE HEDI JELASSI DISTRIBUTION NORD;;;;ITEM_IS_OBSOLETE
27001007;CA;20;9;SOCIETE IDEAL DISTRIBUTION SFAX;;;;ITEM_IS_OBSOLETE
27001008;CA;29;26;SOCIETE EL HOUDA DISTRIBUTION;;;;ITEM_IS_OBSOLETE
27001009;CA;24;0;ARMES COM;;;;ITEM_IS_OBSOLETE
27001010;CA;25;11;SOCIETE TAHA DISTRIBUTION DE SUD;;;;ITEM_IS_OBSOLETE
27001011;CA;26;24;STE AL AKREM DE COMM ET DISTRI EN GROS;;;;ITEM_IS_OBSOLETE
27001012;CA;13;5;STE BECHIR ETTAIEB DE COMMERCE;;;;ITEM_IS_OBSOLETE
27001013;CA;23;22;SUDMILK;;;;ITEM_IS_OBSOLETE
27001014;CA;25;7;STE HEDI JELASSI DISTRIBUTION NORD;;;;ITEM_IS_OBSOLETE
27001015;CA;15;10;SOCIETE IDEAL DISTRIBUTION SFAX;;;;ITEM_IS_OBSOLETE
27001016;CA;4;1;SOCIETE EL HOUDA DISTRIBUTION;;;;ITEM_IS_OBSOLETE
27001017;CA;6;5;ARMES COM;;;;ITEM_IS_OBSOLETE
27001018;CA;19;1;SOCIETE TAHA DISTRIBUTION DE SUD;;;;ITEM_IS_OBSOLETE
27001019;CA;16;5;STE AL AKREM DE COMM ET DISTRI EN GROS;;;;ITEM_IS_OBSOLETE
27001020;CA;24;14;STE BECHIR ETTAIEB DE COMMERCE;;;;ITEM_IS_OBSOLETE
27001021;CA;7;5;SUDMILK;;;;ITEM_IS_OBSOLETE
27001022;CA;27;18;STE HEDI JELASSI DISTRIBUTION NORD;;;;ITEM_IS_OBSOLETE
27001023;CA;15;0;SOCIETE IDEAL DISTRIBUTION SFAX;;;;ITEM_IS_OBSOLETE
27001024;CA;28;18;SOCIETE EL HOUDA DISTRIBUTION;;;;ITEM_IS_OBSOLETE
27001025;CA;29;24;ARMES COM;;;;ITEM_IS_OBSOLETE
27001026;CA;27;22;SOCIETE TAHA DISTRIBUTION DE SUD;;;;ITEM_IS_OBSOLETE
27001027;CA;23;3;STE AL AKREM DE COMM ET DISTRI EN GROS;;;;ITEM_IS_OBSOLETE
27001028;CA;16;8;STE BECHIR ETTAIEB DE COMMERCE;;;;ITEM_IS_OBSOLETE
27001029;CA;19;1;SUDMILK;;;;ITEM_IS_OBSOLETE
27001030;CA;6;5;STE HEDI JELASSI DISTRIBUTION NORD;;;;ITEM_IS_OBSOLETE
27001031;CA;19;4;SOCIETE IDEAL DISTRIBUTION SFAX;;;;ITEM_IS_OBSOLETE
27001032;CA;6;5;SOCIETE EL HOUDA DISTRIBUTION;;;;ITEM_IS_OBSOLETE
27001033;CA;21;19;ARMES COM;;;;ITEM_IS_OBSOLETE
27001034;CA;25;14;SOCIETE TAHA DISTRIBUTION DE SUD;;;;ITEM_IS_OBSOLETE
27001035;CA;17;1;STE AL AKREM DE COMM ET DISTRI EN GROS;;;;ITEM_IS_OBSOLETE
27001036;CA;23;18;STE BECHIR ETTAIEB DE COMMERCE;;;;ITEM_IS_OBSOLETE
27001037;CA;9;4;SUDMILK;;;;ITEM_IS_OBSOLETE
27001038;CA;29;24;STE HEDI JELASSI DISTRIBUTION NORD;;;;ITEM_IS_OBSOLETE
27001039;CA;2;0;SOCIETE IDEAL DISTRIBUTION SFAX;;;;ITEM_IS_OBSOLETE
27001040;CA;24;11;SOCIETE EL HOUDA DISTRIBUTION;;;;ITEM_IS_OBSOLETE
27001041;CA;13;8;ARMES COM;;;;ITEM_IS_OBSOLETE
27001042;CA;9;7;SOCIETE TAHA DISTRIBUTION DE SUD;;;;ITEM_IS_OBSOLETE
27001043;CA;30;2;STE AL AKREM DE COMM ET DISTRI EN GROS;;;;ITEM_IS_OBSOLETE
27001044;CA;30;6;STE BECHIR ETTAIEB DE COMMERCE;;;;ITEM_IS_OBSOLETE
27001045;CA;16;8;SUDMILK;;;;ITEM_IS_OBSOLETE
27001046;CA;14;2;STE HEDI JELASSI DISTRIBUTION NORD;;;;ITEM_IS_OBSOLETE
27001047;CA;12;6;SOCIETE IDEAL DISTRIBUTION SFAX;;;;ITEM_IS_OBSOLETE
27001048;CA;23;22;SOCIETE EL HOUDA DISTRIBUTION;;;;ITEM_IS_OBSOLETE
27001049;CA;24;5;ARMES COM;;;;ITEM_IS_OBSOLETE
27001050;CA;4;3;SOCIETE TAHA DISTRIBUTION DE SUD;;;;ITEM_IS_OBSOLETE
27001051;CA;15;4;STE AL AKREM DE COMM ET DISTRI EN GROS;;;;ITEM_IS_OBSOLETE
27001052;CA;2;1;STE BECHIR ETTAIEB DE COMMERCE;;;;ITEM_IS_OBSOLETE
27001053;CA;6;5;SUDMILK;;;;ITEM_IS_OBSOLETE
27001054;CA;29;5;STE HEDI JELASSI DISTRIBUTION NORD;;;;ITEM_IS_OBSOLETE
27001055;CA;14;13;SOCIETE IDEAL DISTRIBUTION SFAX;;;;ITEM_IS_OBSOLETE
27001056;CA;3;2;SOCIETE EL HOUDA DISTRIBUTION;;;;ITEM_IS_OBSOLETE
27001057;CA;25;11;ARMES COM;;;;ITEM_IS_OBSOLETE
27001058;CA;22;11;SOCIETE TAHA DISTRIBUTION DE SUD;;;;ITEM_IS_OBSOLETE
27001059;CA;13;11;STE AL AKREM DE COMM ET DISTRI EN GROS;;;;ITEM_IS_OBSOLETE
27001060;CA;4;3;STE BECHIR ETTAIEB DE COMMERCE;;;;ITEM_IS_OBSOLETE
27001061;CA;13;11;SUDMILK;;;;ITEM_IS_OBSOLETE
27001062;CA;14;0;STE HEDI JELASSI DISTRIBUTION NORD;;;;ITEM_IS_OBSOLETE
27001063;CA;15;7;SOCIETE IDEAL DISTRIBUTION SFAX;;;;ITEM_IS_OBSOLETE
27001064;CA;12;9;SOCIETE EL HOUDA DISTRIBUTION;;;;ITEM_IS_OBSOLETE
27001065;CA;14;10;ARMES COM;;;;ITEM_IS_OBSOLETE
27001066;CA;23;21;SOCIETE TAHA DISTRIBUTION DE SUD;;;;ITEM_IS_OBSOLETE
27001067;CA;8;4;STE AL AKREM DE COMM ET DISTRI EN GROS;;;;ITEM_IS_OBSOLETE
27001068;CA;5;1;STE BECHIR ETTAIEB DE COMMERCE;;;;ITEM_IS_OBSOLETE
27001069;CA;21;10;SUDMILK;;;;ITEM_IS_OBSOLETE
27001070;CA;12;8;STE HEDI JELASSI DISTRIBUTION NORD;;;;ITEM_IS_OBSOLETE
27001071;CA;9;4;SOCIETE IDEAL DISTRIBUTION SFAX;;;;ITEM_IS_OBSOLETE
27001072;CA;13;9;SOCIETE EL HOUDA DISTRIBUTION;;;;ITEM_IS_OBSOLETE
27001073;CA;2;1;ARMES COM;;;;ITEM_IS_OBSOLETE
27001074;CA;6;3;SOCIETE TAHA DISTRIBUTION DE SUD;;;;ITEM_IS_OBSOLETE
27001075;CA;20;5;STE AL AKREM DE COMM ET DISTRI EN GROS;;;;ITEM_IS_OBSOLETE
27001076;CA;30;21;STE BECHIR ETTAIEB DE COMMERCE;;;;ITEM_IS_OBSOLETE
27001077;CA;28;5;SUDMILK;;;;ITEM_IS_OBSOLETE
27001078;CA;18;5;STE HEDI JELASSI DISTRIBUTION NORD;;;;ITEM_IS_OBSOLETE
27001079;CA;6;1;SOCIETE IDEAL DISTRIBUTION SFAX;;;;ITEM_IS_OBSOLETE
27001080;CA;17;14;SOCIETE EL HOUDA DISTRIBUTION;;;;ITEM_IS_OBSOLETE
27001081;CA;8;2;ARMES COM;;;;ITEM_IS_OBSOLETE
27001082;CA;22;12;SOCIETE TAHA DISTRIBUTION DE SUD;;;;ITEM_IS_OBSOLETE
27001083;CA;18;4;STE AL AKREM DE COMM ET DISTRI EN GROS;;;;ITEM_IS_OBSOLETE
27001084;CA;3;0;STE BECHIR ETTAIEB DE COMMERCE;;;;ITEM_IS_OBSOLETE
27001085;CA;27;23;SUDMILK;;;;ITEM_IS_OBSOLETE
27001086;CA;12;2;STE HEDI JELASSI DISTRIBUTION NORD;;;;ITEM_IS_OBSOLETE
27001087;CA;30;10;SOCIETE IDEAL DISTRIBUTION SFAX;;;;ITEM_IS_OBSOLETE
27001088;CA;4;2;SOCIETE EL HOUDA DISTRIBUTION;;;;ITEM_IS_OBSOLETE
27001089;CA;26;6;ARMES COM;;;;ITEM_IS_OBSOLETE
27001090;CA;22;14;SOCIETE TAHA DISTRIBUTION DE SUD;;;;ITEM_IS_OBSOLETE
27001091;CA;12;1;STE AL AKREM DE COMM ET DISTRI EN GROS;;;;ITEM_IS_OBSOLETE
27001092;CA;13;6;STE BECHIR ETTAIEB DE COMMERCE;;;;ITEM_IS_OBSOLETE
27001093;CA;8;1;SUDMILK;;;;ITEM_IS_OBSOLETE
27001094;CA;10;8;STE HEDI JELASSI DISTRIBUTION NORD;;;;ITEM_IS_OBSOLETE
27001095;CA;7;2;SOCIETE IDEAL DISTRIBUTION SFAX;;;;ITEM_IS_OBSOLETE
27001096;CA;20;19;SOCIETE EL HOUDA DISTRIBUTION;;;;ITEM_IS_OBSOLETE
27001097;CA;29;12;ARMES COM;;;;ITEM_IS_OBSOLETE
27001098;CA;3;2;SOCIETE TAHA DISTRIBUTION DE SUD;;;;ITEM_IS_OBSOLETE
27001099;CA;14;9;STE AL AKREM DE COMM ET DISTRI EN GROS;;;;ITEM_IS_OBSOLETE
27001100;CA;13;12;STE BECHIR ETTAIEB DE COMMERCE;;;;ITEM_IS_OBSOLETE
27001101;CA;6;5;SUDMILK;;;;ITEM_IS_OBSOLETE
27001102;CA;15;12;STE HEDI JELASSI DISTRIBUTION NORD;;;;ITEM_IS_OBSOLETE
27001103;CA;8;1;SOCIETE IDEAL DISTRIBUTION SFAX;;;;ITEM_IS_OBSOLETE
27001104;CA;20;9;SOCIETE EL HOUDA DISTRIBUTION;;;;ITEM_IS_OBSOLETE
27001105;CA;7;5;ARMES COM;;;;ITEM_IS_OBSOLETE
27001106;CA;30;8;SOCIETE TAHA DISTRIBUTION DE SUD;;;;ITEM_IS_OBSOLETE
27001107;CA;11;6;STE AL AKREM DE COMM ET DISTRI EN GROS;;;;ITEM_IS_OBSOLETE
27001108;CA;2;1;STE BECHIR ETTAIEB DE COMMERCE;;;;ITEM_IS_OBSOLETE
27001109;CA;17;4;SUDMILK;;;;ITEM_IS_OBSOLETE
27001110;CA;5;0;STE HEDI JELASSI DISTRIBUTION NORD;;;;ITEM_IS_OBSOLETE
27001111;CA;5;4;SOCIETE IDEAL DISTRIBUTION SFAX;;;;ITEM_IS_OBSOLETE
27001112;CA;21;6;SOCIETE EL HOUDA DISTRIBUTION;;;;ITEM_IS_OBSOLETE
27001113;CA;12;10;ARMES COM;;;;ITEM_IS_OBSOLETE
27001114;CA;11;6;SOCIETE TAHA DISTRIBUTION DE SUD;;;;ITEM_IS_OBSOLETE
27001115;CA;5;0;STE AL AKREM DE COMM ET DISTRI EN GROS;;;;ITEM_IS_OBSOLETE
27001116;CA;25;20;STE BECHIR ETTAIEB DE COMMERCE;;;;ITEM_IS_OBSOLETE
27001117;CA;7;1;SUDMILK;;;;ITEM_IS_OBSOLETE
27001118;CA;19;6;STE HEDI JELASSI DISTRIBUTION NORD;;;;ITEM_IS_OBSOLETE
27001119;CA;19;11;SOCIETE IDEAL DISTRIBUTION SFAX;;;;ITEM_IS_OBSOLETE
27001120;CA;18;4;SOCIETE EL HOUDA DISTRIBUTION;;;;ITEM_IS_OBSOLETE
27001121;CA;2;0;ARMES COM;;;;ITEM_IS_OBSOLETE
27001122;CA;7;3;SOCIETE TAHA DISTRIBUTION DE SUD;;;;ITEM_IS_OBSOLETE
27001123;CA;23;21;STE AL AKREM DE COMM ET DISTRI EN GROS;;;;ITEM_IS_OBSOLETE
27001124;CA;26;21;STE BECHIR ETTAIEB DE COMMERCE;;;;ITEM_IS_OBSOLETE
27001125;CA;22;14;SUDMILK;;;;ITEM_IS_OBSOLETE
27001126;CA;12;4;STE HEDI JELASSI DISTRIBUTION NORD;;;;ITEM_IS_OBSOLETE
27001127;CA;19;10;SOCIETE IDEAL DISTRIBUTION SFAX;;;;ITEM_IS_OBSOLETE
27001128;CA;9;3;SOCIETE EL HOUDA DISTRIBUTION;;;;ITEM_IS_OBSOLETE
27001129;CA;28;27;ARMES COM;;;;ITEM_IS_OBSOLETE
27001130;CA;24;13;SOCIETE TAHA DISTRIBUTION DE SUD;;;;ITEM_IS_OBSOLETE
27001131;CA;9;2;STE AL AKREM DE COMM ET DISTRI EN GROS;;;;ITEM_IS_OBSOLETE
27001132;CA;22;9;STE BECHIR ETTAIEB DE COMMERCE;;;;ITEM_IS_OBSOLETE
27001133;CA;22;16;SUDMILK;;;;ITEM_IS_OBSOLETE
27001134;CA;4;3;STE HEDI JELASSI DISTRIBUTION NORD;;;;ITEM_IS_OBSOLETE
27001135;CA;2;0;SOCIETE IDEAL DISTRIBUTION SFAX;;;;ITEM_IS_OBSOLETE
27001136;CA;14;9;SOCIETE EL HOUDA DISTRIBUTION;;;;ITEM_IS_OBSOLETE
27001137;CA;28;12;ARMES COM;;;;ITEM_IS_OBSOLETE
27001138;CA;27;8;SOCIETE TAHA DISTRIBUTION DE SUD;;;;ITEM_IS_OBSOLETE
27001139;CA;3;1;STE AL AKREM DE COMM ET DISTRI EN GROS;;;;ITEM_IS_OBSOLETE
27001140;CA;19;6;STE BECHIR ETTAIEB DE COMMERCE;;;;ITEM_IS_OBSOLETE
27001141;CA;21;19;SUDMILK;;;;ITEM_IS_OBSOLETE
27001142;CA;16;14;STE HEDI JELASSI DISTRIBUTION NORD;;;;ITEM_IS_OBSOLETE
27001143;CA;25;4;SOCIETE IDEAL DISTRIBUTION SFAX;;;;ITEM_IS_OBSOLETE
27001144;CA;3;2;SOCIETE EL HOUDA DISTRIBUTION;;;;ITEM_IS_OBSOLETE
27001145;CA;24;10;ARMES COM;;;;ITEM_IS_OBSOLETE
27001146;CA;18;4;SOCIETE TAHA DISTRIBUTION DE SUD;;;;ITEM_IS_OBSOLETE
27001147;CA;13;2;STE AL AKREM DE COMM ET DISTRI EN GROS;;;;ITEM_IS_OBSOLETE
27001148;CA;17;11;STE BECHIR ETTAIEB DE COMMERCE;;;;ITEM_IS_OBSOLETE
27001149;CA;11;2;SUDMILK;;;;ITEM_IS_OBSOLETE
27001150;CA;13;7;STE HEDI JELASSI DISTRIBUTION NORD;;;;ITEM_IS_OBSOLETE
27001151;CA;8;3;SOCIETE IDEAL DISTRIBUTION SFAX;;;;ITEM_IS_OBSOLETE
27001152;CA;19;3;SOCIETE EL HOUDA DISTRIBUTION;;;;ITEM_IS_OBSOLETE
27001153;CA;5;2;ARMES COM;;;;ITEM_IS_OBSOLETE
27001154;CA;19;12;SOCIETE TAHA DISTRIBUTION DE SUD;;;;ITEM_IS_OBSOLETE
27001155;CA;24;8;STE AL AKREM DE COMM ET DISTRI EN GROS;;;;ITEM_IS_OBSOLETE
27001156;CA;8;7;STE BECHIR ETTAIEB DE COMMERCE;;;;ITEM_IS_OBSOLETE
27001157;CA;23;17;SUDMILK;;;;ITEM_IS_OBSOLETE
27001158;CA;27;9;STE HEDI JELASSI DISTRIBUTION NORD;;;;ITEM_IS_OBSOLETE
27001159;CA;13;11;SOCIETE IDEAL DISTRIBUTION SFAX;;;;ITEM_IS_OBSOLETE
27001160;CA;10;8;SOCIETE EL HOUDA DISTRIBUTION;;;;ITEM_IS_OBSOLETE
27001161;CA;11;5;ARMES COM;;;;ITEM_IS_OBSOLETE
27001162;CA;28;20;SOCIETE TAHA DISTRIBUTION DE SUD;;;;ITEM_IS_OBSOLETE
27001163;CA;25;11;STE AL AKREM DE COMM ET DISTRI EN GROS;;;;ITEM_IS_OBSOLETE
27001164;CA;24;15;STE BECHIR ETTAIEB DE COMMERCE;;;;ITEM_IS_OBSOLETE
27001165;CA;13;0;SUDMILK;;;;ITEM_IS_OBSOLETE
27001166;CA;23;8;STE HEDI JELASSI DISTRIBUTION NORD;;;;ITEM_IS_OBSOLETE
27001167;CA;28;1;SOCIETE IDEAL DISTRIBUTION SFAX;;;;ITEM_IS_OBSOLETE
27001168;CA;25;2;SOCIETE EL HOUDA DISTRIBUTION;;;;ITEM_IS_OBSOLETE
27001169;CA;4;1;ARMES COM;;;;ITEM_IS_OBSOLETE
27001170;CA;25;23;SOCIETE TAHA DISTRIBUTION DE SUD;;;;ITEM_IS_OBSOLETE
27001171;CA;11;5;STE AL AKREM DE COMM ET DISTRI EN GROS;;;;ITEM_IS_OBSOLETE
27001172;CA;6;0;STE BECHIR ETTAIEB DE COMMERCE;;;;ITEM_IS_OBSOLETE
27001173;CA;2;0;SUDMILK;;;;ITEM_IS_OBSOLETE
27001174;CA;15;8;STE HEDI JELASSI DISTRIBUTION NORD;;;;ITEM_IS_OBSOLETE
27001175;CA;5;0;SOCIETE IDEAL DISTRIBUTION SFAX;;;;ITEM_IS_OBSOLETE
27001176;CA;22;5;SOCIETE EL HOUDA DISTRIBUTION;;;;ITEM_IS_OBSOLETE
27001177;CA;28;21;ARMES COM;;;;ITEM_IS_OBSOLETE
27001178;CA;12;8;SOCIETE TAHA DISTRIBUTION DE SUD;;;;ITEM_IS_OBSOLETE
27001179;CA;29;8;STE AL AKREM DE COMM ET DISTRI EN GROS;;;;ITEM_IS_OBSOLETE
27001180;CA;21;3;STE BECHIR ETTAIEB DE COMMERCE;;;;ITEM_IS_OBSOLETE
27001181;CA;22;4;SUDMILK;;;;ITEM_IS_OBSOLETE
27001182;CA;11;6;STE HEDI JELASSI DISTRIBUTION NORD;;;;ITEM_IS_OBSOLETE
27001183;CA;4;0;SOCIETE IDEAL DISTRIBUTION SFAX;;;;ITEM_IS_OBSOLETE
27001184;CA;12;7;SOCIETE EL HOUDA DISTRIBUTION;;;;ITEM_IS_OBSOLETE
27001185;CA;18;12;ARMES COM;;;;ITEM_IS_OBSOLETE
27001186;CA;9;8;SOCIETE TAHA DISTRIBUTION DE SUD;;;;ITEM_IS_OBSOLETE
27001187;CA;25;5;STE AL AKREM DE COMM ET DISTRI EN GROS;;;;ITEM_IS_OBSOLETE
27001188;CA;27;0;STE BECHIR ETTAIEB DE COMMERCE;;;;ITEM_IS_OBSOLETE
27001189;CA;3;2;SUDMILK;;;;ITEM_IS_OBSOLETE
27001190;CA;13;12;STE HEDI JELASSI DISTRIBUTION NORD;;;;ITEM_IS_OBSOLETE
27001191;CA;21;5;SOCIETE IDEAL DISTRIBUTION SFAX;;;;ITEM_IS_OBSOLETE
27001192;CA;30;18;SOCIETE EL HOUDA DISTRIBUTION;;;;ITEM_IS_OBSOLETE
27001193;CA;14;8;ARMES COM;;;;ITEM_IS_OBSOLETE
27001194;CA;3;0;SOCIETE TAHA DISTRIBUTION DE SUD;;;;ITEM_IS_OBSOLETE
27001195;CA;25;14;STE AL AKREM DE COMM ET DISTRI EN GROS;;;;ITEM_IS_OBSOLETE
27001196;CA;28;21;STE BECHIR ETTAIEB DE COMMERCE;;;;ITEM_IS_OBSOLETE
27001197;CA;5;4;SUDMILK;;;;ITEM_IS_OBSOLETE
27001198;CA;17;8;STE HEDI JELASSI DISTRIBUTION NORD;;;;ITEM_IS_OBSOLETE
27001199;CA;24;1;SOCIETE IDEAL DISTRIBUTION SFAX;;;;ITEM_IS_OBSOLETE
27001200;CA;13;11;SOCIETE EL HOUDA DISTRIBUTION;;;;ITEM_IS_OBSOLETE
27001201;CA;16;5;ARMES COM;;;;ITEM_IS_OBSOLETE
27001202;CA;9;5;SOCIETE TAHA DISTRIBUTION DE SUD;;;;ITEM_IS_OBSOLETE
27001203;CA;27;22;STE AL AKREM DE COMM ET DISTRI EN GROS;;;;ITEM_IS_OBSOLETE
27001204;CA;9;7;STE BECHIR ETTAIEB DE COMMERCE;;;;ITEM_IS_OBSOLETE
27001205;CA;28;25;SUDMILK;;;;ITEM_IS_OBSOLETE
27001206;CA;10;0;STE HEDI JELASSI DISTRIBUTION NORD;;;;ITEM_IS_OBSOLETE
27001207;CA;19;18;SOCIETE IDEAL DISTRIBUTION SFAX;;;;ITEM_IS_OBSOLETE
27001208;CA;3;0;SOCIETE EL HOUDA DISTRIBUTION;;;;ITEM_IS_OBSOLETE
27001209;CA;8;7;ARMES COM;;;;ITEM_IS_OBSOLETE
27001210;CA;2;0;SOCIETE TAHA DISTRIBUTION DE SUD;;;;ITEM_IS_OBSOLETE
27001211;CA;5;1;STE AL AKREM DE COMM ET DISTRI EN GROS;;;;ITEM_IS_OBSOLETE
27001212;CA;17;10;STE BECHIR ETTAIEB DE COMMERCE;;;;ITEM_IS_OBSOLETE
27001213;CA;18;17;SUDMILK;;;;ITEM_IS_OBSOLETE
27001214;CA;20;4;STE HEDI JELASSI DISTRIBUTION NORD;;;;ITEM_IS_OBSOLETE
27001215;CA;14;1;SOCIETE IDEAL DISTRIBUTION SFAX;;;;ITEM_IS_OBSOLETE
27001216;CA;12;5;SOCIETE EL HOUDA DISTRIBUTION;;;;ITEM_IS_OBSOLETE
27001217;CA;28;14;ARMES COM;;;;ITEM_IS_OBSOLETE
27001218;CA;16;2;SOCIETE TAHA DISTRIBUTION DE SUD;;;;ITEM_IS_OBSOLETE
27001219;CA;5;0;STE AL AKREM DE COMM ET DISTRI EN GROS;;;;ITEM_IS_OBSOLETE
27001220;CA;10;4;STE BECHIR ETTAIEB DE COMMERCE;;;;ITEM_IS_OBSOLETE
27001221;CA;16;15;SUDMILK;;;;ITEM_IS_OBSOLETE
27001222;CA;23;16;STE HEDI JELASSI DISTRIBUTION NORD;;;;ITEM_IS_OBSOLETE
27001223;CA;2;1;SOCIETE IDEAL DISTRIBUTION SFAX;;;;ITEM_IS_OBSOLETE
27001224;CA;6;0;SOCIETE EL HOUDA DISTRIBUTION;;;;ITEM_IS_OBSOLETE
27001225;CA;3;1;ARMES COM;;;;ITEM_IS_OBSOLETE
27001226;CA;4;0;SOCIETE TAHA DISTRIBUTION DE SUD;;;;ITEM_IS_OBSOLETE
27001227;CA;17;10;STE AL AKREM DE COMM ET DISTRI EN GROS;;;;ITEM_IS_OBSOLETE
27001228;CA;10;4;STE BECHIR ETTAIEB DE COMMERCE;;;;ITEM_IS_OBSOLETE
27001229;CA;23;0;SUDMILK;;;;ITEM_IS_OBSOLETE
27001230;CA;19;3;STE HEDI JELASSI DISTRIBUTION NORD;;;;ITEM_IS_OBSOLETE
27001231;CA;22;14;SOCIETE IDEAL DISTRIBUTION SFAX;;;;ITEM_IS_OBSOLETE
27001232;CA;16;12;SOCIETE EL HOUDA DISTRIBUTION;;;;ITEM_IS_OBSOLETE
27001233;CA;22;3;ARMES COM;;;;ITEM_IS_OBSOLETE
27001234;CA;7;3;SOCIETE TAHA DISTRIBUTION DE SUD;;;;ITEM_IS_OBSOLETE
27001235;CA;10;7;STE AL AKREM DE COMM ET DISTRI EN GROS;;;;ITEM_IS_OBSOLETE
27001236;CA;14;1;STE BECHIR ETTAIEB DE COMMERCE;;;;ITEM_IS_OBSOLETE
27001237;CA;25;8;SUDMILK;;;;ITEM_IS_OBSOLETE
27001238;CA;20;2;STE HEDI JELASSI DISTRIBUTION NORD;;;;ITEM_IS_OBSOLETE
27001239;CA;27;2;SOCIETE IDEAL DISTRIBUTION SFAX;;;;ITEM_IS_OBSOLETE
27001240;CA;30;10;SOCIETE EL HOUDA DISTRIBUTION;;;;ITEM_IS_OBSOLETE
27001241;CA;20;3;ARMES COM;;;;ITEM_IS_OBSOLETE
27001242;CA;18;14;SOCIETE TAHA DISTRIBUTION DE SUD;;;;ITEM_IS_OBSOLETE
27001243;CA;25;11;STE AL AKREM DE COMM ET DISTRI EN GROS;;;;ITEM_IS_OBSOLETE
27001244;CA;25;11;STE BECHIR ETTAIEB DE COMMERCE;;;;ITEM_IS_OBSOLETE
27001245;CA;22;15;SUDMILK;;;;ITEM_IS_OBSOLETE
27001246;CA;21;0;STE HEDI JELASSI DISTRIBUTION NORD;;;;ITEM_IS_OBSOLETE
27001247;CA;13;2;SOCIETE IDEAL DISTRIBUTION SFAX;;;;ITEM_IS_OBSOLETE
27001248;CA;23;17;SOCIETE EL HOUDA DISTRIBUTION;;;;ITEM_IS_OBSOLETE
27001249;CA;9;6;ARMES COM;;;;ITEM_IS_OBSOLETE
27001250;CA;5;0;SOCIETE TAHA DISTRIBUTION DE SUD;;;;ITEM_IS_OBSOLETE
27001251;CA;6;1;STE AL AKREM DE COMM ET DISTRI EN GROS;;;;ITEM_IS_OBSOLETE
27001252;CA;3;1;STE BECHIR ETTAIEB DE COMMERCE;;;;ITEM_IS_OBSOLETE
27001253;CA;14;0;SUDMILK;;;;ITEM_IS_OBSOLETE
27001254;CA;16;2;STE HEDI JELASSI DISTRIBUTION NORD;;;;ITEM_IS_OBSOLETE
27001255;CA;22;11;SOCIETE IDEAL DISTRIBUTION SFAX;;;;ITEM_IS_OBSOLETE
27001256;CA;7;5;SOCIETE EL HOUDA DISTRIBUTION;;;;ITEM_IS_OBSOLETE
27001257;CA;25;18;ARMES COM;;;;ITEM_IS_OBSOLETE
27001258;CA;7;4;SOCIETE TAHA DISTRIBUTION DE SUD;;;;ITEM_IS_OBSOLETE
27001259;CA;9;5;STE AL AKREM DE COMM ET DISTRI EN GROS;;;;ITEM_IS_OBSOLETE
27001260;CA;11;6;STE BECHIR ETTAIEB DE COMMERCE;;;;ITEM_IS_OBSOLETE
27001261;CA;10;2;SUDMILK;;;;ITEM_IS_OBSOLETE
27001262;CA;17;4;STE HEDI JELASSI DISTRIBUTION NORD;;;;ITEM_IS_OBSOLETE
27001263;CA;16;3;SOCIETE IDEAL DISTRIBUTION SFAX;;;;ITEM_IS_OBSOLETE
27001264;CA;19;7;SOCIETE EL HOUDA DISTRIBUTION;;;;ITEM_IS_OBSOLETE
27001265;CA;13;7;ARMES COM;;;;ITEM_IS_OBSOLETE
27001266;CA;19;17;SOCIETE TAHA DISTRIBUTION DE SUD;;;;ITEM_IS_OBSOLETE
27001267;CA;16;0;STE AL AKREM DE COMM ET DISTRI EN GROS;;;;ITEM_IS_OBSOLETE
27001268;CA;26;0;STE BECHIR ETTAIEB DE COMMERCE;;;;ITEM_IS_OBSOLETE
27001269;CA;18;3;SUDMILK;;;;ITEM_IS_OBSOLETE
27001270;CA;9;1;STE HEDI JELASSI DISTRIBUTION NORD;;;;ITEM_IS_OBSOLETE
27001271;CA;6;2;SOCIETE IDEAL DISTRIBUTION SFAX;;;;ITEM_IS_OBSOLETE
27001272;CA;17;9;SOCIETE EL HOUDA DISTRIBUTION;;;;ITEM_IS_OBSOLETE
27001273;CA;6;5;ARMES COM;;;;ITEM_IS_OBSOLETE
27001274;CA;5;4;SOCIETE TAHA DISTRIBUTION DE SUD;;;;ITEM_IS_OBSOLETE
27001275;CA;4;2;STE AL AKREM DE COMM ET DISTRI EN GROS;;;;ITEM_IS_OBSOLETE
27001276;CA;7;5;STE BECHIR ETTAIEB DE COMMERCE;;;;ITEM_IS_OBSOLETE
27001277;CA;7;4;SUDMILK;;;;ITEM_IS_OBSOLETE
27001278;CA;8;4;STE HEDI JELASSI DISTRIBUTION NORD;;;;ITEM_IS_OBSOLETE
27001279;CA;7;5;SOCIETE IDEAL DISTRIBUTION SFAX;;;;ITEM_IS_OBSOLETE
27001280;CA;16;0;SOCIETE EL HOUDA DISTRIBUTION;;;;ITEM_IS_OBSOLETE
27001281;CA;12;8;ARMES COM;;;;ITEM_IS_OBSOLETE
27001282;CA;4;0;SOCIETE TAHA DISTRIBUTION DE SUD;;;;ITEM_IS_OBSOLETE
27001283;CA;8;2;STE AL AKREM DE COMM ET DISTRI EN GROS;;;;ITEM_IS_OBSOLETE
27001284;CA;20;12;STE BECHIR ETTAIEB DE COMMERCE;;;;ITEM_IS_OBSOLETE
27001285;CA;18;17;SUDMILK;;;;ITEM_IS_OBSOLETE
27001286;CA;30;24;STE HEDI JELASSI DISTRIBUTION NORD;;;;ITEM_IS_OBSOLETE
27001287;CA;11;4;SOCIETE IDEAL DISTRIBUTION SFAX;;;;ITEM_IS_OBSOLETE
27001288;CA;13;7;SOCIETE EL HOUDA DISTRIBUTION;;;;ITEM_IS_OBSOLETE
27001289;CA;7;2;ARMES COM;;;;ITEM_IS_OBSOLETE
27001290;CA;18;14;SOCIETE TAHA DISTRIBUTION DE SUD;;;;ITEM_IS_OBSOLETE
27001291;CA;13;10;STE AL AKREM DE COMM ET DISTRI EN GROS;;;;ITEM_IS_OBSOLETE
27001292;CA;6;0;STE BECHIR ETTAIEB DE COMMERCE;;;;ITEM_IS_OBSOLETE
27001293;CA;18;15;SUDMILK;;;;ITEM_IS_OBSOLETE
27001294;CA;4;0;STE HEDI JELASSI DISTRIBUTION NORD;;;;ITEM_IS_OBSOLETE
27001295;CA;29;19;SOCIETE IDEAL DISTRIBUTION SFAX;;;;ITEM_IS_OBSOLETE
27001296;CA;28;5;SOCIETE EL HOUDA DISTRIBUTION;;;;ITEM_IS_OBSOLETE
27001297;CA;27;23;ARMES COM;;;;ITEM_IS_OBSOLETE
27001298;CA;6;1;SOCIETE TAHA DISTRIBUTION DE SUD;;;;ITEM_IS_OBSOLETE
27001299;CA;24;15;STE AL AKREM DE COMM ET DISTRI EN GROS;;;;ITEM_IS_OBSOLETE
27001300;CA;4;3;STE BECHIR ETTAIEB DE COMMERCE;;;;ITEM_IS_OBSOLETE
27001301;CA;22;2;SUDMILK;;;;ITEM_IS_OBSOLETE
27001302;CA;19;14;STE HEDI JELASSI DISTRIBUTION NORD;;;;ITEM_IS_OBSOLETE
27001303;CA;9;8;SOCIETE IDEAL DISTRIBUTION SFAX;;;;ITEM_IS_OBSOLETE
27001304;CA;13;4;SOCIETE EL HOUDA DISTRIBUTION;;;;ITEM_IS_OBSOLETE
27001305;CA;21;13;ARMES COM;;;;ITEM_IS_OBSOLETE
27001306;CA;17;4;SOCIETE TAHA DISTRIBUTION DE SUD;;;;ITEM_IS_OBSOLETE
27001307;CA;9;7;STE AL AKREM DE COMM ET DISTRI EN GROS;;;;ITEM_IS_OBSOLETE
27001308;CA;30;12;STE BECHIR ETTAIEB DE COMMERCE;;;;ITEM_IS_OBSOLETE
27001309;CA;10;0;SUDMILK;;;;ITEM_IS_OBSOLETE
27001310;CA;7;0;STE HEDI JELASSI DISTRIBUTION NORD;;;;ITEM_IS_OBSOLETE
27001311;CA;3;0;SOCIETE IDEAL DISTRIBUTION SFAX;;;;ITEM_IS_OBSOLETE
27001312;CA;15;5;SOCIETE EL HOUDA DISTRIBUTION;;;;ITEM_IS_OBSOLETE
27001313;CA;27;9;ARMES COM;;;;ITEM_IS_OBSOLETE
27001314;CA;20;4;SOCIETE TAHA DISTRIBUTION DE SUD;;;;ITEM_IS_OBSOLETE
27001315;CA;24;21;STE AL AKREM DE COMM ET DISTRI EN GROS;;;;ITEM_IS_OBSOLETE
27001316;CA;11;7;STE BECHIR ETTAIEB DE COMMERCE;;;;ITEM_IS_OBSOLETE
27001317;CA;26;1;SUDMILK;;;;ITEM_IS_OBSOLETE
27001318;CA;12;8;STE HEDI JELASSI DISTRIBUTION NORD;;;;ITEM_IS_OBSOLETE
27001319;CA;24;23;SOCIETE IDEAL DISTRIBUTION SFAX;;;;ITEM_IS_OBSOLETE
27001320;CA;21;16;SOCIETE EL HOUDA DISTRIBUTION;;;;ITEM_IS_OBSOLETE
27001321;CA;6;4;ARMES COM;;;;ITEM_IS_OBSOLETE
27001322;CA;4;0;SOCIETE TAHA DISTRIBUTION DE SUD;;;;ITEM_IS_OBSOLETE
27001323;CA;13;6;STE AL AKREM DE COMM ET DISTRI EN GROS;;;;ITEM_IS_OBSOLETE
27001324;CA;10;1;STE BECHIR ETTAIEB DE COMMERCE;;;;ITEM_IS_OBSOLETE
27001325;CA;30;24;SUDMILK;;;;ITEM_IS_OBSOLETE
27001326;CA;24;21;STE HEDI JELASSI DISTRIBUTION NORD;;;;ITEM_IS_OBSOLETE
27001327;CA;30;17;SOCIETE IDEAL DISTRIBUTION SFAX;;;;ITEM_IS_OBSOLETE
27001328;CA;20;14;SOCIETE EL HOUDA DISTRIBUTION;;;;ITEM_IS_OBSOLETE
27001329;CA;10;6;ARMES COM;;;;ITEM_IS_OBSOLETE
27001330;CA;15;7;SOCIETE TAHA DISTRIBUTION DE SUD;;;;ITEM_IS_OBSOLETE
27001331;CA;15;6;STE AL AKREM DE COMM ET DISTRI EN GROS;;;;ITEM_IS_OBSOLETE
27001332;CA;11;3;STE BECHIR ETTAIEB DE COMMERCE;;;;ITEM_IS_OBSOLETE
27001333;CA;22;11;SUDMILK;;;;ITEM_IS_OBSOLETE
27001334;CA;8;3;STE HEDI JELASSI DISTRIBUTION NORD;;;;ITEM_IS_OBSOLETE
27001335;CA;21;2;SOCIETE IDEAL DISTRIBUTION SFAX;;;;ITEM_IS_OBSOLETE
27001336;CA;18;7;SOCIETE EL HOUDA DISTRIBUTION;;;;ITEM_IS_OBSOLETE
27001337;CA;2;0;ARMES COM;;;;ITEM_IS_OBSOLETE
27001338;CA;23;8;SOCIETE TAHA DISTRIBUTION DE SUD;;;;ITEM_IS_OBSOLETE
27001339;CA;26;25;STE AL AKREM DE COMM ET DISTRI EN GROS;;;;ITEM_IS_OBSOLETE
27001340;CA;25;18;STE BECHIR ETTAIEB DE COMMERCE;;;;ITEM_IS_OBSOLETE
27001341;CA;30;24;SUDMILK;;;;ITEM_IS_OBSOLETE
27001342;CA;21;14;STE HEDI JELASSI DISTRIBUTION NORD;;;;ITEM_IS_OBSOLETE
27001343;CA;14;0;SOCIETE IDEAL DISTRIBUTION SFAX;;;;ITEM_IS_OBSOLETE
27001344;CA;25;13;SOCIETE EL HOUDA DISTRIBUTION;;;;ITEM_IS_OBSOLETE
27001345;CA;18;14;ARMES COM;;;;ITEM_IS_OBSOLETE
27001346;CA;9;0;SOCIETE TAHA DISTRIBUTION DE SUD;;;;ITEM_IS_OBSOLETE
27001347;CA;18;10;STE AL AKREM DE COMM ET DISTRI EN GROS;;;;ITEM_IS_OBSOLETE
27001348;CA;24;18;STE BECHIR ETTAIEB DE COMMERCE;;;;ITEM_IS_OBSOLETE
27001349;CA;11;4;SUDMILK;;;;ITEM_IS_OBSOLETE
27001350;CA;28;27;STE HEDI JELASSI DISTRIBUTION NORD;;;;ITEM_IS_OBSOLETE
27001351;CA;10;2;SOCIETE IDEAL DISTRIBUTION SFAX;;;;ITEM_IS_OBSOLETE
27001352;CA;23;18;SOCIETE EL HOUDA DISTRIBUTION;;;;ITEM_IS_OBSOLETE
27001353;CA;6;2;ARMES COM;;;;ITEM_IS_OBSOLETE
27001354;CA;4;1;SOCIETE TAHA DISTRIBUTION DE SUD;;;;ITEM_IS_OBSOLETE
27001355;CA;28;23;STE AL AKREM DE COMM ET DISTRI EN GROS;;;;ITEM_IS_OBSOLETE
27001356;CA;10;9;STE BECHIR ETTAIEB DE COMMERCE;;;;ITEM_IS_OBSOLETE
27001357;CA;25;19;SUDMILK;;;;ITEM_IS_OBSOLETE
27001358;CA;26;25;STE HEDI JELASSI DISTRIBUTION NORD;;;;ITEM_IS_OBSOLETE
27001359;CA;29;17;SOCIETE IDEAL DISTRIBUTION SFAX;;;;ITEM_IS_OBSOLETE
27001360;CA;17;10;SOCIETE EL HOUDA DISTRIBUTION;;;;ITEM_IS_OBSOLETE
27001361;CA;3;1;ARMES COM;;;;ITEM_IS_OBSOLETE
27001362;CA;7;4;SOCIETE TAHA DISTRIBUTION DE SUD;;;;ITEM_IS_OBSOLETE
27001363;CA;16;4;STE AL AKREM DE COMM ET DISTRI EN GROS;;;;ITEM_IS_OBSOLETE
27001364;CA;29;24;STE BECHIR ETTAIEB DE COMMERCE;;;;ITEM_IS_OBSOLETE
27001365;CA;14;6;SUDMILK;;;;ITEM_IS_OBSOLETE
27001366;CA;7;1;STE HEDI JELASSI DISTRIBUTION NORD;;;;ITEM_IS_OBSOLETE
27001367;CA;7;5;SOCIETE IDEAL DISTRIBUTION SFAX;;;;ITEM_IS_OBSOLETE
27001368;CA;15;11;SOCIETE EL HOUDA DISTRIBUTION;;;;ITEM_IS_OBSOLETE
27001369;CA;27;16;ARMES COM;;;;ITEM_IS_OBSOLETE
27001370;CA;4;0;SOCIETE TAHA DISTRIBUTION DE SUD;;;;ITEM_IS_OBSOLETE
27001371;CA;20;16;STE AL AKREM DE COMM ET DISTRI EN GROS;;;;ITEM_IS_OBSOLETE
27001372;CA;23;19;STE BECHIR ETTAIEB DE COMMERCE;;;;ITEM_IS_OBSOLETE
27001373;CA;20;1;SUDMILK;;;;ITEM_IS_OBSOLETE
27001374;CA;30;7;STE HEDI JELASSI DISTRIBUTION NORD;;;;ITEM_IS_OBSOLETE
27001375;CA;9;6;SOCIETE IDEAL DISTRIBUTION SFAX;;;;ITEM_IS_OBSOLETE
27001376;CA;21;19;SOCIETE EL HOUDA DISTRIBUTION;;;;ITEM_IS_OBSOLETE
27001377;CA;25;7;ARMES COM;;;;ITEM_IS_OBSOLETE
27001378;CA;12;10;SOCIETE TAHA DISTRIBUTION DE SUD;;;;ITEM_IS_OBSOLETE
27001379;CA;15;0;STE AL AKREM DE COMM ET DISTRI EN GROS;;;;ITEM_IS_OBSOLETE
27001380;CA;23;4;STE BECHIR ETTAIEB DE COMMERCE;;;;ITEM_IS_OBSOLETE
27001381;CA;22;6;SUDMILK;;;;ITEM_IS_OBSOLETE
27001382;CA;28;18;STE HEDI JELASSI DISTRIBUTION NORD;;;;ITEM_IS_OBSOLETE
27001383;CA;13;7;SOCIETE IDEAL DISTRIBUTION SFAX;;;;ITEM_IS_OBSOLETE
27001384;CA;25;19;SOCIETE EL HOUDA DISTRIBUTION;;;;ITEM_IS_OBSOLETE
27001385;CA;15;2;ARMES COM;;;;ITEM_IS_OBSOLETE
27001386;CA;26;3;SOCIETE TAHA DISTRIBUTION DE SUD;;;;ITEM_IS_OBSOLETE
27001387;CA;5;1;STE AL AKREM DE COMM ET DISTRI EN GROS;;;;ITEM_IS_OBSOLETE
27001388;CA;15;10;STE BECHIR ETTAIEB DE COMMERCE;;;;ITEM_IS_OBSOLETE
27001389;CA;12;0;SUDMILK;;;;ITEM_IS_OBSOLETE
27001390;CA;15;4;STE HEDI JELASSI DISTRIBUTION NORD;;;;ITEM_IS_OBSOLETE
27001391;CA;28;12;SOCIETE IDEAL DISTRIBUTION SFAX;;;;ITEM_IS_OBSOLETE
27001392;CA;6;5;SOCIETE EL HOUDA DISTRIBUTION;;;;ITEM_IS_OBSOLETE
27001393;CA;25;4;ARMES COM;;;;ITEM_IS_OBSOLETE
27001394;CA;23;3;SOCIETE TAHA DISTRIBUTION DE SUD;;;;ITEM_IS_OBSOLETE
27001395;CA;7;0;STE AL AKREM DE COMM ET DISTRI EN GROS;;;;ITEM_IS_OBSOLETE
27001396;CA;10;7;STE BECHIR ETTAIEB DE COMMERCE;;;;ITEM_IS_OBSOLETE
27001397;CA;11;1;SUDMILK;;;;ITEM_IS_OBSOLETE
27001398;CA;4;2;STE HEDI JELASSI DISTRIBUTION NORD;;;;ITEM_IS_OBSOLETE
27001399;CA;23;15;SOCIETE IDEAL DISTRIBUTION SFAX;;;;ITEM_IS_OBSOLETE
27001400;CA;21;2;SOCIETE EL HOUDA DISTRIBUTION;;;;ITEM_IS_OBSOLETE
27001401;CA;2;1;ARMES COM;;;;ITEM_IS_OBSOLETE
27001402;CA;9;1;SOCIETE TAHA DISTRIBUTION DE SUD;;;;ITEM_IS_OBSOLETE
27001403;CA;4;3;STE AL AKREM DE COMM ET DISTRI EN GROS;;;;ITEM_IS_OBSOLETE
27001404;CA;20;0;STE BECHIR ETTAIEB DE COMMERCE;;;;ITEM_IS_OBSOLETE
27001405;CA;3;0;SUDMILK;;;;ITEM_IS_OBSOLETE
27001406;CA;25;18;STE HEDI JELASSI DISTRIBUTION NORD;;;;ITEM_IS_OBSOLETE
27001407;CA;7;5;SOCIETE IDEAL DISTRIBUTION SFAX;;;;ITEM_IS_OBSOLETE
27001408;CA;23;20;SOCIETE EL HOUDA DISTRIBUTION;;;;ITEM_IS_OBSOLETE
27001409;CA;13;9;ARMES COM;;;;ITEM_IS_OBSOLETE
27001410;CA;7;3;SOCIETE TAHA DISTRIBUTION DE SUD;;;;ITEM_IS_OBSOLETE
27001411;CA;18;4;STE AL AKREM DE COMM ET DISTRI EN GROS;;;;ITEM_IS_OBSOLETE
27001412;CA;3;2;STE BECHIR ETTAIEB DE COMMERCE;;;;ITEM_IS_OBSOLETE
27001413;CA;8;2;SUDMILK;;;;ITEM_IS_OBSOLETE
27001414;CA;7;2;STE HEDI JELASSI DISTRIBUTION NORD;;;;ITEM_IS_OBSOLETE
27001415;CA;22;9;SOCIETE IDEAL DISTRIBUTION SFAX;;;;ITEM_IS_OBSOLETE
27001416;CA;22;20;SOCIETE EL HOUDA DISTRIBUTION;;;;ITEM_IS_OBSOLETE
27001417;CA;17;4;ARMES COM;;;;ITEM_IS_OBSOLETE
27001418;CA;14;8;SOCIETE TAHA DISTRIBUTION DE SUD;;;;ITEM_IS_OBSOLETE
27001419;CA;17;10;STE AL AKREM DE COMM ET DISTRI EN GROS;;;;ITEM_IS_OBSOLETE
27001420;CA;25;6;STE BECHIR ETTAIEB DE COMMERCE;;;;ITEM_IS_OBSOLETE
27001421;CA;13;4;SUDMILK;;;;ITEM_IS_OBSOLETE
27001422;CA;4;1;STE HEDI JELASSI DISTRIBUTION NORD;;;;ITEM_IS_OBSOLETE
27001423;CA;20;7;SOCIETE IDEAL DISTRIBUTION SFAX;;;;ITEM_IS_OBSOLETE
27001424;CA;24;9;SOCIETE EL HOUDA DISTRIBUTION;;;;ITEM_IS_OBSOLETE
27001425;CA;12;4;ARMES COM;;;;ITEM_IS_OBSOLETE
27001426;CA;21;0;SOCIETE TAHA DISTRIBUTION DE SUD;;;;ITEM_IS_OBSOLETE
27001427;CA;17;0;STE AL AKREM DE COMM ET DISTRI EN GROS;;;;ITEM_IS_OBSOLETE
27001428;CA;15;12;STE BECHIR ETTAIEB DE COMMERCE;;;;ITEM_IS_OBSOLETE
27001429;CA;11;9;SUDMILK;;;;ITEM_IS_OBSOLETE
27001430;CA;6;4;STE HEDI JELASSI DISTRIBUTION NORD;;;;ITEM_IS_OBSOLETE
27001431;CA;27;21;SOCIETE IDEAL DISTRIBUTION SFAX;;;;ITEM_IS_OBSOLETE
27001432;CA;21;13;SOCIETE EL HOUDA DISTRIBUTION;;;;ITEM_IS_OBSOLETE
27001433;CA;28;22;ARMES COM;;;;ITEM_IS_OBSOLETE
27001434;CA;13;1;SOCIETE TAHA DISTRIBUTION DE SUD;;;;ITEM_IS_OBSOLETE
27001435;CA;15;7;STE AL AKREM DE COMM ET DISTRI EN GROS;;;;ITEM_IS_OBSOLETE
27001436;CA;25;12;STE BECHIR ETTAIEB DE COMMERCE;;;;ITEM_IS_OBSOLETE
27001437;CA;5;1;SUDMILK;;;;ITEM_IS_OBSOLETE
27001438;CA;21;9;STE HEDI JELASSI DISTRIBUTION NORD;;;;ITEM_IS_OBSOLETE
27001439;CA;16;11;SOCIETE IDEAL DISTRIBUTION SFAX;;;;ITEM_IS_OBSOLETE
27001440;CA;29;16;SOCIETE EL HOUDA DISTRIBUTION;;;;ITEM_IS_OBSOLETE
27001441;CA;29;14;ARMES COM;;;;ITEM_IS_OBSOLETE
27001442;CA;23;15;SOCIETE TAHA DISTRIBUTION DE SUD;;;;ITEM_IS_OBSOLETE
27001443;CA;22;7;STE AL AKREM DE COMM ET DISTRI EN GROS;;;;ITEM_IS_OBSOLETE
27001444;CA;18;5;STE BECHIR ETTAIEB DE COMMERCE;;;;ITEM_IS_OBSOLETE
27001445;CA;14;7;SUDMILK;;;;ITEM_IS_OBSOLETE
27001446;CA;27;22;STE HEDI JELASSI DISTRIBUTION NORD;;;;ITEM_IS_OBSOLETE
27001447;CA;4;3;SOCIETE IDEAL DISTRIBUTION SFAX;;;;ITEM_IS_OBSOLETE
27001448;CA;24;7;SOCIETE EL HOUDA DISTRIBUTION;;;;ITEM_IS_OBSOLETE
27001449;CA;19;5;ARMES COM;;;;ITEM_IS_OBSOLETE
27001450;CA;13;5;SOCIETE TAHA DISTRIBUTION DE SUD;;;;ITEM_IS_OBSOLETE
27001451;CA;11;1;STE AL AKREM DE COMM ET DISTRI EN GROS;;;;ITEM_IS_OBSOLETE
27001452;CA;8;6;STE BECHIR ETTAIEB DE COMMERCE;;;;ITEM_IS_OBSOLETE
27001453;CA;6;5;SUDMILK;;;;ITEM_IS_OBSOLETE
27001454;CA;16;2;STE HEDI JELASSI DISTRIBUTION NORD;;;;ITEM_IS_OBSOLETE
27001455;CA;21;11;SOCIETE IDEAL DISTRIBUTION SFAX;;;;ITEM_IS_OBSOLETE
27001456;CA;25;18;SOCIETE EL HOUDA DISTRIBUTION;;;;ITEM_IS_OBSOLETE
27001457;CA;19;0;ARMES COM;;;;ITEM_IS_OBSOLETE
27001458;CA;10;2;SOCIETE TAHA DISTRIBUTION DE SUD;;;;ITEM_IS_OBSOLETE
27001459;CA;30;3;STE AL AKREM DE COMM ET DISTRI EN GROS;;;;ITEM_IS_OBSOLETE
27001460;CA;9;2;STE BECHIR ETTAIEB DE COMMERCE;;;;ITEM_IS_OBSOLETE
27001461;CA;3;0;SUDMILK;;;;ITEM_IS_OBSOLETE
27001462;CA;6;1;STE HEDI JELASSI DISTRIBUTION NORD;;;;ITEM_IS_OBSOLETE
27001463;CA;29;0;SOCIETE IDEAL DISTRIBUTION SFAX;;;;ITEM_IS_OBSOLETE
27001464;CA;24;11;SOCIETE EL HOUDA DISTRIBUTION;;;;ITEM_IS_OBSOLETE
27001465;CA;23;11;ARMES COM;;;;ITEM_IS_OBSOLETE
27001466;CA;13;0;SOCIETE TAHA DISTRIBUTION DE SUD;;;;ITEM_IS_OBSOLETE
27001467;CA;16;11;STE AL AKREM DE COMM ET DISTRI EN GROS;;;;ITEM_IS_OBSOLETE
27001468;CA;2;0;STE BECHIR ETTAIEB DE COMMERCE;;;;ITEM_IS_OBSOLETE
27001469;CA;2;1;SUDMILK;;;;ITEM_IS_OBSOLETE
27001470;CA;17;10;STE HEDI JELASSI DISTRIBUTION NORD;;;;ITEM_IS_OBSOLETE
27001471;CA;23;8;SOCIETE IDEAL DISTRIBUTION SFAX;;;;ITEM_IS_OBSOLETE
27001472;CA;5;2;SOCIETE EL HOUDA DISTRIBUTION;;;;ITEM_IS_OBSOLETE
27001473;CA;3;0;ARMES COM;;;;ITEM_IS_OBSOLETE
27001474;CA;26;21;SOCIETE TAHA DISTRIBUTION DE SUD;;;;ITEM_IS_OBSOLETE
27001475;CA;8;3;STE AL AKREM DE COMM ET DISTRI EN GROS;;;;ITEM_IS_OBSOLETE
27001476;CA;6;2;STE BECHIR ETTAIEB DE COMMERCE;;;;ITEM_IS_OBSOLETE
27001477;CA;6;4;SUDMILK;;;;ITEM_IS_OBSOLETE
27001478;CA;10;9;STE HEDI JELASSI DISTRIBUTION NORD;;;;ITEM_IS_OBSOLETE
27001479;CA;22;7;SOCIETE IDEAL DISTRIBUTION SFAX;;;;ITEM_IS_OBSOLETE
27001480;CA;16;7;SOCIETE EL HOUDA DISTRIBUTION;;;;ITEM_IS_OBSOLETE
27001481;CA;28;7;ARMES COM;;;;ITEM_IS_OBSOLETE
27001482;CA;23;5;SOCIETE TAHA DISTRIBUTION DE SUD;;;;ITEM_IS_OBSOLETE
27001483;CA;13;2;STE AL AKREM DE COMM ET DISTRI EN GROS;;;;ITEM_IS_OBSOLETE
27001484;CA;26;7;STE BECHIR ETTAIEB DE COMMERCE;;;;ITEM_IS_OBSOLETE
27001485;CA;12;11;SUDMILK;;;;ITEM_IS_OBSOLETE
27001486;CA;22;12;STE HEDI JELASSI DISTRIBUTION NORD;;;;ITEM_IS_OBSOLETE
27001487;CA;14;11;SOCIETE IDEAL DISTRIBUTION SFAX;;;;ITEM_IS_OBSOLETE
27001488;CA;4;0;SOCIETE EL HOUDA DISTRIBUTION;;;;ITEM_IS_OBSOLETE
27001489;CA;28;2;ARMES COM;;;;ITEM_IS_OBSOLETE
27001490;CA;6;1;SOCIETE TAHA DISTRIBUTION DE SUD;;;;ITEM_IS_OBSOLETE
27001491;CA;2;1;STE AL AKREM DE COMM ET DISTRI EN GROS;;;;ITEM_IS_OBSOLETE
27001492;CA;4;2;STE BECHIR ETTAIEB DE COMMERCE;;;;ITEM_IS_OBSOLETE
27001493;CA;23;18;SUDMILK;;;;ITEM_IS_OBSOLETE
27001494;CA;17;9;STE HEDI JELASSI DISTRIBUTION NORD;;;;ITEM_IS_OBSOLETE
27001495;CA;9;1;SOCIETE IDEAL DISTRIBUTION SFAX;;;;ITEM_IS_OBSOLETE
27001496;CA;5;2;SOCIETE EL HOUDA DISTRIBUTION;;;;ITEM_IS_OBSOLETE
27001497;CA;23;16;ARMES COM;;;;ITEM_IS_OBSOLETE
27001498;CA;25;6;SOCIETE TAHA DISTRIBUTION DE SUD;;;;ITEM_IS_OBSOLETE
27001499;CA;11;9;STE AL AKREM DE COMM ET DISTRI EN GROS;;;;ITEM_IS_OBSOLETE
27001500;CA;17;2;STE BECHIR ETTAIEB DE COMMERCE;;;;ITEM_IS_OBSOLETE
27001501;CA;25;4;SUDMILK;;;;ITEM_IS_OBSOLETE
27001502;CA;29;25;STE HEDI JELASSI DISTRIBUTION NORD;;;;ITEM_IS_OBSOLETE
27001503;CA;14;9;SOCIETE IDEAL DISTRIBUTION SFAX;;;;ITEM_IS_OBSOLETE
27001504;CA;19;12;SOCIETE EL HOUDA DISTRIBUTION;;;;ITEM_IS_OBSOLETE
27001505;CA;9;0;ARMES COM;;;;ITEM_IS_OBSOLETE
27001506;CA;21;19;SOCIETE TAHA DISTRIBUTION DE SUD;;;;ITEM_IS_OBSOLETE
27001507;CA;14;1;STE AL AKREM DE COMM ET DISTRI EN GROS;;;;ITEM_IS_OBSOLETE
27001508;CA;15;1;STE BECHIR ETTAIEB DE COMMERCE;;;;ITEM_IS_OBSOLETE
27001509;CA;5;1;SUDMILK;;;;ITEM_IS_OBSOLETE
27001510;CA;15;8;STE HEDI JELASSI DISTRIBUTION NORD;;;;ITEM_IS_OBSOLETE
27001511;CA;20;9;SOCIETE IDEAL DISTRIBUTION SFAX;;;;ITEM_IS_OBSOLETE
27001512;CA;17;7;SOCIETE EL HOUDA DISTRIBUTION;;;;ITEM_IS_OBSOLETE
27001513;CA;19;18;ARMES COM;;;;ITEM_IS_OBSOLETE
27001514;CA;19;2;SOCIETE TAHA DISTRIBUTION DE SUD;;;;ITEM_IS_OBSOLETE
27001515;CA;15;5;STE AL AKREM DE COMM ET DISTRI EN GROS;;;;ITEM_IS_OBSOLETE
27001516;CA;5;4;STE BECHIR ETTAIEB DE COMMERCE;;;;ITEM_IS_OBSOLETE
27001517;CA;20;5;SUDMILK;;;;ITEM_IS_OBSOLETE
27001518;CA;29;4;STE HEDI JELASSI DISTRIBUTION NORD;;;;ITEM_IS_OBSOLETE
27001519;CA;12;7;SOCIETE IDEAL DISTRIBUTION SFAX;;;;ITEM_IS_OBSOLETE
27001520;CA;6;4;SOCIETE EL HOUDA DISTRIBUTION;;;;ITEM_IS_OBSOLETE
27001521;CA;17;1;ARMES COM;;;;ITEM_IS_OBSOLETE
27001522;CA;14;2;SOCIETE TAHA DISTRIBUTION DE SUD;;;;ITEM_IS_OBSOLETE
27001523;CA;5;0;STE AL AKREM DE COMM ET DISTRI EN GROS;;;;ITEM_IS_OBSOLETE
27001524;CA;30;0;STE BECHIR ETTAIEB DE COMMERCE;;;;ITEM_IS_OBSOLETE
27001525;CA;20;1;SUDMILK;;;;ITEM_IS_OBSOLETE
27001526;CA;25;22;STE HEDI JELASSI DISTRIBUTION NORD;;;;ITEM_IS_OBSOLETE
27001527;CA;17;8;SOCIETE IDEAL DISTRIBUTION SFAX;;;;ITEM_IS_OBSOLETE
27001528;CA;25;14;SOCIETE EL HOUDA DISTRIBUTION;;;;ITEM_IS_OBSOLETE
27001529;CA;4;0;ARMES COM;;;;ITEM_IS_OBSOLETE
27001530;CA;11;0;SOCIETE TAHA DISTRIBUTION DE SUD;;;;ITEM_IS_OBSOLETE
27001531;CA;11;6;STE AL AKREM DE COMM ET DISTRI EN GROS;;;;ITEM_IS_OBSOLETE
27001532;CA;13;5;STE BECHIR ETTAIEB DE COMMERCE;;;;ITEM_IS_OBSOLETE
27001533;CA;20;5;SUDMILK;;;;ITEM_IS_OBSOLETE
27001534;CA;13;12;STE HEDI JELASSI DISTRIBUTION NORD;;;;ITEM_IS_OBSOLETE
27001535;CA;26;2;SOCIETE IDEAL DISTRIBUTION SFAX;;;;ITEM_IS_OBSOLETE
27001536;CA;30;18;SOCIETE EL HOUDA DISTRIBUTION;;;;ITEM_IS_OBSOLETE
27001537;CA;24;14;ARMES COM;;;;ITEM_IS_OBSOLETE
27001538;CA;22;5;SOCIETE TAHA DISTRIBUTION DE SUD;;;;ITEM_IS_OBSOLETE
27001539;CA;3;0;STE AL AKREM DE COMM ET DISTRI EN GROS;;;;ITEM_IS_OBSOLETE
27001540;CA;25;0;STE BECHIR ETTAIEB DE COMMERCE;;;;ITEM_IS_OBSOLETE
27001541;CA;17;15;SUDMILK;;;;ITEM_IS_OBSOLETE
27001542;CA;10;1;STE HEDI JELASSI DISTRIBUTION NORD;;;;ITEM_IS_OBSOLETE
27001543;CA;25;2;SOCIETE IDEAL DISTRIBUTION SFAX;;;;ITEM_IS_OBSOLETE
27001544;CA;23;4;SOCIETE EL HOUDA DISTRIBUTION;;;;ITEM_IS_OBSOLETE
27001545;CA;17;5;ARMES COM;;;;ITEM_IS_OBSOLETE
27001546;CA;4;3;SOCIETE TAHA DISTRIBUTION DE SUD;;;;ITEM_IS_OBSOLETE
27001547;CA;22;6;STE AL AKREM DE COMM ET DISTRI EN GROS;;;;ITEM_IS_OBSOLETE
27001548;CA;11;8;STE BECHIR ETTAIEB DE COMMERCE;;;;ITEM_IS_OBSOLETE
27001549;CA;29;20;SUDMILK;;;;ITEM_IS_OBSOLETE
27001550;CA;14;9;STE HEDI JELASSI DISTRIBUTION NORD;;;;ITEM_IS_OBSOLETE
27001551;CA;27;3;SOCIETE IDEAL DISTRIBUTION SFAX;;;;ITEM_IS_OBSOLETE
27001552;CA;4;0;SOCIETE EL HOUDA DISTRIBUTION;;;;ITEM_IS_OBSOLETE
27001553;CA;13;10;ARMES COM;;;;ITEM_IS_OBSOLETE
27001554;CA;18;4;SOCIETE TAHA DISTRIBUTION DE SUD;;;;ITEM_IS_OBSOLETE
27001555;CA;11;7;STE AL AKREM DE COMM ET DISTRI EN GROS;;;;ITEM_IS_OBSOLETE
27001556;CA;22;10;STE BECHIR ETTAIEB DE COMMERCE;;;;ITEM_IS_OBSOLETE
27001557;CA;13;10;SUDMILK;;;;ITEM_IS_OBSOLETE
27001558;CA;12;8;STE HEDI JELASSI DISTRIBUTION NORD;;;;ITEM_IS_OBSOLETE
27001559;CA;14;4;SOCIETE IDEAL DISTRIBUTION SFAX;;;;ITEM_IS_OBSOLETE
27001560;CA;30;26;SOCIETE EL HOUDA DISTRIBUTION;;;;ITEM_IS_OBSOLETE
27001561;CA;16;11;ARMES COM;;;;ITEM_IS_OBSOLETE
27001562;CA;23;19;SOCIETE TAHA DISTRIBUTION DE SUD;;;;ITEM_IS_OBSOLETE
27001563;CA;3;0;STE AL AKREM DE COMM ET DISTRI EN GROS;;;;ITEM_IS_OBSOLETE
27001564;CA;10;6;STE BECHIR ETTAIEB DE COMMERCE;;;;ITEM_IS_OBSOLETE
27001565;CA;27;18;SUDMILK;;;;ITEM_IS_OBSOLETE
27001566;CA;15;10;STE HEDI JELASSI DISTRIBUTION NORD;;;;ITEM_IS_OBSOLETE
27001567;CA;24;22;SOCIETE IDEAL DISTRIBUTION SFAX;;;;ITEM_IS_OBSOLETE
27001568;CA;10;1;SOCIETE EL HOUDA DISTRIBUTION;;;;ITEM_IS_OBSOLETE
27001569;CA;4;0;ARMES COM;;;;ITEM_IS_OBSOLETE
27001570;CA;5;2;SOCIETE TAHA DISTRIBUTION DE SUD;;;;ITEM_IS_OBSOLETE
27001571;CA;27;16;STE AL AKREM DE COMM ET DISTRI EN GROS;;;;ITEM_IS_OBSOLETE
27001572;CA;12;2;STE BECHIR ETTAIEB DE COMMERCE;;;;ITEM_IS_OBSOLETE
27001573;CA;18;7;SUDMILK;;;;ITEM_IS_OBSOLETE
27001574;CA;14;10;STE HEDI JELASSI DISTRIBUTION NORD;;;;ITEM_IS_OBSOLETE
27001575;CA;30;29;SOCIETE IDEAL DISTRIBUTION SFAX;;;;ITEM_IS_OBSOLETE
27001576;CA;18;7;SOCIETE EL HOUDA DISTRIBUTION;;;;ITEM_IS_OBSOLETE
27001577;CA;18;4;ARMES COM;;;;ITEM_IS_OBSOLETE
27001578;CA;24;0;SOCIETE TAHA DISTRIBUTION DE SUD;;;;ITEM_IS_OBSOLETE
27001579;CA;29;26;STE AL AKREM DE COMM ET DISTRI EN GROS;;;;ITEM_IS_OBSOLETE
27001580;CA;16;11;STE BECHIR ETTAIEB DE COMMERCE;;;;ITEM_IS_OBSOLETE
27001581;CA;18;13;SUDMILK;;;;ITEM_IS_OBSOLETE
27001582;CA;11;0;STE HEDI JELASSI DISTRIBUTION NORD;;;;ITEM_IS_OBSOLETE
27001583;CA;18;4;SOCIETE IDEAL DISTRIBUTION SFAX;;;;ITEM_IS_OBSOLETE
27001584;CA;4;2;SOCIETE EL HOUDA DISTRIBUTION;;;;ITEM_IS_OBSOLETE
27001585;CA;10;6;ARMES COM;;;;ITEM_IS_OBSOLETE
27001586;CA;22;4;SOCIETE TAHA DISTRIBUTION DE SUD;;;;ITEM_IS_OBSOLETE
27001587;CA;20;16;STE AL AKREM DE COMM ET DISTRI EN GROS;;;;ITEM_IS_OBSOLETE
27001588;CA;11;3;STE BECHIR ETTAIEB DE COMMERCE;;;;ITEM_IS_OBSOLETE
27001589;CA;18;12;SUDMILK;;;;ITEM_IS_OBSOLETE
27001590;CA;19;16;STE HEDI JELASSI DISTRIBUTION NORD;;;;ITEM_IS_OBSOLETE
27001591;CA;6;0;SOCIETE IDEAL DISTRIBUTION SFAX;;;;ITEM_IS_OBSOLETE
27001592;CA;19;14;SOCIETE EL HOUDA DISTRIBUTION;;;;ITEM_IS_OBSOLETE
27001593;CA;18;16;ARMES COM;;;;ITEM_IS_OBSOLETE
27001594;CA;13;11;SOCIETE TAHA DISTRIBUTION DE SUD;;;;ITEM_IS_OBSOLETE
27001595;CA;25;11;STE AL AKREM DE COMM ET DISTRI EN GROS;;;;ITEM_IS_OBSOLETE
27001596;CA;3;2;STE BECHIR ETTAIEB DE COMMERCE;;;;ITEM_IS_OBSOLETE
27001597;CA;13;11;SUDMILK;;;;ITEM_IS_OBSOLETE
27001598;CA;30;25;STE HEDI JELASSI DISTRIBUTION NORD;;;;ITEM_IS_OBSOLETE
27001599;CA;18;10;SOCIETE IDEAL DISTRIBUTION SFAX;;;;ITEM_IS_OBSOLETE
27001600;CA;12;1;SOCIETE EL HOUDA DISTRIBUTION;;;;ITEM_IS_OBSOLETE
27001601;CA;11;9;ARMES COM;;;;ITEM_IS_OBSOLETE
27001602;CA;3;1;SOCIETE TAHA DISTRIBUTION DE SUD;;;;ITEM_IS_OBSOLETE
27001603;CA;30;18;STE AL AKREM DE COMM ET DISTRI EN GROS;;;;ITEM_IS_OBSOLETE
27001604;CA;3;1;STE BECHIR ETTAIEB DE COMMERCE;;;;ITEM_IS_OBSOLETE
27001605;CA;9;6;SUDMILK;;;;ITEM_IS_OBSOLETE
27001606;CA;24;15;STE HEDI JELASSI DISTRIBUTION NORD;;;;ITEM_IS_OBSOLETE
27001607;CA;16;8;SOCIETE IDEAL DISTRIBUTION SFAX;;;;ITEM_IS_OBSOLETE
27001608;CA;20;8;SOCIETE EL HOUDA DISTRIBUTION;;;;ITEM_IS_OBSOLETE
27001609;CA;23;17;ARMES COM;;;;ITEM_IS_OBSOLETE
27001610;CA;8;6;SOCIETE TAHA DISTRIBUTION DE SUD;;;;ITEM_IS_OBSOLETE
27001611;CA;5;1;STE AL AKREM DE COMM ET DISTRI EN GROS;;;;ITEM_IS_OBSOLETE
27001612;CA;11;2;STE BECHIR ETTAIEB DE COMMERCE;;;;ITEM_IS_OBSOLETE
27001613;CA;13;6;SUDMILK;;;;ITEM_IS_OBSOLETE
27001614;CA;21;13;STE HEDI JELASSI DISTRIBUTION NORD;;;;ITEM_IS_OBSOLETE
27001615;CA;9;6;SOCIETE IDEAL DISTRIBUTION SFAX;;;;ITEM_IS_OBSOLETE
27001616;CA;16;2;SOCIETE EL HOUDA DISTRIBUTION;;;;ITEM_IS_OBSOLETE
27001617;CA;18;9;ARMES COM;;;;ITEM_IS_OBSOLETE
27001618;CA;14;3;SOCIETE TAHA DISTRIBUTION DE SUD;;;;ITEM_IS_OBSOLETE
27001619;CA;7;1;STE AL AKREM DE COMM ET DISTRI EN GROS;;;;ITEM_IS_OBSOLETE
27001620;CA;28;14;STE BECHIR ETTAIEB DE COMMERCE;;;;ITEM_IS_OBSOLETE
27001621;CA;4;0;SUDMILK;;;;ITEM_IS_OBSOLETE
27001622;CA;21;7;STE HEDI JELASSI DISTRIBUTION NORD;;;;ITEM_IS_OBSOLETE
27001623;CA;15;7;SOCIETE IDEAL DISTRIBUTION SFAX;;;;ITEM_IS_OBSOLETE
27001624;CA;4;1;SOCIETE EL HOUDA DISTRIBUTION;;;;ITEM_IS_OBSOLETE
27001625;CA;3;1;ARMES COM;;;;ITEM_IS_OBSOLETE
27001626;CA;9;3;SOCIETE TAHA DISTRIBUTION DE SUD;;;;ITEM_IS_OBSOLETE
27001627;CA;14;9;STE AL AKREM DE COMM ET DISTRI EN GROS;;;;ITEM_IS_OBSOLETE
27001628;CA;5;1;STE BECHIR ETTAIEB DE COMMERCE;;;;ITEM_IS_OBSOLETE
27001629;CA;9;7;SUDMILK;;;;ITEM_IS_OBSOLETE
27001630;CA;10;9;STE HEDI JELASSI DISTRIBUTION NORD;;;;ITEM_IS_OBSOLETE
27001631;CA;17;2;SOCIETE IDEAL DISTRIBUTION SFAX;;;;ITEM_IS_OBSOLETE
27001632;CA;29;8;SOCIETE EL HOUDA DISTRIBUTION;;;;ITEM_IS_OBSOLETE
27001633;CA;5;3;ARMES COM;;;;ITEM_IS_OBSOLETE
27001634;CA;4;2;SOCIETE TAHA DISTRIBUTION DE SUD;;;;ITEM_IS_OBSOLETE
27001635;CA;7;4;STE AL AKREM DE COMM ET DISTRI EN GROS;;;;ITEM_IS_OBSOLETE
27001636;CA;26;10;STE BECHIR ETTAIEB DE COMMERCE;;;;ITEM_IS_OBSOLETE
27001637;CA;9;3;SUDMILK;;;;ITEM_IS_OBSOLETE
27001638;CA;22;0;STE HEDI JELASSI DISTRIBUTION NORD;;;;ITEM_IS_OBSOLETE
27001639;CA;5;1;SOCIETE IDEAL DISTRIBUTION SFAX;;;;ITEM_IS_OBSOLETE
27001640;CA;6;0;SOCIETE EL HOUDA DISTRIBUTION;;;;ITEM_IS_OBSOLETE
27001641;CA;25;12;ARMES COM;;;;ITEM_IS_OBSOLETE
27001642;CA;4;0;SOCIETE TAHA DISTRIBUTION DE SUD;;;;ITEM_IS_OBSOLETE
27001643;CA;13;7;STE AL AKREM DE COMM ET DISTRI EN GROS;;;;ITEM_IS_OBSOLETE
27001644;CA;26;19;STE BECHIR ETTAIEB DE COMMERCE;;;;ITEM_IS_OBSOLETE
27001645;CA;17;6;SUDMILK;;;;ITEM_IS_OBSOLETE
27001646;CA;16;4;STE HEDI JELASSI DISTRIBUTION NORD;;;;ITEM_IS_OBSOLETE
27001647;CA;7;4;SOCIETE IDEAL DISTRIBUTION SFAX;;;;ITEM_IS_OBSOLETE
27001648;CA;14;9;SOCIETE EL HOUDA DISTRIBUTION;;;;ITEM_IS_OBSOLETE
27001649;CA;28;9;ARMES COM;;;;ITEM_IS_OBSOLETE
27001650;CA;18;13;SOCIETE TAHA DISTRIBUTION DE SUD;;;;ITEM_IS_OBSOLETE
27001651;CA;24;21;STE AL AKREM DE COMM ET DISTRI EN GROS;;;;ITEM_IS_OBSOLETE
27001652;CA;29;2;STE BECHIR ETTAIEB DE COMMERCE;;;;ITEM_IS_OBSOLETE
27001653;CA;21;10;SUDMILK;;;;ITEM_IS_OBSOLETE
27001654;CA;27;14;STE HEDI JELASSI DISTRIBUTION NORD;;;;ITEM_IS_OBSOLETE
27001655;CA;17;14;SOCIETE IDEAL DISTRIBUTION SFAX;;;;ITEM_IS_OBSOLETE
27001656;CA;29;0;SOCIETE EL HOUDA DISTRIBUTION;;;;ITEM_IS_OBSOLETE
27001657;CA;10;9;ARMES COM;;;;ITEM_IS_OBSOLETE
27001658;CA;28;13;SOCIETE TAHA DISTRIBUTION DE SUD;;;;ITEM_IS_OBSOLETE
27001659;CA;3;1;STE AL AKREM DE COMM ET DISTRI EN GROS;;;;ITEM_IS_OBSOLETE
27001660;CA;6;0;STE BECHIR ETTAIEB DE COMMERCE;;;;ITEM_IS_OBSOLETE
27001661;CA;24;3;SUDMILK;;;;ITEM_IS_OBSOLETE
27001662;CA;9;6;STE HEDI JELASSI DISTRIBUTION NORD;;;;ITEM_IS_OBSOLETE
27001663;CA;13;10;SOCIETE IDEAL DISTRIBUTION SFAX;;;;ITEM_IS_OBSOLETE
27001664;CA;9;3;SOCIETE EL HOUDA DISTRIBUTION;;;;ITEM_IS_OBSOLETE
27001665;CA;12;10;ARMES COM;;;;ITEM_IS_OBSOLETE
27001666;CA;8;5;SOCIETE TAHA DISTRIBUTION DE SUD;;;;ITEM_IS_OBSOLETE
27001667;CA;11;9;STE AL AKREM DE COMM ET DISTRI EN GROS;;;;ITEM_IS_OBSOLETE
27001668;CA;29;27;STE BECHIR ETTAIEB DE COMMERCE;;;;ITEM_IS_OBSOLETE
27001669;CA;8;3;SUDMILK;;;;ITEM_IS_OBSOLETE
27001670;CA;6;3;STE HEDI JELASSI DISTRIBUTION NORD;;;;ITEM_IS_OBSOLETE
27001671;CA;4;1;SOCIETE IDEAL DISTRIBUTION SFAX;;;;ITEM_IS_OBSOLETE
27001672;CA;12;5;SOCIETE EL HOUDA DISTRIBUTION;;;;ITEM_IS_OBSOLETE
27001673;CA;7;1;ARMES COM;;;;ITEM_IS_OBSOLETE
27001674;CA;25;7;SOCIETE TAHA DISTRIBUTION DE SUD;;;;ITEM_IS_OBSOLETE
27001675;CA;2;1;STE AL AKREM DE COMM ET DISTRI EN GROS;;;;ITEM_IS_OBSOLETE
27001676;CA;17;7;STE BECHIR ETTAIEB DE COMMERCE;;;;ITEM_IS_OBSOLETE
27001677;CA;27;15;SUDMILK;;;;ITEM_IS_OBSOLETE
27001678;CA;10;5;STE HEDI JELASSI DISTRIBUTION NORD;;;;ITEM_IS_OBSOLETE
27001679;CA;28;10;SOCIETE IDEAL DISTRIBUTION SFAX;;;;ITEM_IS_OBSOLETE
27001680;CA;6;5;SOCIETE EL HOUDA DISTRIBUTION;;;;ITEM_IS_OBSOLETE
27001681;CA;21;4;ARMES COM;;;;ITEM_IS_OBSOLETE
27001682;CA;5;3;SOCIETE TAHA DISTRIBUTION DE SUD;;;;ITEM_IS_OBSOLETE
27001683;CA;19;12;STE AL AKREM DE COMM ET DISTRI EN GROS;;;;ITEM_IS_OBSOLETE
27001684;CA;22;3;STE BECHIR ETTAIEB DE COMMERCE;;;;ITEM_IS_OBSOLETE
27001685;CA;4;1;SUDMILK;;;;ITEM_IS_OBSOLETE
27001686;CA;24;18;STE HEDI JELASSI DISTRIBUTION NORD;;;;ITEM_IS_OBSOLETE
27001687;CA;12;8;SOCIETE IDEAL DISTRIBUTION SFAX;;;;ITEM_IS_OBSOLETE
27001688;CA;11;2;SOCIETE EL HOUDA DISTRIBUTION;;;;ITEM_IS_OBSOLETE
27001689;CA;4;2;ARMES COM;;;;ITEM_IS_OBSOLETE
27001690;CA;20;9;SOCIETE TAHA DISTRIBUTION DE SUD;;;;ITEM_IS_OBSOLETE
27001691;CA;17;6;STE AL AKREM DE COMM ET DISTRI EN GROS;;;;ITEM_IS_OBSOLETE
27001692;CA;25;2;STE BECHIR ETTAIEB DE COMMERCE;;;;ITEM_IS_OBSOLETE
27001693;CA;27;21;SUDMILK;;;;ITEM_IS_OBSOLETE
27001694;CA;2;0;STE HEDI JELASSI DISTRIBUTION NORD;;;;ITEM_IS_OBSOLETE
27001695;CA;26;6;SOCIETE IDEAL DISTRIBUTION SFAX;;;;ITEM_IS_OBSOLETE
27001696;CA;27;15;SOCIETE EL HOUDA DISTRIBUTION;;;;ITEM_IS_OBSOLETE
27001697;CA;25;2;ARMES COM;;;;ITEM_IS_OBSOLETE
27001698;CA;7;6;SOCIETE TAHA DISTRIBUTION DE SUD;;;;ITEM_IS_OBSOLETE
27001699;CA;28;6;STE AL AKREM DE COMM ET DISTRI EN GROS;;;;ITEM_IS_OBSOLETE
27001700;CA;26;14;STE BECHIR ETTAIEB DE COMMERCE;;;;ITEM_IS_OBSOLETE
27001701;CA;29;22;SUDMILK;;;;ITEM_IS_OBSOLETE
27001702;CA;19;15;STE HEDI JELASSI DISTRIBUTION NORD;;;;ITEM_IS_OBSOLETE
27001703;CA;24;6;SOCIETE IDEAL DISTRIBUTION SFAX;;;;ITEM_IS_OBSOLETE
27001704;CA;30;20;SOCIETE EL HOUDA DISTRIBUTION;;;;ITEM_IS_OBSOLETE
27001705;CA;10;8;ARMES COM;;;;ITEM_IS_OBSOLETE
27001706;CA;6;2;SOCIETE TAHA DISTRIBUTION DE SUD;;;;ITEM_IS_OBSOLETE
27001707;CA;16;9;STE AL AKREM DE COMM ET DISTRI EN GROS;;;;ITEM_IS_OBSOLETE
27001708;CA;27;13;STE BECHIR ETTAIEB DE COMMERCE;;;;ITEM_IS_OBSOLETE
27001709;CA;23;10;SUDMILK;;;;ITEM_IS_OBSOLETE
27001710;CA;13;2;STE HEDI JELASSI DISTRIBUTION NORD;;;;ITEM_IS_OBSOLETE
27001711;CA;22;10;SOCIETE IDEAL DISTRIBUTION SFAX;;;;ITEM_IS_OBSOLETE
27001712;CA;9;3;SOCIETE EL HOUDA DISTRIBUTION;;;;ITEM_IS_OBSOLETE
27001713;CA;8;1;ARMES COM;;;;ITEM_IS_OBSOLETE
27001714;CA;29;26;SOCIETE TAHA DISTRIBUTION DE SUD;;;;ITEM_IS_OBSOLETE
27001715;CA;21;13;STE AL AKREM DE COMM ET DISTRI EN GROS;;;;ITEM_IS_OBSOLETE
27001716;CA;27;1;STE BECHIR ETTAIEB DE COMMERCE;;;;ITEM_IS_OBSOLETE
27001717;CA;30;8;SUDMILK;;;;ITEM_IS_OBSOLETE
27001718;CA;19;12;STE HEDI JELASSI DISTRIBUTION NORD;;;;ITEM_IS_OBSOLETE
27001719;CA;9;5;SOCIETE IDEAL DISTRIBUTION SFAX;;;;ITEM_IS_OBSOLETE
27001720;CA;27;11;SOCIETE EL HOUDA DISTRIBUTION;;;;ITEM_IS_OBSOLETE
27001721;CA;14;9;ARMES COM;;;;ITEM_IS_OBSOLETE
27001722;CA;3;1;SOCIETE TAHA DISTRIBUTION DE SUD;;;;ITEM_IS_OBSOLETE
27001723;CA;8;6;STE AL AKREM DE COMM ET DISTRI EN GROS;;;;ITEM_IS_OBSOLETE
27001724;CA;5;4;STE BECHIR ETTAIEB DE COMMERCE;;;;ITEM_IS_OBSOLETE
27001725;CA;7;5;SUDMILK;;;;ITEM_IS_OBSOLETE
27001726;CA;25;5;STE HEDI JELASSI DISTRIBUTION NORD;;;;ITEM_IS_OBSOLETE
27001727;CA;5;0;SOCIETE IDEAL DISTRIBUTION SFAX;;;;ITEM_IS_OBSOLETE
27001728;CA;19;17;SOCIETE EL HOUDA DISTRIBUTION;;;;ITEM_IS_OBSOLETE
27001729;CA;17;12;ARMES COM;;;;ITEM_IS_OBSOLETE
27001730;CA;12;7;SOCIETE TAHA DISTRIBUTION DE SUD;;;;ITEM_IS_OBSOLETE
27001731;CA;12;0;STE AL AKREM DE COMM ET DISTRI EN GROS;;;;ITEM_IS_OBSOLETE
27001732;CA;20;17;STE BECHIR ETTAIEB DE COMMERCE;;;;ITEM_IS_OBSOLETE
27001733;CA;6;0;SUDMILK;;;;ITEM_IS_OBSOLETE
27001734;CA;29;23;STE HEDI JELASSI DISTRIBUTION NORD;;;;ITEM_IS_OBSOLETE
27001735;CA;4;2;SOCIETE IDEAL DISTRIBUTION SFAX;;;;ITEM_IS_OBSOLETE
27001736;CA;11;7;SOCIETE EL HOUDA DISTRIBUTION;;;;ITEM_IS_OBSOLETE
27001737;CA;21;13;ARMES COM;;;;ITEM_IS_OBSOLETE
27001738;CA;26;11;SOCIETE TAHA DISTRIBUTION DE SUD;;;;ITEM_IS_OBSOLETE
27001739;CA;29;11;STE AL AKREM DE COMM ET DISTRI EN GROS;;;;ITEM_IS_OBSOLETE
27001740;CA;13;10;STE BECHIR ETTAIEB DE COMMERCE;;;;ITEM_IS_OBSOLETE
27001741;CA;15;11;SUDMILK;;;;ITEM_IS_OBSOLETE
27001742;CA;15;8;STE HEDI JELASSI DISTRIBUTION NORD;;;;ITEM_IS_OBSOLETE
27001743;CA;21;17;SOCIETE IDEAL DISTRIBUTION SFAX;;;;ITEM_IS_OBSOLETE
27001744;CA;3;2;SOCIETE EL HOUDA DISTRIBUTION;;;;ITEM_IS_OBSOLETE
27001745;CA;14;4;ARMES COM;;;;ITEM_IS_OBSOLETE
27001746;CA;23;8;SOCIETE TAHA DISTRIBUTION DE SUD;;;;ITEM_IS_OBSOLETE
27001747;CA;15;2;STE AL AKREM DE COMM ET DISTRI EN GROS;;;;ITEM_IS_OBSOLETE
27001748;CA;17;10;STE BECHIR ETTAIEB DE COMMERCE;;;;ITEM_IS_OBSOLETE
27001749;CA;30;8;SUDMILK;;;;ITEM_IS_OBSOLETE
27001750;CA;25;21;STE HEDI JELASSI DISTRIBUTION NORD;;;;ITEM_IS_OBSOLETE
27001751;CA;19;6;SOCIETE IDEAL DISTRIBUTION SFAX;;;;ITEM_IS_OBSOLETE
27001752;CA;17;12;SOCIETE EL HOUDA DISTRIBUTION;;;;ITEM_IS_OBSOLETE
27001753;CA;18;13;ARMES COM;;;;ITEM_IS_OBSOLETE
27001754;CA;8;5;SOCIETE TAHA DISTRIBUTION DE SUD;;;;ITEM_IS_OBSOLETE
27001755;CA;24;21;STE AL AKREM DE COMM ET DISTRI EN GROS;;;;ITEM_IS_OBSOLETE
27001756;CA;29;18;STE BECHIR ETTAIEB DE COMMERCE;;;;ITEM_IS_OBSOLETE
27001757;CA;17;11;SUDMILK;;;;ITEM_IS_OBSOLETE
27001758;CA;26;24;STE HEDI JELASSI DISTRIBUTION NORD;;;;ITEM_IS_OBSOLETE
27001759;CA;24;15;SOCIETE IDEAL DISTRIBUTION SFAX;;;;ITEM_IS_OBSOLETE
27001760;CA;22;0;SOCIETE EL HOUDA DISTRIBUTION;;;;ITEM_IS_OBSOLETE
27001761;CA;29;20;ARMES COM;;;;ITEM_IS_OBSOLETE
27001762;CA;23;4;SOCIETE TAHA DISTRIBUTION DE SUD;;;;ITEM_IS_OBSOLETE
27001763;CA;5;2;STE AL AKREM DE COMM ET DISTRI EN GROS;;;;ITEM_IS_OBSOLETE
27001764;CA;15;6;STE BECHIR ETTAIEB DE COMMERCE;;;;ITEM_IS_OBSOLETE
27001765;CA;9;6;SUDMILK;;;;ITEM_IS_OBSOLETE
27001766;CA;25;9;STE HEDI JELASSI DISTRIBUTION NORD;;;;ITEM_IS_OBSOLETE
27001767;CA;23;22;SOCIETE IDEAL DISTRIBUTION SFAX;;;;ITEM_IS_OBSOLETE
27001768;CA;22;11;SOCIETE EL HOUDA DISTRIBUTION;;;;ITEM_IS_OBSOLETE
27001769;CA;10;1;ARMES COM;;;;ITEM_IS_OBSOLETE
27001770;CA;23;7;SOCIETE TAHA DISTRIBUTION DE SUD;;;;ITEM_IS_OBSOLETE
27001771;CA;6;1;STE AL AKREM DE COMM ET DISTRI EN GROS;;;;ITEM_IS_OBSOLETE
27001772;CA;7;6;STE BECHIR ETTAIEB DE COMMERCE;;;;ITEM_IS_OBSOLETE
27001773;CA;12;11;SUDMILK;;;;ITEM_IS_OBSOLETE
27001774;CA;12;3;STE HEDI JELASSI DISTRIBUTION NORD;;;;ITEM_IS_OBSOLETE
27001775;CA;2;1;SOCIETE IDEAL DISTRIBUTION SFAX;;;;ITEM_IS_OBSOLETE
27001776;CA;13;11;SOCIETE EL HOUDA DISTRIBUTION;;;;ITEM_IS_OBSOLETE
27001777;CA;25;5;ARMES COM;;;;ITEM_IS_OBSOLETE
27001778;CA;5;3;SOCIETE TAHA DISTRIBUTION DE SUD;;;;ITEM_IS_OBSOLETE
27001779;CA;28;16;STE AL AKREM DE COMM ET DISTRI EN GROS;;;;ITEM_IS_OBSOLETE
27001780;CA;25;21;STE BECHIR ETTAIEB DE COMMERCE;;;;ITEM_IS_OBSOLETE
27001781;CA;23;2;STE BECHIR ETTAIEB DE COMMERCE;;;;ITEM_BRANCH_RECORDS
27001782;CA;6;1;SUDMILK;;;;ITEM_BRANCH_RECORDS
27001783;CA;29;26;STE HEDI JELASSI DISTRIBUTION NORD;;;;ITEM_BRANCH_RECORDS
27001784;CA;14;3;SOCIETE IDEAL DISTRIBUTION SFAX;;;;ITEM_BRANCH_RECORDS
27001785;CA;12;3;SOCIETE EL HOUDA DISTRIBUTION;;;;ITEM_BRANCH_RECORDS
27001786;CA;16;6;ARMES COM;;;;ITEM_BRANCH_RECORDS
27001787;CA;5;4;SOCIETE TAHA DISTRIBUTION DE SUD;;;;ITEM_BRANCH_RECORDS
27001788;CA;13;5;STE AL AKREM DE COMM ET DISTRI EN GROS;;;;ITEM_BRANCH_RECORDS
27001789;CA;23;20;STE BECHIR ETTAIEB DE COMMERCE;;;;ITEM_BRANCH_RECORDS
27001790;CA;8;2;SUDMILK;;;;ITEM_BRANCH_RECORDS
27001791;CA;8;2;STE HEDI JELASSI DISTRIBUTION NORD;;;;ITEM_BRANCH_RECORDS
27001792;CA;6;2;SOCIETE IDEAL DISTRIBUTION SFAX;;;;ITEM_BRANCH_RECORDS
27001793;CA;7;1;SOCIETE EL HOUDA DISTRIBUTION;;;;ITEM_BRANCH_RECORDS
27001794;CA;4;2;ARMES COM;;;;ITEM_BRANCH_RECORDS
27001795;CA;23;14;SOCIETE TAHA DISTRIBUTION DE SUD;;;;ITEM_BRANCH_RECORDS
27001796;CA;4;3;STE AL AKREM DE COMM ET DISTRI EN GROS;;;;ITEM_BRANCH_RECORDS
27001797;CA;9;5;STE BECHIR ETTAIEB DE COMMERCE;;;;ITEM_BRANCH_RECORDS
27001798;CA;27;17;SUDMILK;;;;ITEM_BRANCH_RECORDS
27001799;CA;21;12;STE HEDI JELASSI DISTRIBUTION NORD;;;;ITEM_BRANCH_RECORDS
27001800;CA;13;1;SOCIETE IDEAL DISTRIBUTION SFAX;;;;ITEM_BRANCH_RECORDS
27001801;CA;20;7;SOCIETE EL HOUDA DISTRIBUTION;;;;ITEM_BRANCH_RECORDS
27001802;CA;2;0;ARMES COM;;;;ITEM_BRANCH_RECORDS
27001803;CA;9;8;SOCIETE TAHA DISTRIBUTION DE SUD;;;;ITEM_BRANCH_RECORDS
27001804;CA;21;17;STE AL AKREM DE COMM ET DISTRI EN GROS;;;;ITEM_BRANCH_RECORDS
27001805;CA;23;2;STE BECHIR ETTAIEB DE COMMERCE;;;;ITEM_BRANCH_RECORDS
27001806;CA;29;4;SUDMILK;;;;ITEM_BRANCH_RECORDS
27001807;CA;4;0;STE HEDI JELASSI DISTRIBUTION NORD;;;;ITEM_BRANCH_RECORDS
27001808;CA;27;3;SOCIETE IDEAL DISTRIBUTION SFAX;;;;ITEM_BRANCH_RECORDS
27001809;CA;4;0;SOCIETE EL HOUDA DISTRIBUTION;;;;ITEM_BRANCH_RECORDS
27001810;CA;10;4;ARMES COM;;;;ITEM_BRANCH_RECORDS
27001811;CA;5;4;SOCIETE TAHA DISTRIBUTION DE SUD;;;;ITEM_BRANCH_RECORDS
27001812;CA;12;5;STE AL AKREM DE COMM ET DISTRI EN GROS;;;;ITEM_BRANCH_RECORDS
27001813;CA;16;14;STE BECHIR ETTAIEB DE COMMERCE;;;;ITEM_BRANCH_RECORDS
27001814;CA;18;13;SUDMILK;;;;ITEM_BRANCH_RECORDS
27001815;CA;25;24;STE HEDI JELASSI DISTRIBUTION NORD;;;;ITEM_BRANCH_RECORDS
27001816;CA;21;4;SOCIETE IDEAL DISTRIBUTION SFAX;;;;ITEM_BRANCH_RECORDS
27001817;CA;28;27;SOCIETE EL HOUDA DISTRIBUTION;;;;ITEM_BRANCH_RECORDS
27001818;CA;18;16;ARMES COM;;;;ITEM_BRANCH_RECORDS
27001819;CA;23;16;SOCIETE TAHA DISTRIBUTION DE SUD;;;;ITEM_BRANCH_RECORDS
27001820;CA;8;0;STE AL AKREM DE COMM ET DISTRI EN GROS;;;;ITEM_BRANCH_RECORDS
27001821;CA;23;7;STE BECHIR ETTAIEB DE COMMERCE;;;;ITEM_BRANCH_RECORDS
27001822;CA;26;16;SUDMILK;;;;ITEM_BRANCH_RECORDS
27001823;CA;3;0;STE HEDI JELASSI DISTRIBUTION NORD;;;;ITEM_BRANCH_RECORDS
27001824;CA;27;12;SOCIETE IDEAL DISTRIBUTION SFAX;;;;ITEM_BRANCH_RECORDS
27001825;CA;21;9;SOCIETE EL HOUDA DISTRIBUTION;;;;ITEM_BRANCH_RECORDS
27001826;CA;4;1;ARMES COM;;;;ITEM_BRANCH_RECORDS
27001827;CA;16;8;SOCIETE TAHA DISTRIBUTION DE SUD;;;;ITEM_BRANCH_RECORDS
27001828;CA;14;8;STE AL AKREM DE COMM ET DISTRI EN GROS;;;;ITEM_BRANCH_RECORDS
27001829;CA;20;12;STE BECHIR ETTAIEB DE COMMERCE;;;;ITEM_BRANCH_RECORDS
27001830;CA;5;0;SUDMILK;;;;ITEM_BRANCH_RECORDS
27001831;CA;3;1;STE HEDI JELASSI DISTRIBUTION NORD;;;;ITEM_BRANCH_RECORDS
27001832;CA;16;14;SOCIETE IDEAL DISTRIBUTION SFAX;;;;ITEM_BRANCH_RECORDS
27001833;CA;15;12;SOCIETE EL HOUDA DISTRIBUTION;;;;ITEM_BRANCH_RECORDS
27001834;CA;3;1;ARMES COM;;;;ITEM_BRANCH_RECORDS
27001835;CA;18;11;SOCIETE TAHA DISTRIBUTION DE SUD;;;;ITEM_BRANCH_RECORDS
27001836;CA;15;10;STE AL AKREM DE COMM ET DISTRI EN GROS;;;;ITEM_BRANCH_RECORDS
27001837;CA;26;11;STE BECHIR ETTAIEB DE COMMERCE;;;;ITEM_BRANCH_RECORDS
27001838;CA;9;5;SUDMILK;;;;ITEM_BRANCH_RECORDS
27001839;CA;20;19;STE HEDI JELASSI DISTRIBUTION NORD;;;;ITEM_BRANCH_RECORDS
27001840;CA;12;7;SOCIETE IDEAL DISTRIBUTION SFAX;;;;ITEM_BRANCH_RECORDS
27001841;CA;6;3;SOCIETE EL HOUDA DISTRIBUTION;;;;ITEM_BRANCH_RECORDS
27001842;CA;19;9;ARMES COM;;;;ITEM_BRANCH_RECORDS
27001843;CA;25;16;SOCIETE TAHA DISTRIBUTION DE SUD;;;;ITEM_BRANCH_RECORDS
27001844;CA;5;2;STE AL AKREM DE COMM ET DISTRI EN GROS;;;;ITEM_BRANCH_RECORDS
27001845;CA;28;19;STE BECHIR ETTAIEB DE COMMERCE;;;;ITEM_BRANCH_RECORDS
27001846;CA;11;3;SUDMILK;;;;ITEM_BRANCH_RECORDS
27001847;CA;17;12;STE HEDI JELASSI DISTRIBUTION NORD;;;;ITEM_BRANCH_RECORDS
27001848;CA;30;25;SOCIETE IDEAL DISTRIBUTION SFAX;;;;ITEM_BRANCH_RECORDS
27001849;CA;6;4;SOCIETE EL HOUDA DISTRIBUTION;;;;ITEM_BRANCH_RECORDS
27001850;CA;19;9;ARMES COM;;;;ITEM_BRANCH_RECORDS
27001851;CA;25;1;SOCIETE TAHA DISTRIBUTION DE SUD;;;;ITEM_BRANCH_RECORDS
27001852;CA;23;15;STE AL AKREM DE COMM ET DISTRI EN GROS;;;;ITEM_BRANCH_RECORDS
27001853;CA;17;8;STE BECHIR ETTAIEB DE COMMERCE;;;;ITEM_BRANCH_RECORDS
27001854;CA;6;0;SUDMILK;;;;ITEM_BRANCH_RECORDS
27001855;CA;17;9;STE HEDI JELASSI DISTRIBUTION NORD;;;;ITEM_BRANCH_RECORDS
27001856;CA;17;13;SOCIETE IDEAL DISTRIBUTION SFAX;;;;ITEM_BRANCH_RECORDS
27001857;CA;9;1;SOCIETE EL HOUDA DISTRIBUTION;;;;ITEM_BRANCH_RECORDS
27001858;CA;7;6;ARMES COM;;;;ITEM_BRANCH_RECORDS
27001859;CA;28;16;SOCIETE TAHA DISTRIBUTION DE SUD;;;;ITEM_BRANCH_RECORDS
27001860;CA;25;4;STE AL AKREM DE COMM ET DISTRI EN GROS;;;;ITEM_BRANCH_RECORDS
27001861;CA;7;0;STE BECHIR ETTAIEB DE COMMERCE;;;;ITEM_BRANCH_RECORDS
27001862;CA;12;2;SUDMILK;;;;ITEM_BRANCH_RECORDS
27001863;CA;18;13;STE HEDI JELASSI DISTRIBUTION NORD;;;;ITEM_BRANCH_RECORDS
27001864;CA;25;4;SOCIETE IDEAL DISTRIBUTION SFAX;;;;ITEM_BRANCH_RECORDS
27001865;CA;26;19;SOCIETE EL HOUDA DISTRIBUTION;;;;ITEM_BRANCH_RECORDS
27001866;CA;3;1;ARMES COM;;;;ITEM_BRANCH_RECORDS
27001867;CA;2;0;SOCIETE TAHA DISTRIBUTION DE SUD;;;;ITEM_BRANCH_RECORDS
27001868;CA;16;2;STE AL AKREM DE COMM ET DISTRI EN GROS;;;;ITEM_BRANCH_RECORDS
27001869;CA;14;7;STE BECHIR ETTAIEB DE COMMERCE;;;;ITEM_BRANCH_RECORDS
27001870;CA;29;4;SUDMILK;;;;ITEM_BRANCH_RECORDS
27001871;CA;3;2;STE HEDI JELASSI DISTRIBUTION NORD;;;;ITEM_BRANCH_RECORDS
27001872;CA;16;7;SOCIETE IDEAL DISTRIBUTION SFAX;;;;ITEM_BRANCH_RECORDS
27001873;CA;4;3;SOCIETE EL HOUDA DISTRIBUTION;;;;ITEM_BRANCH_RECORDS
27001874;CA;15;6;ARMES COM;;;;ITEM_BRANCH_RECORDS
27001875;CA;21;19;SOCIETE TAHA DISTRIBUTION DE SUD;;;;ITEM_BRANCH_RECORDS
27001876;CA;9;8;STE AL AKREM DE COMM ET DISTRI EN GROS;;;;ITEM_BRANCH_RECORDS
27001877;CA;8;6;STE BECHIR ETTAIEB DE COMMERCE;;;;ITEM_BRANCH_RECORDS
27001878;CA;9;4;SUDMILK;;;;ITEM_BRANCH_RECORDS
27001879;CA;9;1;STE HEDI JELASSI DISTRIBUTION NORD;;;;ITEM_BRANCH_RECORDS
27001880;CA;5;4;SOCIETE IDEAL DISTRIBUTION SFAX;;;;ITEM_BRANCH_RECORDS
27001881;CA;21;2;SOCIETE EL HOUDA DISTRIBUTION;;;;ITEM_BRANCH_RECORDS
27001882;CA;11;4;ARMES COM;;;;ITEM_BRANCH_RECORDS
27001883;CA;13;12;SOCIETE TAHA DISTRIBUTION DE SUD;;;;ITEM_BRANCH_RECORDS
27001884;CA;10;9;STE AL AKREM DE COMM ET DISTRI EN GROS;;;;ITEM_BRANCH_RECORDS
27001885;CA;26;23;STE BECHIR ETTAIEB DE COMMERCE;;;;ITEM_BRANCH_RECORDS
27001886;CA;10;8;SUDMILK;;;;ITEM_BRANCH_RECORDS
27001887;CA;6;5;STE HEDI JELASSI DISTRIBUTION NORD;;;;ITEM_BRANCH_RECORDS
27001888;CA;21;17;SOCIETE IDEAL DISTRIBUTION SFAX;;;;ITEM_BRANCH_RECORDS
27001889;CA;9;5;SOCIETE EL HOUDA DISTRIBUTION;;;;ITEM_BRANCH_RECORDS
27001890;CA;26;25;ARMES COM;;;;ITEM_BRANCH_RECORDS
27001891;CA;3;0;SOCIETE TAHA DISTRIBUTION DE SUD;;;;ITEM_BRANCH_RECORDS
27001892;CA;18;7;STE AL AKREM DE COMM ET DISTRI EN GROS;;;;ITEM_BRANCH_RECORDS
27001893;CA;15;7;STE BECHIR ETTAIEB DE COMMERCE;;;;ITEM_BRANCH_RECORDS
27001894;CA;18;2;SUDMILK;;;;ITEM_BRANCH_RECORDS
27001895;CA;18;5;STE HEDI JELASSI DISTRIBUTION NORD;;;;ITEM_BRANCH_RECORDS
27001896;CA;15;5;SOCIETE IDEAL DISTRIBUTION SFAX;;;;ITEM_BRANCH_RECORDS
27001897;CA;13;12;SOCIETE EL HOUDA DISTRIBUTION;;;;ITEM_BRANCH_RECORDS
27001898;CA;27;15;ARMES COM;;;;ITEM_BRANCH_RECORDS
27001899;CA;8;2;SOCIETE TAHA DISTRIBUTION DE SUD;;;;ITEM_BRANCH_RECORDS
27001900;CA;4;1;STE AL AKREM DE COMM ET DISTRI EN GROS;;;;ITEM_BRANCH_RECORDS
27001901;CA;19;13;STE BECHIR ETTAIEB DE COMMERCE;;;;ITEM_BRANCH_RECORDS
27001902;CA;12;2;SUDMILK;;;;ITEM_BRANCH_RECORDS
27001903;CA;28;12;STE HEDI JELASSI DISTRIBUTION NORD;;;;ITEM_BRANCH_RECORDS
27001904;CA;10;8;SOCIETE IDEAL DISTRIBUTION SFAX;;;;ITEM_BRANCH_RECORDS
27001905;CA;22;10;SOCIETE EL HOUDA DISTRIBUTION;;;;ITEM_BRANCH_RECORDS
27001906;CA;3;0;ARMES COM;;;;ITEM_BRANCH_RECORDS
27001907;CA;6;3;SOCIETE TAHA DISTRIBUTION DE SUD;;;;ITEM_BRANCH_RECORDS
27001908;CA;3;0;STE AL AKREM DE COMM ET DISTRI EN GROS;;;;ITEM_BRANCH_RECORDS
27001909;CA;7;2;STE BECHIR ETTAIEB DE COMMERCE;;;;ITEM_BRANCH_RECORDS
27001910;CA;14;3;SUDMILK;;;;ITEM_BRANCH_RECORDS
27001911;CA;30;21;STE HEDI JELASSI DISTRIBUTION NORD;;;;ITEM_BRANCH_RECORDS
27001912;CA;28;5;SOCIETE IDEAL DISTRIBUTION SFAX;;;;ITEM_BRANCH_RECORDS
27001913;CA;7;5;SOCIETE EL HOUDA DISTRIBUTION;;;;ITEM_BRANCH_RECORDS
27001914;CA;17;15;ARMES COM;;;;ITEM_BRANCH_RECORDS
27001915;CA;28;10;SOCIETE TAHA DISTRIBUTION DE SUD;;;;ITEM_BRANCH_RECORDS
27001916;CA;22;6;STE AL AKREM DE COMM ET DISTRI EN GROS;;;;ITEM_BRANCH_RECORDS
27001917;CA;22;21;STE BECHIR ETTAIEB DE COMMERCE;;;;ITEM_BRANCH_RECORDS
27001918;CA;12;3;SUDMILK;;;;ITEM_BRANCH_RECORDS
27001919;CA;19;9;STE HEDI JELASSI DISTRIBUTION NORD;;;;ITEM_BRANCH_RECORDS
27001920;CA;12;11;SOCIETE IDEAL DISTRIBUTION SFAX;;;;ITEM_BRANCH_RECORDS
27001921;CA;4;3;SOCIETE EL HOUDA DISTRIBUTION;;;;ITEM_BRANCH_RECORDS
27001922;CA;23;5;ARMES COM;;;;ITEM_BRANCH_RECORDS
27001923;CA;27;12;SOCIETE TAHA DISTRIBUTION DE SUD;;;;ITEM_BRANCH_RECORDS
27001924;CA;4;1;STE AL AKREM DE COMM ET DISTRI EN GROS;;;;ITEM_BRANCH_RECORDS
27001925;CA;12;7;STE BECHIR ETTAIEB DE COMMERCE;;;;ITEM_BRANCH_RECORDS
27001926;CA;22;2;SUDMILK;;;;ITEM_BRANCH_RECORDS
27001927;CA;22;12;STE HEDI JELASSI DISTRIBUTION NORD;;;;ITEM_BRANCH_RECORDS
27001928;CA;19;13;SOCIETE IDEAL DISTRIBUTION SFAX;;;;ITEM_BRANCH_RECORDS
27001929;CA;30;8;SOCIETE EL HOUDA DISTRIBUTION;;;;ITEM_BRANCH_RECORDS
27001930;CA;2;1;ARMES COM;;;;ITEM_BRANCH_RECORDS
27001931;CA;9;6;SOCIETE TAHA DISTRIBUTION DE SUD;;;;ITEM_BRANCH_RECORDS
27001932;CA;2;0;STE AL AKREM DE COMM ET DISTRI EN GROS;;;;ITEM_BRANCH_RECORDS
27001933;CA;25;11;STE BECHIR ETTAIEB DE COMMERCE;;;;ITEM_BRANCH_RECORDS
27001934;CA;23;3;SUDMILK;;;;ITEM_BRANCH_RECORDS
27001935;CA;18;8;STE HEDI JELASSI DISTRIBUTION NORD;;;;ITEM_BRANCH_RECORDS
27001936;CA;23;2;SOCIETE IDEAL DISTRIBUTION SFAX;;;;ITEM_BRANCH_RECORDS
27001937;CA;9;0;SOCIETE EL HOUDA DISTRIBUTION;;;;ITEM_BRANCH_RECORDS
27001938;CA;19;4;ARMES COM;;;;ITEM_BRANCH_RECORDS
27001939;CA;15;8;SOCIETE TAHA DISTRIBUTION DE SUD;;;;ITEM_BRANCH_RECORDS
27001940;CA;22;6;STE AL AKREM DE COMM ET DISTRI EN GROS;;;;ITEM_BRANCH_RECORDS
27001941;CA;21;15;STE BECHIR ETTAIEB DE COMMERCE;;;;ITEM_BRANCH_RECORDS
27001942;CA;18;13;SUDMILK;;;;ITEM_BRANCH_RECORDS
27001943;CA;25;9;STE HEDI JELASSI DISTRIBUTION NORD;;;;ITEM_BRANCH_RECORDS
27001944;CA;16;15;SOCIETE IDEAL DISTRIBUTION SFAX;;;;ITEM_BRANCH_RECORDS
27001945;CA;23;21;SOCIETE EL HOUDA DISTRIBUTION;;;;ITEM_BRANCH_RECORDS
27001946;CA;26;17;ARMES COM;;;;ITEM_BRANCH_RECORDS
27001947;CA;16;14;SOCIETE TAHA DISTRIBUTION DE SUD;;;;ITEM_BRANCH_RECORDS
27001948;CA;13;0;STE AL AKREM DE COMM ET DISTRI EN GROS;;;;ITEM_BRANCH_RECORDS
27001949;CA;13;7;STE BECHIR ETTAIEB DE COMMERCE;;;;ITEM_BRANCH_RECORDS
27001950;CA;3;2;SUDMILK;;;;ITEM_BRANCH_RECORDS
27001951;CA;7;3;STE HEDI JELASSI DISTRIBUTION NORD;;;;ITEM_BRANCH_RECORDS
27001952;CA;30;12;SOCIETE IDEAL DISTRIBUTION SFAX;;;;ITEM_BRANCH_RECORDS
27001953;CA;30;20;SOCIETE EL HOUDA DISTRIBUTION;;;;ITEM_BRANCH_RECORDS
27001954;CA;29;12;ARMES COM;;;;ITEM_BRANCH_RECORDS
27001955;CA;11;0;SOCIETE TAHA DISTRIBUTION DE SUD;;;;ITEM_BRANCH_RECORDS
27001956;CA;20;13;STE AL AKREM DE COMM ET DISTRI EN GROS;;;;ITEM_BRANCH_RECORDS
27001957;CA;8;1;STE BECHIR ETTAIEB DE COMMERCE;;;;ITEM_BRANCH_RECORDS
27001958;CA;12;4;SUDMILK;;;;ITEM_BRANCH_RECORDS
27001959;CA;5;3;STE HEDI JELASSI DISTRIBUTION NORD;;;;ITEM_BRANCH_RECORDS
27001960;CA;29;6;SOCIETE IDEAL DISTRIBUTION SFAX;;;;ITEM_BRANCH_RECORDS
27001961;CA;8;4;SOCIETE EL HOUDA DISTRIBUTION;;;;ITEM_BRANCH_RECORDS
27001962;CA;11;3;ARMES COM;;;;ITEM_BRANCH_RECORDS
27001963;CA;26;3;SOCIETE TAHA DISTRIBUTION DE SUD;;;;ITEM_BRANCH_RECORDS
27001964;CA;28;13;STE AL AKREM DE COMM ET DISTRI EN GROS;;;;ITEM_BRANCH_RECORDS
27001965;CA;4;3;STE BECHIR ETTAIEB DE COMMERCE;;;;ITEM_BRANCH_RECORDS
27001966;CA;14;1;SUDMILK;;;;ITEM_BRANCH_RECORDS
27001967;CA;19;4;STE HEDI JELASSI DISTRIBUTION NORD;;;;ITEM_BRANCH_RECORDS
27001968;CA;10;0;SOCIETE IDEAL DISTRIBUTION SFAX;;;;ITEM_BRANCH_RECORDS
27001969;CA;29;24;SOCIETE EL HOUDA DISTRIBUTION;;;;ITEM_BRANCH_RECORDS
27001970;CA;22;2;ARMES COM;;;;ITEM_BRANCH_RECORDS
27001971;CA;7;1;SOCIETE TAHA DISTRIBUTION DE SUD;;;;ITEM_BRANCH_RECORDS
27001972;CA;9;4;STE AL AKREM DE COMM ET DISTRI EN GROS;;;;ITEM_BRANCH_RECORDS
27001973;CA;19;2;STE BECHIR ETTAIEB DE COMMERCE;;;;ITEM_BRANCH_RECORDS
27001974;CA;11;6;SUDMILK;;;;ITEM_BRANCH_RECORDS
27001975;CA;6;2;STE HEDI JELASSI DISTRIBUTION NORD;;;;ITEM_BRANCH_RECORDS
27001976;CA;19;1;SOCIETE IDEAL DISTRIBUTION SFAX;;;;ITEM_BRANCH_RECORDS
27001977;CA;2;1;SOCIETE EL HOUDA DISTRIBUTION;;;;ITEM_BRANCH_RECORDS
27001978;CA;20;8;ARMES COM;;;;ITEM_BRANCH_RECORDS
27001979;CA;27;5;SOCIETE TAHA DISTRIBUTION DE SUD;;;;ITEM_BRANCH_RECORDS
27001980;CA;24;15;STE AL AKREM DE COMM ET DISTRI EN GROS;;;;ITEM_BRANCH_RECORDS
27001981;CA;28;8;STE BECHIR ETTAIEB DE COMMERCE;;;;ITEM_BRANCH_RECORDS
27001982;CA;3;0;SUDMILK;;;;ITEM_BRANCH_RECORDS
27001983;CA;15;13;STE HEDI JELASSI DISTRIBUTION NORD;;;;ITEM_BRANCH_RECORDS
27001984;CA;10;6;SOCIETE IDEAL DISTRIBUTION SFAX;;;;ITEM_BRANCH_RECORDS
27001985;CA;9;6;SOCIETE EL HOUDA DISTRIBUTION;;;;ITEM_BRANCH_RECORDS
27001986;CA;20;2;ARMES COM;;;;ITEM_BRANCH_RECORDS
27001987;CA;10;6;SOCIETE TAHA DISTRIBUTION DE SUD;;;;ITEM_BRANCH_RECORDS
27001988;CA;17;14;STE AL AKREM DE COMM ET DISTRI EN GROS;;;;ITEM_BRANCH_RECORDS
27001989;CA;16;10;STE BECHIR ETTAIEB DE COMMERCE;;;;ITEM_BRANCH_RECORDS
27001990;CA;19;13;SUDMILK;;;;ITEM_BRANCH_RECORDS
27001991;CA;28;8;STE HEDI JELASSI DISTRIBUTION NORD;;;;ITEM_BRANCH_RECORDS
27001992;CA;5;1;SOCIETE IDEAL DISTRIBUTION SFAX;;;;ITEM_BRANCH_RECORDS
27001993;CA;6;0;SOCIETE EL HOUDA DISTRIBUTION;;;;ITEM_BRANCH_RECORDS
27001994;CA;2;0;ARMES COM;;;;ITEM_BRANCH_RECORDS
27001995;CA;20;8;SOCIETE TAHA DISTRIBUTION DE SUD;;;;ITEM_BRANCH_RECORDS
27001996;CA;12;2;STE AL AKREM DE COMM ET DISTRI EN GROS;;;;ITEM_BRANCH_RECORDS
27001997;CA;5;2;STE BECHIR ETTAIEB DE COMMERCE;;;;ITEM_BRANCH_RECORDS
27001998;CA;10;9;SUDMILK;;;;ITEM_BRANCH_RECORDS
27001999;CA;16;3;STE HEDI JELASSI DISTRIBUTION NORD;;;;ITEM_BRANCH_RECORDS
27002000;CA;13;6;SOCIETE IDEAL DISTRIBUTION SFAX;;;;ITEM_BRANCH_RECORDS
27002001;CA;12;3;SOCIETE EL HOUDA DISTRIBUTION;;;;ITEM_BRANCH_RECORDS
27002002;CA;29;19;ARMES COM;;;;ITEM_BRANCH_RECORDS
27002003;CA;30;2;SOCIETE TAHA DISTRIBUTION DE SUD;;;;ITEM_BRANCH_RECORDS
27002004;CA;14;7;STE AL AKREM DE COMM ET DISTRI EN GROS;;;;ITEM_BRANCH_RECORDS
27002005;CA;28;5;STE BECHIR ETTAIEB DE COMMERCE;;;;ITEM_BRANCH_RECORDS
27002006;CA;14;5;SUDMILK;;;;ITEM_BRANCH_RECORDS
27002007;CA;30;13;STE HEDI JELASSI DISTRIBUTION NORD;;;;ITEM_BRANCH_RECORDS
27002008;CA;20;13;SOCIETE IDEAL DISTRIBUTION SFAX;;;;ITEM_BRANCH_RECORDS
27002009;CA;10;6;SOCIETE EL HOUDA DISTRIBUTION;;;;ITEM_BRANCH_RECORDS
27002010;CA;8;7;ARMES COM;;;;ITEM_BRANCH_RECORDS
27002011;CA;22;17;SOCIETE TAHA DISTRIBUTION DE SUD;;;;ITEM_BRANCH_RECORDS
27002012;CA;13;8;STE AL AKREM DE COMM ET DISTRI EN GROS;;;;ITEM_BRANCH_RECORDS
27002013;CA;7;2;STE BECHIR ETTAIEB DE COMMERCE;;;;ITEM_BRANCH_RECORDS
27002014;CA;15;9;SUDMILK;;;;ITEM_BRANCH_RECORDS
27002015;CA;26;13;STE HEDI JELASSI DISTRIBUTION NORD;;;;ITEM_BRANCH_RECORDS
27002016;CA;4;3;SOCIETE IDEAL DISTRIBUTION SFAX;;;;ITEM_BRANCH_RECORDS
27002017;CA;15;10;SOCIETE EL HOUDA DISTRIBUTION;;;;ITEM_BRANCH_RECORDS
27002018;CA;24;9;ARMES COM;;;;ITEM_BRANCH_RECORDS
27002019;CA;3;0;SOCIETE TAHA DISTRIBUTION DE SUD;;;;ITEM_BRANCH_RECORDS
27002020;CA;23;21;STE AL AKREM DE COMM ET DISTRI EN GROS;;;;ITEM_BRANCH_RECORDS
27002021;CA;18;10;STE BECHIR ETTAIEB DE COMMERCE;;;;ITEM_BRANCH_RECORDS
27002022;CA;18;8;SUDMILK;;;;ITEM_BRANCH_RECORDS
27002023;CA;5;4;STE HEDI JELASSI DISTRIBUTION NORD;;;;ITEM_BRANCH_RECORDS
27002024;CA;13;11;SOCIETE IDEAL DISTRIBUTION SFAX;;;;ITEM_BRANCH_RECORDS
27002025;CA;14;10;SOCIETE EL HOUDA DISTRIBUTION;;;;ITEM_BRANCH_RECORDS
27002026;CA;10;5;ARMES COM;;;;ITEM_BRANCH_RECORDS
27002027;CA;20;18;SOCIETE TAHA DISTRIBUTION DE SUD;;;;ITEM_BRANCH_RECORDS
27002028;CA;12;9;STE AL AKREM DE COMM ET DISTRI EN GROS;;;;ITEM_BRANCH_RECORDS
27002029;CA;20;10;STE BECHIR ETTAIEB DE COMMERCE;;;;ITEM_BRANCH_RECORDS
27002030;CA;17;7;SUDMILK;;;;ITEM_BRANCH_RECORDS
27002031;CA;25;24;STE HEDI JELASSI DISTRIBUTION NORD;;;;ITEM_BRANCH_RECORDS
27002032;CA;26;9;SOCIETE IDEAL DISTRIBUTION SFAX;;;;ITEM_BRANCH_RECORDS
27002033;CA;25;24;SOCIETE EL HOUDA DISTRIBUTION;;;;ITEM_BRANCH_RECORDS
27002034;CA;21;18;ARMES COM;;;;ITEM_BRANCH_RECORDS
27002035;CA;14;12;SOCIETE TAHA DISTRIBUTION DE SUD;;;;ITEM_BRANCH_RECORDS
27002036;CA;23;18;STE AL AKREM DE COMM ET DISTRI EN GROS;;;;ITEM_BRANCH_RECORDS
27002037;CA;21;12;STE BECHIR ETTAIEB DE COMMERCE;;;;ITEM_BRANCH_RECORDS
27002038;CA;29;21;SUDMILK;;;;ITEM_BRANCH_RECORDS
27002039;CA;9;8;STE HEDI JELASSI DISTRIBUTION NORD;;;;ITEM_BRANCH_RECORDS
27002040;CA;29;23;SOCIETE IDEAL DISTRIBUTION SFAX;;;;ITEM_BRANCH_RECORDS
27002041;CA;8;5;SOCIETE EL HOUDA DISTRIBUTION;;;;ITEM_BRANCH_RECORDS
27002042;CA;14;4;ARMES COM;;;;ITEM_BRANCH_RECORDS
27002043;CA;3;0;SOCIETE TAHA DISTRIBUTION DE SUD;;;;ITEM_BRANCH_RECORDS
27002044;CA;20;3;STE AL AKREM DE COMM ET DISTRI EN GROS;;;;ITEM_BRANCH_RECORDS
27002045;CA;9;7;STE BECHIR ETTAIEB DE COMMERCE;;;;ITEM_BRANCH_RECORDS
27002046;CA;28;0;SUDMILK;;;;ITEM_BRANCH_RECORDS
27002047;CA;25;2;STE HEDI JELASSI DISTRIBUTION NORD;;;;ITEM_BRANCH_RECORDS
27002048;CA;30;3;SOCIETE IDEAL DISTRIBUTION SFAX;;;;ITEM_BRANCH_RECORDS
27002049;CA;4;2;SOCIETE EL HOUDA DISTRIBUTION;;;;ITEM_BRANCH_RECORDS
27002050;CA;3;2;ARMES COM;;;;ITEM_BRANCH_RECORDS
27002051;CA;27;1;SOCIETE TAHA DISTRIBUTION DE SUD;;;;ITEM_BRANCH_RECORDS
27002052;CA;5;1;STE AL AKREM DE COMM ET DISTRI EN GROS;;;;ITEM_BRANCH_RECORDS
27002053;CA;2;0;STE BECHIR ETTAIEB DE COMMERCE;;;;ITEM_BRANCH_RECORDS
27002054;CA;7;0;SUDMILK;;;;ITEM_BRANCH_RECORDS
27002055;CA;21;3;STE HEDI JELASSI DISTRIBUTION NORD;;;;ITEM_BRANCH_RECORDS
27002056;CA;28;25;SOCIETE IDEAL DISTRIBUTION SFAX;;;;ITEM_BRANCH_RECORDS
27002057;CA;20;12;SOCIETE EL HOUDA DISTRIBUTION;;;;ITEM_BRANCH_RECORDS
27002058;CA;21;15;ARMES COM;;;;ITEM_BRANCH_RECORDS
27002059;CA;15;1;SOCIETE TAHA DISTRIBUTION DE SUD;;;;ITEM_BRANCH_RECORDS
27002060;CA;28;1;STE AL AKREM DE COMM ET DISTRI EN GROS;;;;ITEM_BRANCH_RECORDS
27002061;CA;19;14;STE BECHIR ETTAIEB DE COMMERCE;;;;ITEM_BRANCH_RECORDS
27002062;CA;2;1;SUDMILK;;;;ITEM_BRANCH_RECORDS
27002063;CA;22;20;STE HEDI JELASSI DISTRIBUTION NORD;;;;ITEM_BRANCH_RECORDS
27002064;CA;2;0;SOCIETE IDEAL DISTRIBUTION SFAX;;;;ITEM_BRANCH_RECORDS
27002065;CA;7;0;SOCIETE EL HOUDA DISTRIBUTION;;;;ITEM_BRANCH_RECORDS
27002066;CA;29;6;ARMES COM;;;;ITEM_BRANCH_RECORDS
27002067;CA;17;5;SOCIETE TAHA DISTRIBUTION DE SUD;;;;ITEM_BRANCH_RECORDS
27002068;CA;29;3;STE AL AKREM DE COMM ET DISTRI EN GROS;;;;ITEM_BRANCH_RECORDS
27002069;CA;5;4;STE BECHIR ETTAIEB DE COMMERCE;;;;ITEM_BRANCH_RECORDS
27002070;CA;6;3;SUDMILK;;;;ITEM_BRANCH_RECORDS
27002071;CA;22;17;STE HEDI JELASSI DISTRIBUTION NORD;;;;ITEM_BRANCH_RECORDS
27002072;CA;25;23;SOCIETE IDEAL DISTRIBUTION SFAX;;;;ITEM_BRANCH_RECORDS
27002073;CA;27;14;SOCIETE EL HOUDA DISTRIBUTION;;;;ITEM_BRANCH_RECORDS
27002074;CA;21;10;ARMES COM;;;;ITEM_BRANCH_RECORDS
27002075;CA;23;22;SOCIETE TAHA DISTRIBUTION DE SUD;;;;ITEM_BRANCH_RECORDS
27002076;CA;22;16;STE AL AKREM DE COMM ET DISTRI EN GROS;;;;ITEM_BRANCH_RECORDS
27002077;CA;19;5;STE BECHIR ETTAIEB DE COMMERCE;;;;ITEM_BRANCH_RECORDS
27002078;CA;9;6;SUDMILK;;;;ITEM_BRANCH_RECORDS
27002079;CA;6;3;STE HEDI JELASSI DISTRIBUTION NORD;;;;ITEM_BRANCH_RECORDS
27002080;CA;21;11;SOCIETE IDEAL DISTRIBUTION SFAX;;;;ITEM_BRANCH_RECORDS
27002081;CA;13;5;SOCIETE EL HOUDA DISTRIBUTION;;;;ITEM_BRANCH_RECORDS
27002082;CA;6;5;ARMES COM;;;;ITEM_BRANCH_RECORDS
27002083;CA;19;8;SOCIETE TAHA DISTRIBUTION DE SUD;;;;ITEM_BRANCH_RECORDS
27002084;CA;10;9;STE AL AKREM DE COMM ET DISTRI EN GROS;;;;ITEM_BRANCH_RECORDS
27002085;CA;14;13;STE BECHIR ETTAIEB DE COMMERCE;;;;ITEM_BRANCH_RECORDS
27002086;CA;20;16;SUDMILK;;;;ITEM_BRANCH_RECORDS
27002087;CA;17;14;STE HEDI JELASSI DISTRIBUTION NORD;;;;ITEM_BRANCH_RECORDS
27002088;CA;27;0;SOCIETE IDEAL DISTRIBUTION SFAX;;;;ITEM_BRANCH_RECORDS
27002089;CA;14;4;SOCIETE EL HOUDA DISTRIBUTION;;;;ITEM_BRANCH_RECORDS
27002090;CA;17;5;ARMES COM;;;;ITEM_BRANCH_RECORDS
27002091;CA;23;19;SOCIETE TAHA DISTRIBUTION DE SUD;;;;ITEM_BRANCH_RECORDS
27002092;CA;28;22;STE AL AKREM DE COMM ET DISTRI EN GROS;;;;ITEM_BRANCH_RECORDS
27002093;CA;26;2;STE BECHIR ETTAIEB DE COMMERCE;;;;ITEM_BRANCH_RECORDS
27002094;CA;6;3;SUDMILK;;;;ITEM_BRANCH_RECORDS
27002095;CA;20;6;STE HEDI JELASSI DISTRIBUTION NORD;;;;ITEM_BRANCH_RECORDS
27002096;CA;2;1;SOCIETE IDEAL DISTRIBUTION SFAX;;;;ITEM_BRANCH_RECORDS
27002097;CA;11;3;SOCIETE EL HOUDA DISTRIBUTION;;;;ITEM_BRANCH_RECORDS
27002098;CA;20;11;ARMES COM;;;;ITEM_BRANCH_RECORDS
27002099;CA;7;6;SOCIETE TAHA DISTRIBUTION DE SUD;;;;ITEM_BRANCH_RECORDS
27002100;CA;11;9;STE AL AKREM DE COMM ET DISTRI EN GROS;;;;ITEM_BRANCH_RECORDS
27002101;CA;23;6;STE BECHIR ETTAIEB DE COMMERCE;;;;ITEM_BRANCH_RECORDS
27002102;CA;27;21;SUDMILK;;;;ITEM_BRANCH_RECORDS
27002103;CA;15;11;STE HEDI JELASSI DISTRIBUTION NORD;;;;ITEM_BRANCH_RECORDS
27002104;CA;11;1;SOCIETE IDEAL DISTRIBUTION SFAX;;;;ITEM_BRANCH_RECORDS
27002105;CA;2;0;SOCIETE EL HOUDA DISTRIBUTION;;;;ITEM_BRANCH_RECORDS
27002106;CA;22;14;ARMES COM;;;;ITEM_BRANCH_RECORDS
27002107;CA;11;4;SOCIETE TAHA DISTRIBUTION DE SUD;;;;ITEM_BRANCH_RECORDS
27002108;CA;6;1;STE AL AKREM DE COMM ET DISTRI EN GROS;;;;ITEM_BRANCH_RECORDS
27002109;CA;15;2;STE BECHIR ETTAIEB DE COMMERCE;;;;ITEM_BRANCH_RECORDS
27002110;CA;19;1;SUDMILK;;;;ITEM_BRANCH_RECORDS
27002111;CA;23;1;STE HEDI JELASSI DISTRIBUTION NORD;;;;ITEM_BRANCH_RECORDS
27002112;CA;18;7;SOCIETE IDEAL DISTRIBUTION SFAX;;;;ITEM_BRANCH_RECORDS
27002113;CA;29;28;SOCIETE EL HOUDA DISTRIBUTION;;;;ITEM_BRANCH_RECORDS
27002114;CA;23;18;ARMES COM;;;;ITEM_BRANCH_RECORDS
27002115;CA;17;9;SOCIETE TAHA DISTRIBUTION DE SUD;;;;ITEM_BRANCH_RECORDS
27002116;CA;9;7;STE AL AKREM DE COMM ET DISTRI EN GROS;;;;ITEM_BRANCH_RECORDS
27002117;CA;12;7;STE BECHIR ETTAIEB DE COMMERCE;;;;ITEM_BRANCH_RECORDS
27002118;CA;21;1;SUDMILK;;;;ITEM_BRANCH_RECORDS
27002119;CA;30;16;STE HEDI JELASSI DISTRIBUTION NORD;;;;ITEM_BRANCH_RECORDS
27002120;CA;26;11;SOCIETE IDEAL DISTRIBUTION SFAX;;;;ITEM_BRANCH_RECORDS
27002121;CA;16;10;SOCIETE EL HOUDA DISTRIBUTION;;;;ITEM_BRANCH_RECORDS
27002122;CA;9;3;ARMES COM;;;;ITEM_BRANCH_RECORDS
27002123;CA;14;11;SOCIETE TAHA DISTRIBUTION DE SUD;;;;ITEM_BRANCH_RECORDS
27002124;CA;6;5;STE AL AKREM DE COMM ET DISTRI EN GROS;;;;ITEM_BRANCH_RECORDS
27002125;CA;29;0;STE BECHIR ETTAIEB DE COMMERCE;;;;ITEM_BRANCH_RECORDS
27002126;CA;23;9;SUDMILK;;;;ITEM_BRANCH_RECORDS
27002127;CA;10;7;STE HEDI JELASSI DISTRIBUTION NORD;;;;ITEM_BRANCH_RECORDS
27002128;CA;5;0;SOCIETE IDEAL DISTRIBUTION SFAX;;;;ITEM_BRANCH_RECORDS
27002129;CA;10;6;SOCIETE EL HOUDA DISTRIBUTION;;;;ITEM_BRANCH_RECORDS
27002130;CA;15;2;ARMES COM;;;;ITEM_BRANCH_RECORDS
27002131;CA;16;2;SOCIETE TAHA DISTRIBUTION DE SUD;;;;ITEM_BRANCH_RECORDS
27002132;CA;21;18;STE AL AKREM DE COMM ET DISTRI EN GROS;;;;ITEM_BRANCH_RECORDS
27002133;CA;28;10;STE BECHIR ETTAIEB DE COMMERCE;;;;ITEM_BRANCH_RECORDS
27002134;CA;2;0;SUDMILK;;;;ITEM_BRANCH_RECORDS
27002135;CA;11;0;STE HEDI JELASSI DISTRIBUTION NORD;;;;ITEM_BRANCH_RECORDS
27002136;CA;30;20;SOCIETE IDEAL DISTRIBUTION SFAX;;;;ITEM_BRANCH_RECORDS
27002137;CA;29;0;SOCIETE EL HOUDA DISTRIBUTION;;;;ITEM_BRANCH_RECORDS
27002138;CA;27;16;ARMES COM;;;;ITEM_BRANCH_RECORDS
27002139;CA;15;6;SOCIETE TAHA DISTRIBUTION DE SUD;;;;ITEM_BRANCH_RECORDS
27002140;CA;13;4;STE AL AKREM DE COMM ET DISTRI EN GROS;;;;ITEM_BRANCH_RECORDS
27002141;CA;15;0;STE BECHIR ETTAIEB DE COMMERCE;;;;ITEM_BRANCH_RECORDS
27002142;CA;8;4;SUDMILK;;;;ITEM_BRANCH_RECORDS
27002143;CA;7;3;STE HEDI JELASSI DISTRIBUTION NORD;;;;ITEM_BRANCH_RECORDS
27002144;CA;5;1;SOCIETE IDEAL DISTRIBUTION SFAX;;;;ITEM_BRANCH_RECORDS
27002145;CA;27;14;SOCIETE EL HOUDA DISTRIBUTION;;;;ITEM_BRANCH_RECORDS
27002146;CA;29;14;ARMES COM;;;;ITEM_BRANCH_RECORDS
27002147;CA;4;2;SOCIETE TAHA DISTRIBUTION DE SUD;;;;ITEM_BRANCH_RECORDS
27002148;CA;13;8;STE AL AKREM DE COMM ET DISTRI EN GROS;;;;ITEM_BRANCH_RECORDS
27002149;CA;14;2;STE BECHIR ETTAIEB DE COMMERCE;;;;ITEM_BRANCH_RECORDS
27002150;CA;13;8;SUDMILK;;;;ITEM_BRANCH_RECORDS
27002151;CA;26;4;STE HEDI JELASSI DISTRIBUTION NORD;;;;ITEM_BRANCH_RECORDS
27002152;CA;16;7;SOCIETE IDEAL DISTRIBUTION SFAX;;;;ITEM_BRANCH_RECORDS
27002153;CA;7;1;SOCIETE EL HOUDA DISTRIBUTION;;;;ITEM_BRANCH_RECORDS
27002154;CA;11;9;ARMES COM;;;;ITEM_BRANCH_RECORDS
27002155;CA;18;15;SOCIETE TAHA DISTRIBUTION DE SUD;;;;ITEM_BRANCH_RECORDS
27002156;CA;20;18;STE AL AKREM DE COMM ET DISTRI EN GROS;;;;ITEM_BRANCH_RECORDS
27002157;CA;21;6;STE BECHIR ETTAIEB DE COMMERCE;;;;ITEM_BRANCH_RECORDS
27002158;CA;22;13;SUDMILK;;;;ITEM_BRANCH_RECORDS
27002159;CA;3;0;STE HEDI JELASSI DISTRIBUTION NORD;;;;ITEM_BRANCH_RECORDS
27002160;CA;3;2;SOCIETE IDEAL DISTRIBUTION SFAX;;;;ITEM_BRANCH_RECORDS
27002161;CA;16;5;SOCIETE EL HOUDA DISTRIBUTION;;;;ITEM_BRANCH_RECORDS
27002162;CA;15;3;ARMES COM;;;;ITEM_BRANCH_RECORDS
27002163;CA;25;2;SOCIETE TAHA DISTRIBUTION DE SUD;;;;ITEM_BRANCH_RECORDS
27002164;CA;23;9;STE AL AKREM DE COMM ET DISTRI EN GROS;;;;ITEM_BRANCH_RECORDS
27002165;CA;27;26;STE BECHIR ETTAIEB DE COMMERCE;;;;ITEM_BRANCH_RECORDS
27002166;CA;17;14;SUDMILK;;;;ITEM_BRANCH_RECORDS
27002167;CA;16;9;STE HEDI JELASSI DISTRIBUTION NORD;;;;ITEM_BRANCH_RECORDS
27002168;CA;11;10;SOCIETE IDEAL DISTRIBUTION SFAX;;;;ITEM_BRANCH_RECORDS
27002169;CA;12;0;SOCIETE EL HOUDA DISTRIBUTION;;;;ITEM_BRANCH_RECORDS
27002170;CA;15;6;ARMES COM;;;;ITEM_BRANCH_RECORDS
27002171;CA;22;11;SOCIETE TAHA DISTRIBUTION DE SUD;;;;ITEM_BRANCH_RECORDS
27002172;CA;10;1;STE AL AKREM DE COMM ET DISTRI EN GROS;;;;ITEM_BRANCH_RECORDS
27002173;CA;22;0;STE BECHIR ETTAIEB DE COMMERCE;;;;ITEM_BRANCH_RECORDS
27002174;CA;10;4;SUDMILK;;;;ITEM_BRANCH_RECORDS
27002175;CA;12;6;STE HEDI JELASSI DISTRIBUTION NORD;;;;ITEM_BRANCH_RECORDS
27002176;CA;5;3;SOCIETE IDEAL DISTRIBUTION SFAX;;;;ITEM_BRANCH_RECORDS
27002177;CA;15;4;SOCIETE EL HOUDA DISTRIBUTION;;;;ITEM_BRANCH_RECORDS
27002178;CA;11;2;ARMES COM;;;;ITEM_BRANCH_RECORDS
27002179;CA;9;8;SOCIETE TAHA DISTRIBUTION DE SUD;;;;ITEM_BRANCH_RECORDS
27002180;CA;23;15;STE AL AKREM DE COMM ET DISTRI EN GROS;;;;ITEM_BRANCH_RECORDS
27002181;CA;10;1;STE BECHIR ETTAIEB DE COMMERCE;;;;ITEM_BRANCH_RECORDS
27002182;CA;25;20;SUDMILK;;;;ITEM_BRANCH_RECORDS
27002183;CA;23;14;STE HEDI JELASSI DISTRIBUTION NORD;;;;ITEM_BRANCH_RECORDS
27002184;CA;26;22;SOCIETE IDEAL DISTRIBUTION SFAX;;;;ITEM_BRANCH_RECORDS
27002185;CA;21;18;SOCIETE EL HOUDA DISTRIBUTION;;;;ITEM_BRANCH_RECORDS
27002186;CA;24;22;ARMES COM;;;;ITEM_BRANCH_RECORDS
27002187;CA;26;21;SOCIETE TAHA DISTRIBUTION DE SUD;;;;ITEM_BRANCH_RECORDS
27002188;CA;29;0;STE AL AKREM DE COMM ET DISTRI EN GROS;;;;ITEM_BRANCH_RECORDS
27002189;CA;7;5;STE BECHIR ETTAIEB DE COMMERCE;;;;ITEM_BRANCH_RECORDS
27002190;CA;2;1;SUDMILK;;;;ITEM_BRANCH_RECORDS
27002191;CA;3;0;STE HEDI JELASSI DISTRIBUTION NORD;;;;ITEM_BRANCH_RECORDS
27002192;CA;24;4;SOCIETE IDEAL DISTRIBUTION SFAX;;;;ITEM_BRANCH_RECORDS
27002193;CA;28;23;SOCIETE EL HOUDA DISTRIBUTION;;;;ITEM_BRANCH_RECORDS
27002194;CA;7;3;ARMES COM;;;;ITEM_BRANCH_RECORDS
27002195;CA;8;6;SOCIETE TAHA DISTRIBUTION DE SUD;;;;ITEM_BRANCH_RECORDS
27002196;CA;16;9;STE AL AKREM DE COMM ET DISTRI EN GROS;;;;ITEM_BRANCH_RECORDS
27002197;CA;20;18;STE BECHIR ETTAIEB DE COMMERCE;;;;ITEM_BRANCH_RECORDS
27002198;CA;18;12;SUDMILK;;;;ITEM_BRANCH_RECORDS
27002199;CA;2;0;STE HEDI JELASSI DISTRIBUTION NORD;;;;ITEM_BRANCH_RECORDS
27002200;CA;9;0;SOCIETE IDEAL DISTRIBUTION SFAX;;;;ITEM_BRANCH_RECORDS
27002201;CA;30;13;SOCIETE EL HOUDA DISTRIBUTION;;;;ITEM_BRANCH_RECORDS
27002202;CA;26;23;ARMES COM;;;;ITEM_BRANCH_RECORDS
27002203;CA;25;16;SOCIETE TAHA DISTRIBUTION DE SUD;;;;ITEM_BRANCH_RECORDS
27002204;CA;6;3;STE AL AKREM DE COMM ET DISTRI EN GROS;;;;ITEM_BRANCH_RECORDS
27002205;CA;3;2;STE BECHIR ETTAIEB DE COMMERCE;;;;ITEM_BRANCH_RECORDS
27002206;CA;29;24;SUDMILK;;;;ITEM_BRANCH_RECORDS
27002207;CA;13;0;STE HEDI JELASSI DISTRIBUTION NORD;;;;ITEM_BRANCH_RECORDS
27002208;CA;15;10;SOCIETE IDEAL DISTRIBUTION SFAX;;;;ITEM_BRANCH_RECORDS
27002209;CA;13;5;SOCIETE EL HOUDA DISTRIBUTION;;;;ITEM_BRANCH_RECORDS
27002210;CA;5;4;ARMES COM;;;;ITEM_BRANCH_RECORDS
27002211;CA;27;10;SOCIETE TAHA DISTRIBUTION DE SUD;;;;ITEM_BRANCH_RECORDS
27002212;CA;30;6;STE AL AKREM DE COMM ET DISTRI EN GROS;;;;ITEM_BRANCH_RECORDS
27002213;CA;18;10;STE BECHIR ETTAIEB DE COMMERCE;;;;ITEM_BRANCH_RECORDS
27002214;CA;24;9;SUDMILK;;;;ITEM_BRANCH_RECORDS
27002215;CA;14;12;STE HEDI JELASSI DISTRIBUTION NORD;;;;ITEM_BRANCH_RECORDS
27002216;CA;12;4;SOCIETE IDEAL DISTRIBUTION SFAX;;;;ITEM_BRANCH_RECORDS
27002217;CA;25;21;SOCIETE EL HOUDA DISTRIBUTION;;;;ITEM_BRANCH_RECORDS
27002218;CA;19;11;ARMES COM;;;;ITEM_BRANCH_RECORDS
27002219;CA;5;4;SOCIETE TAHA DISTRIBUTION DE SUD;;;;ITEM_BRANCH_RECORDS
27002220;CA;27;2;STE AL AKREM DE COMM ET DISTRI EN GROS;;;;ITEM_BRANCH_RECORDS
27002221;CA;28;4;STE BECHIR ETTAIEB DE COMMERCE;;;;ITEM_BRANCH_RECORDS
27002222;CA;13;11;SUDMILK;;;;ITEM_BRANCH_RECORDS
27002223;CA;10;8;STE HEDI JELASSI DISTRIBUTION NORD;;;;ITEM_BRANCH_RECORDS
27002224;CA;11;10;SOCIETE IDEAL DISTRIBUTION SFAX;;;;ITEM_BRANCH_RECORDS
27002225;CA;21;18;SOCIETE EL HOUDA DISTRIBUTION;;;;ITEM_BRANCH_RECORDS
27002226;CA;5;4;ARMES COM;;;;ITEM_BRANCH_RECORDS
27002227;CA;3;0;SOCIETE TAHA DISTRIBUTION DE SUD;;;;ITEM_BRANCH_RECORDS
27002228;CA;2;0;STE AL AKREM DE COMM ET DISTRI EN GROS;;;;ITEM_BRANCH_RECORDS
27002229;CA;14;6;STE BECHIR ETTAIEB DE COMMERCE;;;;ITEM_BRANCH_RECORDS
27002230;CA;27;21;SUDMILK;;;;ITEM_BRANCH_RECORDS
27002231;CA;6;1;STE HEDI JELASSI DISTRIBUTION NORD;;;;ITEM_BRANCH_RECORDS
27002232;CA;19;6;SOCIETE IDEAL DISTRIBUTION SFAX;;;;ITEM_BRANCH_RECORDS
27002233;CA;20;10;SOCIETE EL HOUDA DISTRIBUTION;;;;ITEM_BRANCH_RECORDS
27002234;CA;3;0;ARMES COM;;;;ITEM_BRANCH_RECORDS
27002235;CA;30;17;SOCIETE TAHA DISTRIBUTION DE SUD;;;;ITEM_BRANCH_RECORDS
27002236;CA;15;3;STE AL AKREM DE COMM ET DISTRI EN GROS;;;;ITEM_BRANCH_RECORDS
27002237;CA;12;1;STE BECHIR ETTAIEB DE COMMERCE;;;;ITEM_BRANCH_RECORDS
27002238;CA;6;3;SUDMILK;;;;ITEM_BRANCH_RECORDS
27002239;CA;15;2;STE HEDI JELASSI DISTRIBUTION NORD;;;;ITEM_BRANCH_RECORDS
27002240;CA;11;7;SOCIETE IDEAL DISTRIBUTION SFAX;;;;ITEM_BRANCH_RECORDS
27002241;CA;29;0;SOCIETE EL HOUDA DISTRIBUTION;;;;ITEM_BRANCH_RECORDS
27002242;CA;18;8;ARMES COM;;;;ITEM_BRANCH_RECORDS
27002243;CA;18;7;SOCIETE TAHA DISTRIBUTION DE SUD;;;;ITEM_BRANCH_RECORDS
27002244;CA;7;1;STE AL AKREM DE COMM ET DISTRI EN GROS;;;;ITEM_BRANCH_RECORDS
27002245;CA;21;17;STE BECHIR ETTAIEB DE COMMERCE;;;;ITEM_BRANCH_RECORDS
27002246;CA;11;9;SUDMILK;;;;ITEM_BRANCH_RECORDS
27002247;CA;30;5;STE HEDI JELASSI DISTRIBUTION NORD;;;;ITEM_BRANCH_RECORDS
27002248;CA;17;14;SOCIETE IDEAL DISTRIBUTION SFAX;;;;ITEM_BRANCH_RECORDS
27002249;CA;7;4;SOCIETE EL HOUDA DISTRIBUTION;;;;ITEM_BRANCH_RECORDS
27002250;CA;16;15;ARMES COM;;;;ITEM_BRANCH_RECORDS
27002251;CA;29;1;SOCIETE TAHA DISTRIBUTION DE SUD;;;;ITEM_BRANCH_RECORDS
27002252;CA;2;0;STE AL AKREM DE COMM ET DISTRI EN GROS;;;;ITEM_BRANCH_RECORDS
27002253;CA;22;8;STE BECHIR ETTAIEB DE COMMERCE;;;;ITEM_BRANCH_RECORDS
27002254;CA;26;9;SUDMILK;;;;ITEM_BRANCH_RECORDS
27002255;CA;15;12;STE HEDI JELASSI DISTRIBUTION NORD;;;;ITEM_BRANCH_RECORDS
27002256;CA;3;0;SOCIETE IDEAL DISTRIBUTION SFAX;;;;ITEM_BRANCH_RECORDS
27002257;CA;4;2;SOCIETE EL HOUDA DISTRIBUTION;;;;ITEM_BRANCH_RECORDS
27002258;CA;7;2;ARMES COM;;;;ITEM_BRANCH_RECORDS
27002259;CA;21;20;SOCIETE TAHA DISTRIBUTION DE SUD;;;;ITEM_BRANCH_RECORDS
27002260;CA;30;27;STE AL AKREM DE COMM ET DISTRI EN GROS;;;;ITEM_BRANCH_RECORDS
27002261;CA;6;1;STE BECHIR ETTAIEB DE COMMERCE;;;;ITEM_BRANCH_RECORDS
27002262;CA;23;14;SUDMILK;;;;ITEM_BRANCH_RECORDS
27002263;CA;14;12;STE HEDI JELASSI DISTRIBUTION NORD;;;;ITEM_BRANCH_RECORDS
27002264;CA;14;6;SOCIETE IDEAL DISTRIBUTION SFAX;;;;ITEM_BRANCH_RECORDS
27002265;CA;11;6;SOCIETE EL HOUDA DISTRIBUTION;;;;ITEM_BRANCH_RECORDS
27002266;CA;24;6;ARMES COM;;;;ITEM_BRANCH_RECORDS
27002267;CA;29;3;SOCIETE TAHA DISTRIBUTION DE SUD;;;;ITEM_BRANCH_RECORDS
27002268;CA;21;5;STE AL AKREM DE COMM ET DISTRI EN GROS;;;;ITEM_BRANCH_RECORDS
27002269;CA;14;11;STE BECHIR ETTAIEB DE COMMERCE;;;;ITEM_BRANCH_RECORDS
27002270;CA;29;0;SUDMILK;;;;ITEM_BRANCH_RECORDS
27002271;CA;5;0;STE HEDI JELASSI DISTRIBUTION NORD;;;;ITEM_BRANCH_RECORDS
27002272;CA;15;2;SOCIETE IDEAL DISTRIBUTION SFAX;;;;ITEM_BRANCH_RECORDS
27002273;CA;3;1;SOCIETE EL HOUDA DISTRIBUTION;;;;ITEM_BRANCH_RECORDS
27002274;CA;21;3;ARMES COM;;;;ITEM_BRANCH_RECORDS
27002275;CA;18;12;SOCIETE TAHA DISTRIBUTION DE SUD;;;;ITEM_BRANCH_RECORDS
27002276;CA;6;3;STE AL AKREM DE COMM ET DISTRI EN GROS;;;;ITEM_BRANCH_RECORDS
27002277;CA;21;6;STE BECHIR ETTAIEB DE COMMERCE;;;;ITEM_BRANCH_RECORDS
27002278;CA;23;10;SUDMILK;;;;ITEM_BRANCH_RECORDS
27002279;CA;9;6;STE HEDI JELASSI DISTRIBUTION NORD;;;;ITEM_BRANCH_RECORDS
27002280;CA;15;3;SOCIETE IDEAL DISTRIBUTION SFAX;;;;ITEM_BRANCH_RECORDS
27002281;CA;25;11;SOCIETE EL HOUDA DISTRIBUTION;;;;ITEM_BRANCH_RECORDS
27002282;CA;26;16;ARMES COM;;;;ITEM_BRANCH_RECORDS
27002283;CA;14;12;SOCIETE TAHA DISTRIBUTION DE SUD;;;;ITEM_BRANCH_RECORDS
27002284;CA;25;23;STE AL AKREM DE COMM ET DISTRI EN GROS;;;;ITEM_BRANCH_RECORDS
27002285;CA;12;7;STE BECHIR ETTAIEB DE COMMERCE;;;;ITEM_BRANCH_RECORDS
27002286;CA;16;7;SUDMILK;;;;ITEM_BRANCH_RECORDS
27002287;CA;2;1;STE HEDI JELASSI DISTRIBUTION NORD;;;;ITEM_BRANCH_RECORDS
27002288;CA;26;14;SOCIETE IDEAL DISTRIBUTION SFAX;;;;ITEM_BRANCH_RECORDS
27002289;CA;2;0;SOCIETE EL HOUDA DISTRIBUTION;;;;ITEM_BRANCH_RECORDS
27002290;CA;12;2;ARMES COM;;;;ITEM_BRANCH_RECORDS
27002291;CA;9;2;SOCIETE TAHA DISTRIBUTION DE SUD;;;;ITEM_BRANCH_RECORDS
27002292;CA;2;0;STE AL AKREM DE COMM ET DISTRI EN GROS;;;;ITEM_BRANCH_RECORDS
27002293;CA;15;0;STE BECHIR ETTAIEB DE COMMERCE;;;;ITEM_BRANCH_RECORDS
27002294;CA;13;12;SUDMILK;;;;ITEM_BRANCH_RECORDS
27002295;CA;30;9;STE HEDI JELASSI DISTRIBUTION NORD;;;;ITEM_BRANCH_RECORDS
27002296;CA;24;9;SOCIETE IDEAL DISTRIBUTION SFAX;;;;ITEM_BRANCH_RECORDS
27002297;CA;14;11;SOCIETE EL HOUDA DISTRIBUTION;;;;ITEM_BRANCH_RECORDS
27002298;CA;20;19;ARMES COM;;;;ITEM_BRANCH_RECORDS
27002299;CA;13;8;SOCIETE TAHA DISTRIBUTION DE SUD;;;;ITEM_BRANCH_RECORDS
27002300;CA;24;6;STE AL AKREM DE COMM ET DISTRI EN GROS;;;;ITEM_BRANCH_RECORDS
27002301;CA;20;3;STE BECHIR ETTAIEB DE COMMERCE;;;;ITEM_BRANCH_RECORDS
27002302;CA;21;10;SUDMILK;;;;ITEM_BRANCH_RECORDS
27002303;CA;17;4;STE HEDI JELASSI DISTRIBUTION NORD;;;;ITEM_BRANCH_RECORDS
27002304;CA;8;4;SOCIETE IDEAL DISTRIBUTION SFAX;;;;ITEM_BRANCH_RECORDS
27002305;CA;7;4;SOCIETE EL HOUDA DISTRIBUTION;;;;ITEM_BRANCH_RECORDS
27002306;CA;22;16;ARMES COM;;;;ITEM_BRANCH_RECORDS
27002307;CA;23;1;SOCIETE TAHA DISTRIBUTION DE SUD;;;;ITEM_BRANCH_RECORDS
27002308;CA;24;18;STE AL AKREM DE COMM ET DISTRI EN GROS;;;;ITEM_BRANCH_RECORDS
27002309;CA;20;0;STE BECHIR ETTAIEB DE COMMERCE;;;;ITEM_BRANCH_RECORDS
27002310;CA;13;1;SUDMILK;;;;ITEM_BRANCH_RECORDS
27002311;CA;14;13;STE HEDI JELASSI DISTRIBUTION NORD;;;;ITEM_BRANCH_RECORDS
27002312;CA;5;3;SOCIETE IDEAL DISTRIBUTION SFAX;;;;ITEM_BRANCH_RECORDS
27002313;CA;11;4;SOCIETE EL HOUDA DISTRIBUTION;;;;ITEM_BRANCH_RECORDS
27002314;CA;2;0;ARMES COM;;;;ITEM_BRANCH_RECORDS
27002315;CA;2;0;SOCIETE TAHA DISTRIBUTION DE SUD;;;;ITEM_BRANCH_RECORDS
27002316;CA;16;8;STE AL AKREM DE COMM ET DISTRI EN GROS;;;;ITEM_BRANCH_RECORDS
27002317;CA;12;10;STE BECHIR ETTAIEB DE COMMERCE;;;;ITEM_BRANCH_RECORDS
27002318;CA;3;2;SUDMILK;;;;ITEM_BRANCH_RECORDS
27002319;CA;28;20;STE HEDI JELASSI DISTRIBUTION NORD;;;;ITEM_BRANCH_RECORDS
27002320;CA;30;19;SOCIETE IDEAL DISTRIBUTION SFAX;;;;ITEM_BRANCH_RECORDS
27002321;CA;23;6;SOCIETE EL HOUDA DISTRIBUTION;;;;ITEM_BRANCH_RECORDS
27002322;CA;16;0;ARMES COM;;;;ITEM_BRANCH_RECORDS
27002323;CA;20;9;SOCIETE TAHA DISTRIBUTION DE SUD;;;;ITEM_BRANCH_RECORDS
27002324;CA;3;0;STE AL AKREM DE COMM ET DISTRI EN GROS;;;;ITEM_BRANCH_RECORDS
27002325;CA;8;4;STE BECHIR ETTAIEB DE COMMERCE;;;;ITEM_BRANCH_RECORDS
27002326;CA;5;4;SUDMILK;;;;ITEM_BRANCH_RECORDS
27002327;CA;12;6;STE HEDI JELASSI DISTRIBUTION NORD;;;;ITEM_BRANCH_RECORDS
27002328;CA;10;0;SOCIETE IDEAL DISTRIBUTION SFAX;;;;ITEM_BRANCH_RECORDS
27002329;CA;5;3;SOCIETE EL HOUDA DISTRIBUTION;;;;ITEM_BRANCH_RECORDS
27002330;CA;18;7;ARMES COM;;;;ITEM_BRANCH_RECORDS
27002331;CA;26;9;SOCIETE TAHA DISTRIBUTION DE SUD;;;;ITEM_BRANCH_RECORDS
27002332;CA;20;8;STE AL AKREM DE COMM ET DISTRI EN GROS;;;;ITEM_BRANCH_RECORDS
27002333;CA;18;17;STE BECHIR ETTAIEB DE COMMERCE;;;;ITEM_BRANCH_RECORDS
27002334;CA;2;1;SUDMILK;;;;ITEM_BRANCH_RECORDS
27002335;CA;11;0;STE HEDI JELASSI DISTRIBUTION NORD;;;;ITEM_BRANCH_RECORDS
27002336;CA;20;13;SOCIETE IDEAL DISTRIBUTION SFAX;;;;ITEM_BRANCH_RECORDS
27002337;CA;19;14;SOCIETE EL HOUDA DISTRIBUTION;;;;ITEM_BRANCH_RECORDS
27002338;CA;3;2;ARMES COM;;;;ITEM_BRANCH_RECORDS
27002339;CA;18;10;SOCIETE TAHA DISTRIBUTION DE SUD;;;;ITEM_BRANCH_RECORDS
27002340;CA;21;14;STE AL AKREM DE COMM ET DISTRI EN GROS;;;;ITEM_BRANCH_RECORDS
27002341;CA;20;2;STE BECHIR ETTAIEB DE COMMERCE;;;;ITEM_BRANCH_RECORDS
27002342;CA;26;8;SUDMILK;;;;ITEM_BRANCH_RECORDS
27002343;CA;23;14;STE HEDI JELASSI DISTRIBUTION NORD;;;;ITEM_BRANCH_RECORDS
27002344;CA;6;4;SOCIETE IDEAL DISTRIBUTION SFAX;;;;ITEM_BRANCH_RECORDS
27002345;CA;14;11;SOCIETE EL HOUDA DISTRIBUTION;;;;ITEM_BRANCH_RECORDS
27002346;CA;6;4;ARMES COM;;;;ITEM_BRANCH_RECORDS
27002347;CA;8;6;SOCIETE TAHA DISTRIBUTION DE SUD;;;;ITEM_BRANCH_RECORDS
27002348;CA;5;3;STE AL AKREM DE COMM ET DISTRI EN GROS;;;;ITEM_BRANCH_RECORDS
27002349;CA;6;3;STE BECHIR ETTAIEB DE COMMERCE;;;;ITEM_BRANCH_RECORDS
27002350;CA;9;6;SUDMILK;;;;ITEM_BRANCH_RECORDS
27002351;CA;17;10;STE HEDI JELASSI DISTRIBUTION NORD;;;;ITEM_BRANCH_RECORDS
27002352;CA;18;2;SOCIETE IDEAL DISTRIBUTION SFAX;;;;ITEM_BRANCH_RECORDS
27002353;CA;25;6;SOCIETE EL HOUDA DISTRIBUTION;;;;ITEM_BRANCH_RECORDS
27002354;CA;5;3;ARMES COM;;;;ITEM_BRANCH_RECORDS
27002355;CA;29;23;SOCIETE TAHA DISTRIBUTION DE SUD;;;;ITEM_BRANCH_RECORDS
27002356;CA;11;0;STE AL AKREM DE COMM ET DISTRI EN GROS;;;;ITEM_BRANCH_RECORDS
27002357;CA;27;15;STE BECHIR ETTAIEB DE COMMERCE;;;;ITEM_BRANCH_RECORDS
27002358;CA;16;6;SUDMILK;;;;ITEM_BRANCH_RECORDS
27002359;CA;18;5;STE HEDI JELASSI DISTRIBUTION NORD;;;;ITEM_BRANCH_RECORDS
27002360;CA;19;18;SOCIETE IDEAL DISTRIBUTION SFAX;;;;ITEM_BRANCH_RECORDS
27002361;CA;12;7;SOCIETE EL HOUDA DISTRIBUTION;;;;ITEM_BRANCH_RECORDS
27002362;CA;26;8;ARMES COM;;;;ITEM_BRANCH_RECORDS
27002363;CA;24;2;SOCIETE TAHA DISTRIBUTION DE SUD;;;;ITEM_BRANCH_RECORDS
27002364;CA;14;2;STE AL AKREM DE COMM ET DISTRI EN GROS;;;;ITEM_BRANCH_RECORDS
27002365;CA;26;15;STE BECHIR ETTAIEB DE COMMERCE;;;;ITEM_BRANCH_RECORDS
27002366;CA;11;7;SUDMILK;;;;ITEM_BRANCH_RECORDS
27002367;CA;25;2;STE HEDI JELASSI DISTRIBUTION NORD;;;;ITEM_BRANCH_RECORDS
27002368;CA;8;5;SOCIETE IDEAL DISTRIBUTION SFAX;;;;ITEM_BRANCH_RECORDS
27002369;CA;26;13;SOCIETE EL HOUDA DISTRIBUTION;;;;ITEM_BRANCH_RECORDS
27002370;CA;11;7;ARMES COM;;;;ITEM_BRANCH_RECORDS
27002371;CA;14;7;SOCIETE TAHA DISTRIBUTION DE SUD;;;;ITEM_BRANCH_RECORDS
27002372;CA;24;22;STE AL AKREM DE COMM ET DISTRI EN GROS;;;;ITEM_BRANCH_RECORDS
27002373;CA;11;4;STE BECHIR ETTAIEB DE COMMERCE;;;;ITEM_BRANCH_RECORDS
27002374;CA;2;0;SUDMILK;;;;ITEM_BRANCH_RECORDS
27002375;CA;11;8;STE HEDI JELASSI DISTRIBUTION NORD;;;;ITEM_BRANCH_RECORDS
27002376;CA;3;2;SOCIETE IDEAL DISTRIBUTION SFAX;;;;ITEM_BRANCH_RECORDS
27002377;CA;6;0;SOCIETE EL HOUDA DISTRIBUTION;;;;ITEM_BRANCH_RECORDS
27002378;CA;25;23;ARMES COM;;;;ITEM_BRANCH_RECORDS
27002379;CA;15;0;SOCIETE TAHA DISTRIBUTION DE SUD;;;;ITEM_BRANCH_RECORDS
27002380;CA;25;11;STE AL AKREM DE COMM ET DISTRI EN GROS;;;;ITEM_BRANCH_RECORDS
27002381;CA;11;7;STE BECHIR ETTAIEB DE COMMERCE;;;;ITEM_BRANCH_RECORDS
27002382;CA;5;4;SUDMILK;;;;ITEM_BRANCH_RECORDS
27002383;CA;23;6;STE HEDI JELASSI DISTRIBUTION NORD;;;;ITEM_BRANCH_RECORDS
27002384;CA;12;1;SOCIETE IDEAL DISTRIBUTION SFAX;;;;ITEM_BRANCH_RECORDS
27002385;CA;7;1;SOCIETE EL HOUDA DISTRIBUTION;;;;ITEM_BRANCH_RECORDS
27002386;CA;5;2;ARMES COM;;;;ITEM_BRANCH_RECORDS
27002387;CA;20;14;SOCIETE TAHA DISTRIBUTION DE SUD;;;;ITEM_BRANCH_RECORDS
27002388;CA;16;13;STE AL AKREM DE COMM ET DISTRI EN GROS;;;;ITEM_BRANCH_RECORDS
27002389;CA;12;5;STE BECHIR ETTAIEB DE COMMERCE;;;;ITEM_BRANCH_RECORDS
27002390;CA;28;3;SUDMILK;;;;ITEM_BRANCH_RECORDS
27002391;CA;14;0;STE HEDI JELASSI DISTRIBUTION NORD;;;;ITEM_BRANCH_RECORDS
27002392;CA;2;1;SOCIETE IDEAL DISTRIBUTION SFAX;;;;ITEM_BRANCH_RECORDS
27002393;CA;8;7;SOCIETE EL HOUDA DISTRIBUTION;;;;ITEM_BRANCH_RECORDS
27002394;CA;17;16;ARMES COM;;;;ITEM_BRANCH_RECORDS
27002395;CA;29;4;SOCIETE TAHA DISTRIBUTION DE SUD;;;;ITEM_BRANCH_RECORDS
27002396;CA;21;0;STE AL AKREM DE COMM ET DISTRI EN GROS;;;;ITEM_BRANCH_RECORDS
27002397;CA;2;0;STE BECHIR ETTAIEB DE COMMERCE;;;;ITEM_BRANCH_RECORDS
27002398;CA;30;3;SUDMILK;;;;ITEM_BRANCH_RECORDS
27002399;CA;29;28;STE HEDI JELASSI DISTRIBUTION NORD;;;;ITEM_BRANCH_RECORDS
27002400;CA;12;2;SOCIETE IDEAL DISTRIBUTION SFAX;;;;ITEM_BRANCH_RECORDS
27002401;CA;29;19;SOCIETE EL HOUDA DISTRIBUTION;;;;ITEM_BRANCH_RECORDS
27002402;CA;17;16;ARMES COM;;;;ITEM_BRANCH_RECORDS
27002403;CA;17;9;SOCIETE TAHA DISTRIBUTION DE SUD;;;;ITEM_BRANCH_RECORDS
27002404;CA;6;1;STE AL AKREM DE COMM ET DISTRI EN GROS;;;;ITEM_BRANCH_RECORDS
27002405;CA;8;2;STE BECHIR ETTAIEB DE COMMERCE;;;;ITEM_BRANCH_RECORDS
27002406;CA;3;0;SUDMILK;;;;ITEM_BRANCH_RECORDS
27002407;CA;2;0;STE HEDI JELASSI DISTRIBUTION NORD;;;;ITEM_BRANCH_RECORDS
27002408;CA;3;1;SOCIETE IDEAL DISTRIBUTION SFAX;;;;ITEM_BRANCH_RECORDS
27002409;CA;25;9;SOCIETE EL HOUDA DISTRIBUTION;;;;ITEM_BRANCH_RECORDS
27002410;CA;24;4;ARMES COM;;;;ITEM_BRANCH_RECORDS
27002411;CA;29;2;SOCIETE TAHA DISTRIBUTION DE SUD;;;;ITEM_BRANCH_RECORDS
27002412;CA;9;6;STE AL AKREM DE COMM ET DISTRI EN GROS;;;;ITEM_BRANCH_RECORDS
27002413;CA;23;2;STE BECHIR ETTAIEB DE COMMERCE;;;;ITEM_BRANCH_RECORDS
27002414;CA;9;4;SUDMILK;;;;ITEM_BRANCH_RECORDS
27002415;CA;25;3;STE HEDI JELASSI DISTRIBUTION NORD;;;;ITEM_BRANCH_RECORDS
27002416;CA;14;2;SOCIETE IDEAL DISTRIBUTION SFAX;;;;ITEM_BRANCH_RECORDS
27002417;CA;26;10;SOCIETE EL HOUDA DISTRIBUTION;;;;ITEM_BRANCH_RECORDS
27002418;CA;10;5;ARMES COM;;;;ITEM_BRANCH_RECORDS
27002419;CA;14;2;SOCIETE TAHA DISTRIBUTION DE SUD;;;;ITEM_BRANCH_RECORDS
27002420;CA;26;7;STE AL AKREM DE COMM ET DISTRI EN GROS;;;;ITEM_BRANCH_RECORDS
27002421;CA;17;0;STE BECHIR ETTAIEB DE COMMERCE;;;;ITEM_BRANCH_RECORDS
27002422;CA;29;7;SUDMILK;;;;ITEM_BRANCH_RECORDS
27002423;CA;4;1;STE HEDI JELASSI DISTRIBUTION NORD;;;;ITEM_BRANCH_RECORDS
27002424;CA;22;14;SOCIETE IDEAL DISTRIBUTION SFAX;;;;ITEM_BRANCH_RECORDS
27002425;CA;14;9;SOCIETE EL HOUDA DISTRIBUTION;;;;ITEM_BRANCH_RECORDS
27002426;CA;11;1;ARMES COM;;;;ITEM_BRANCH_RECORDS
27002427;CA;17;3;SOCIETE TAHA DISTRIBUTION DE SUD;;;;ITEM_BRANCH_RECORDS
27002428;CA;4;1;STE AL AKREM DE COMM ET DISTRI EN GROS;;;;ITEM_BRANCH_RECORDS
27002429;CA;21;4;STE BECHIR ETTAIEB DE COMMERCE;;;;ITEM_BRANCH_RECORDS
27002430;CA;2;0;SUDMILK;;;;ITEM_BRANCH_RECORDS
27002431;CA;28;7;STE HEDI JELASSI DISTRIBUTION NORD;;;;ITEM_BRANCH_RECORDS
27002432;CA;3;2;SOCIETE IDEAL DISTRIBUTION SFAX;;;;ITEM_BRANCH_RECORDS
27002433;CA;2;0;SOCIETE EL HOUDA DISTRIBUTION;;;;ITEM_BRANCH_RECORDS
27002434;CA;20;18;ARMES COM;;;;ITEM_BRANCH_RECORDS
27002435;CA;26;13;SOCIETE TAHA DISTRIBUTION DE SUD;;;;ITEM_BRANCH_RECORDS
27002436;CA;4;1;STE AL AKREM DE COMM ET DISTRI EN GROS;;;;ITEM_BRANCH_RECORDS
27002437;CA;8;7;STE BECHIR ETTAIEB DE COMMERCE;;;;ITEM_BRANCH_RECORDS
27002438;CA;24;16;SUDMILK;;;;ITEM_BRANCH_RECORDS
27002439;CA;24;8;STE HEDI JELASSI DISTRIBUTION NORD;;;;ITEM_BRANCH_RECORDS
27002440;CA;19;4;SOCIETE IDEAL DISTRIBUTION SFAX;;;;ITEM_BRANCH_RECORDS
27002441;CA;28;27;SOCIETE EL HOUDA DISTRIBUTION;;;;ITEM_BRANCH_RECORDS
27002442;CA;27;4;ARMES COM;;;;ITEM_BRANCH_RECORDS
27002443;CA;24;17;SOCIETE TAHA DISTRIBUTION DE SUD;;;;ITEM_BRANCH_RECORDS
27002444;CA;23;14;STE AL AKREM DE COMM ET DISTRI EN GROS;;;;ITEM_BRANCH_RECORDS
27002445;CA;6;1;STE BECHIR ETTAIEB DE COMMERCE;;;;ITEM_BRANCH_RECORDS
27002446;CA;7;6;SUDMILK;;;;ITEM_BRANCH_RECORDS
27002447;CA;3;0;STE HEDI JELASSI DISTRIBUTION NORD;;;;ITEM_BRANCH_RECORDS
27002448;CA;26;1;SOCIETE IDEAL DISTRIBUTION SFAX;;;;ITEM_BRANCH_RECORDS
27002449;CA;22;13;SOCIETE EL HOUDA DISTRIBUTION;;;;ITEM_BRANCH_RECORDS
27002450;CA;29;27;ARMES COM;;;;ITEM_BRANCH_RECORDS
27002451;CA;27;26;SOCIETE TAHA DISTRIBUTION DE SUD;;;;ITEM_BRANCH_RECORDS
27002452;CA;3;1;STE AL AKREM DE COMM ET DISTRI EN GROS;;;;ITEM_BRANCH_RECORDS
27002453;CA;14;2;STE BECHIR ETTAIEB DE COMMERCE;;;;ITEM_BRANCH_RECORDS
27002454;CA;23;20;SUDMILK;;;;ITEM_BRANCH_RECORDS
27002455;CA;28;7;STE HEDI JELASSI DISTRIBUTION NORD;;;;ITEM_BRANCH_RECORDS
27002456;CA;21;8;SOCIETE IDEAL DISTRIBUTION SFAX;;;;ITEM_BRANCH_RECORDS
27002457;CA;22;17;SOCIETE EL HOUDA DISTRIBUTION;;;;ITEM_BRANCH_RECORDS
27002458;CA;21;16;ARMES COM;;;;ITEM_BRANCH_RECORDS
27002459;CA;27;0;SOCIETE TAHA DISTRIBUTION DE SUD;;;;ITEM_BRANCH_RECORDS
27002460;CA;3;1;STE AL AKREM DE COMM ET DISTRI EN GROS;;;;ITEM_BRANCH_RECORDS
27002461;CA;14;6;STE BECHIR ETTAIEB DE COMMERCE;;;;ITEM_BRANCH_RECORDS
27002462;CA;28;11;SUDMILK;;;;ITEM_BRANCH_RECORDS
27002463;CA;30;19;STE HEDI JELASSI DISTRIBUTION NORD;;;;ITEM_BRANCH_RECORDS
27002464;CA;14;2;SOCIETE IDEAL DISTRIBUTION SFAX;;;;ITEM_BRANCH_RECORDS
27002465;CA;4;2;SOCIETE EL HOUDA DISTRIBUTION;;;;ITEM_BRANCH_RECORDS
27002466;CA;20;1;ARMES COM;;;;ITEM_BRANCH_RECORDS
27002467;CA;18;16;SOCIETE TAHA DISTRIBUTION DE SUD;;;;ITEM_BRANCH_RECORDS
27002468;CA;22;21;STE AL AKREM DE COMM ET DISTRI EN GROS;;;;ITEM_BRANCH_RECORDS
27002469;CA;3;2;STE BECHIR ETTAIEB DE COMMERCE;;;;ITEM_BRANCH_RECORDS
27002470;CA;17;4;SUDMILK;;;;ITEM_BRANCH_RECORDS
27002471;CA;28;4;STE HEDI JELASSI DISTRIBUTION NORD;;;;ITEM_BRANCH_RECORDS
27002472;CA;21;16;SOCIETE IDEAL DISTRIBUTION SFAX;;;;ITEM_BRANCH_RECORDS
27002473;CA;2;0;SOCIETE EL HOUDA DISTRIBUTION;;;;ITEM_BRANCH_RECORDS
27002474;CA;18;0;ARMES COM;;;;ITEM_BRANCH_RECORDS
27002475;CA;12;6;SOCIETE TAHA DISTRIBUTION DE SUD;;;;ITEM_BRANCH_RECORDS
27002476;CA;22;17;STE AL AKREM DE COMM ET DISTRI EN GROS;;;;ITEM_BRANCH_RECORDS
27002477;CA;4;1;STE BECHIR ETTAIEB DE COMMERCE;;;;ITEM_BRANCH_RECORDS
27002478;CA;30;19;SUDMILK;;;;ITEM_BRANCH_RECORDS
27002479;CA;9;7;STE HEDI JELASSI DISTRIBUTION NORD;;;;ITEM_BRANCH_RECORDS
27002480;CA;23;15;SOCIETE IDEAL DISTRIBUTION SFAX;;;;ITEM_BRANCH_RECORDS
27002481;CA;22;11;SOCIETE EL HOUDA DISTRIBUTION;;;;ITEM_BRANCH_RECORDS
27002482;CA;21;18;ARMES COM;;;;ITEM_BRANCH_RECORDS
27002483;CA;19;14;SOCIETE TAHA DISTRIBUTION DE SUD;;;;ITEM_BRANCH_RECORDS
27002484;CA;8;7;STE AL AKREM DE COMM ET DISTRI EN GROS;;;;ITEM_BRANCH_RECORDS
27002485;CA;5;3;STE BECHIR ETTAIEB DE COMMERCE;;;;ITEM_BRANCH_RECORDS
27002486;CA;4;2;SUDMILK;;;;ITEM_BRANCH_RECORDS
27002487;CA;3;1;STE HEDI JELASSI DISTRIBUTION NORD;;;;ITEM_BRANCH_RECORDS
27002488;CA;2;0;SOCIETE IDEAL DISTRIBUTION SFAX;;;;ITEM_BRANCH_RECORDS
27002489;CA;2;1;SOCIETE EL HOUDA DISTRIBUTION;;;;ITEM_BRANCH_RECORDS
27002490;CA;10;5;ARMES COM;;;;ITEM_BRANCH_RECORDS
27002491;CA;21;9;SOCIETE TAHA DISTRIBUTION DE SUD;;;;ITEM_BRANCH_RECORDS
27002492;CA;21;17;STE AL AKREM DE COMM ET DISTRI EN GROS;;;;ITEM_BRANCH_RECORDS
27002493;CA;29;20;STE BECHIR ETTAIEB DE COMMERCE;;;;ITEM_BRANCH_RECORDS
27002494;CA;17;14;SUDMILK;;;;ITEM_BRANCH_RECORDS
27002495;CA;16;14;STE HEDI JELASSI DISTRIBUTION NORD;;;;ITEM_BRANCH_RECORDS
27002496;CA;30;22;SOCIETE IDEAL DISTRIBUTION SFAX;;;;ITEM_BRANCH_RECORDS
27002497;CA;3;1;SOCIETE EL HOUDA DISTRIBUTION;;;;ITEM_BRANCH_RECORDS
27002498;CA;4;2;ARMES COM;;;;ITEM_BRANCH_RECORDS
27002499;CA;19;11;SOCIETE TAHA DISTRIBUTION DE SUD;;;;ITEM_BRANCH_RECORDS
27002500;CA;29;5;STE AL AKREM DE COMM ET DISTRI EN GROS;;;;ITEM_BRANCH_RECORDS
27002501;CA;11;7;STE BECHIR ETTAIEB DE COMMERCE;;;;ITEM_BRANCH_RECORDS
27002502;CA;10;7;SUDMILK;;;;ITEM_BRANCH_RECORDS
27002503;CA;9;0;STE HEDI JELASSI DISTRIBUTION NORD;;;;ITEM_BRANCH_RECORDS
27002504;CA;19;2;SOCIETE IDEAL DISTRIBUTION SFAX;;;;ITEM_BRANCH_RECORDS
27002505;CA;7;1;SOCIETE EL HOUDA DISTRIBUTION;;;;ITEM_BRANCH_RECORDS
27002506;CA;16;7;ARMES COM;;;;ITEM_BRANCH_RECORDS
27002507;CA;11;0;SOCIETE TAHA DISTRIBUTION DE SUD;;;;ITEM_BRANCH_RECORDS
27002508;CA;19;13;STE AL AKREM DE COMM ET DISTRI EN GROS;;;;ITEM_BRANCH_RECORDS
27002509;CA;18;14;STE BECHIR ETTAIEB DE COMMERCE;;;;ITEM_BRANCH_RECORDS
27002510;CA;28;26;SUDMILK;;;;ITEM_BRANCH_RECORDS
27002511;CA;7;0;STE HEDI JELASSI DISTRIBUTION NORD;;;;ITEM_BRANCH_RECORDS
27002512;CA;30;1;SOCIETE IDEAL DISTRIBUTION SFAX;;;;ITEM_BRANCH_RECORDS
27002513;CA;20;11;SOCIETE EL HOUDA DISTRIBUTION;;;;ITEM_BRANCH_RECORDS
27002514;CA;22;21;ARMES COM;;;;ITEM_BRANCH_RECORDS
27002515;CA;9;3;SOCIETE TAHA DISTRIBUTION DE SUD;;;;ITEM_BRANCH_RECORDS
27002516;CA;26;3;STE AL AKREM DE COMM ET DISTRI EN GROS;;;;ITEM_BRANCH_RECORDS
27002517;CA;8;7;STE BECHIR ETTAIEB DE COMMERCE;;;;ITEM_BRANCH_RECORDS
27002518;CA;22;4;SUDMILK;;;;ITEM_BRANCH_RECORDS
27002519;CA;20;0;STE HEDI JELASSI DISTRIBUTION NORD;;;;ITEM_BRANCH_RECORDS
27002520;CA;6;0;SOCIETE IDEAL DISTRIBUTION SFAX;;;;ITEM_BRANCH_RECORDS
27002521;CA;26;4;SOCIETE EL HOUDA DISTRIBUTION;;;;ITEM_BRANCH_RECORDS
27002522;CA;11;9;ARMES COM;;;;ITEM_BRANCH_RECORDS
27002523;CA;12;6;SOCIETE TAHA DISTRIBUTION DE SUD;;;;ITEM_BRANCH_RECORDS
27002524;CA;25;9;STE AL AKREM DE COMM ET DISTRI EN GROS;;;;ITEM_BRANCH_RECORDS
27002525;CA;14;4;STE BECHIR ETTAIEB DE COMMERCE;;;;ITEM_BRANCH_RECORDS
27002526;CA;28;0;SUDMILK;;;;ITEM_BRANCH_RECORDS
27002527;CA;17;16;STE HEDI JELASSI DISTRIBUTION NORD;;;;ITEM_BRANCH_RECORDS
27002528;CA;11;5;SOCIETE IDEAL DISTRIBUTION SFAX;;;;ITEM_BRANCH_RECORDS
27002529;CA;4;1;SOCIETE EL HOUDA DISTRIBUTION;;;;ITEM_BRANCH_RECORDS
27002530;CA;30;1;ARMES COM;;;;ITEM_BRANCH_RECORDS
27002531;CA;20;9;SOCIETE TAHA DISTRIBUTION DE SUD;;;;ITEM_BRANCH_RECORDS
27002532;CA;27;22;STE AL AKREM DE COMM ET DISTRI EN GROS;;;;ITEM_BRANCH_RECORDS
27002533;CA;22;5;STE BECHIR ETTAIEB DE COMMERCE;;;;ITEM_BRANCH_RECORDS
27002534;CA;29;11;SUDMILK;;;;ITEM_BRANCH_RECORDS
27002535;CA;9;5;STE HEDI JELASSI DISTRIBUTION NORD;;;;ITEM_BRANCH_RECORDS
27002536;CA;14;9;SOCIETE IDEAL DISTRIBUTION SFAX;;;;ITEM_BRANCH_RECORDS
27002537;CA;29;2;SOCIETE EL HOUDA DISTRIBUTION;;;;ITEM_BRANCH_RECORDS
27002538;CA;10;7;ARMES COM;;;;ITEM_BRANCH_RECORDS
27002539;CA;26;23;SOCIETE TAHA DISTRIBUTION DE SUD;;;;ITEM_BRANCH_RECORDS
27002540;CA;21;4;STE AL AKREM DE COMM ET DISTRI EN GROS;;;;ITEM_BRANCH_RECORDS
27002541;CA;9;2;STE BECHIR ETTAIEB DE COMMERCE;;;;ITEM_BRANCH_RECORDS
27002542;CA;19;3;SUDMILK;;;;ITEM_BRANCH_RECORDS
27002543;CA;29;3;STE HEDI JELASSI DISTRIBUTION NORD;;;;ITEM_BRANCH_RECORDS
27002544;CA;21;10;SOCIETE IDEAL DISTRIBUTION SFAX;;;;ITEM_BRANCH_RECORDS
27002545;CA;20;4;SOCIETE EL HOUDA DISTRIBUTION;;;;ITEM_BRANCH_RECORDS
27002546;CA;6;0;ARMES COM;;;;ITEM_BRANCH_RECORDS
27002547;CA;30;20;SOCIETE TAHA DISTRIBUTION DE SUD;;;;ITEM_BRANCH_RECORDS
27002548;CA;2;1;STE AL AKREM DE COMM ET DISTRI EN GROS;;;;ITEM_BRANCH_RECORDS
27002549;CA;30;6;STE BECHIR ETTAIEB DE COMMERCE;;;;ITEM_BRANCH_RECORDS
27002550;CA;12;10;SUDMILK;;;;ITEM_BRANCH_RECORDS
27002551;CA;23;22;STE HEDI JELASSI DISTRIBUTION NORD;;;;ITEM_BRANCH_RECORDS
27002552;CA;2;1;SOCIETE IDEAL DISTRIBUTION SFAX;;;;ITEM_BRANCH_RECORDS
27002553;CA;27;18;SOCIETE EL HOUDA DISTRIBUTION;;;;ITEM_BRANCH_RECORDS
27002554;CA;20;3;ARMES COM;;;;ITEM_BRANCH_RECORDS
27002555;CA;14;1;SOCIETE TAHA DISTRIBUTION DE SUD;;;;ITEM_BRANCH_RECORDS
27002556;CA;20;5;STE AL AKREM DE COMM ET DISTRI EN GROS;;;;ITEM_BRANCH_RECORDS
27002557;CA;16;1;STE BECHIR ETTAIEB DE COMMERCE;;;;ITEM_BRANCH_RECORDS
27002558;CA;4;3;SUDMILK;;;;ITEM_BRANCH_RECORDS
27002559;CA;3;1;STE HEDI JELASSI DISTRIBUTION NORD;;;;ITEM_BRANCH_RECORDS
27002560;CA;22;15;SOCIETE IDEAL DISTRIBUTION SFAX;;;;ITEM_BRANCH_RECORDS
27002561;CA;23;22;SOCIETE EL HOUDA DISTRIBUTION;;;;ITEM_BRANCH_RECORDS
27002562;CA;12;1;ARMES COM;;;;ITEM_BRANCH_RECORDS
27002563;CA;26;7;SOCIETE TAHA DISTRIBUTION DE SUD;;;;ITEM_BRANCH_RECORDS
27002564;CA;29;19;STE AL AKREM DE COMM ET DISTRI EN GROS;;;;ITEM_BRANCH_RECORDS
27002565;CA;15;12;STE BECHIR ETTAIEB DE COMMERCE;;;;ITEM_BRANCH_RECORDS
27002566;CA;29;12;SUDMILK;;;;ITEM_BRANCH_RECORDS
27002567;CA;27;25;STE HEDI JELASSI DISTRIBUTION NORD;;;;ITEM_BRANCH_RECORDS
27002568;CA;28;2;SOCIETE IDEAL DISTRIBUTION SFAX;;;;ITEM_BRANCH_RECORDS
27002569;CA;21;20;SOCIETE EL HOUDA DISTRIBUTION;;;;ITEM_BRANCH_RECORDS
27002570;CA;13;11;ARMES COM;;;;ITEM_BRANCH_RECORDS
27002571;CA;9;1;SOCIETE TAHA DISTRIBUTION DE SUD;;;;ITEM_BRANCH_RECORDS
27002572;CA;5;1;STE AL AKREM DE COMM ET DISTRI EN GROS;;;;ITEM_BRANCH_RECORDS
27002573;CA;9;2;STE BECHIR ETTAIEB DE COMMERCE;;;;ITEM_BRANCH_RECORDS
27002574;CA;18;17;SUDMILK;;;;ITEM_BRANCH_RECORDS
27002575;CA;13;5;STE HEDI JELASSI DISTRIBUTION NORD;;;;ITEM_BRANCH_RECORDS
27002576;CA;14;3;SOCIETE IDEAL DISTRIBUTION SFAX;;;;ITEM_BRANCH_RECORDS
27002577;CA;8;5;SOCIETE EL HOUDA DISTRIBUTION;;;;ITEM_BRANCH_RECORDS
27002578;CA;26;8;ARMES COM;;;;ITEM_BRANCH_RECORDS
27002579;CA;13;2;SOCIETE TAHA DISTRIBUTION DE SUD;;;;ITEM_BRANCH_RECORDS
27002580;CA;23;18;STE AL AKREM DE COMM ET DISTRI EN GROS;;;;ITEM_BRANCH_RECORDS
27002581;CA;11;10;STE BECHIR ETTAIEB DE COMMERCE;;;;ITEM_BRANCH_RECORDS
27002582;CA;29;13;SUDMILK;;;;ITEM_BRANCH_RECORDS
27002583;CA;7;3;STE HEDI JELASSI DISTRIBUTION NORD;;;;ITEM_BRANCH_RECORDS
27002584;CA;17;15;SOCIETE IDEAL DISTRIBUTION SFAX;;;;ITEM_BRANCH_RECORDS
27002585;CA;17;10;SOCIETE EL HOUDA DISTRIBUTION;;;;ITEM_BRANCH_RECORDS
27002586;CA;18;15;ARMES COM;;;;ITEM_BRANCH_RECORDS
27002587;CA;25;21;SOCIETE TAHA DISTRIBUTION DE SUD;;;;ITEM_BRANCH_RECORDS
27002588;CA;27;16;STE AL AKREM DE COMM ET DISTRI EN GROS;;;;ITEM_BRANCH_RECORDS
27002589;CA;5;3;STE BECHIR ETTAIEB DE COMMERCE;;;;ITEM_BRANCH_RECORDS
27002590;CA;29;24;SUDMILK;;;;ITEM_BRANCH_RECORDS
27002591;CA;28;6;STE HEDI JELASSI DISTRIBUTION NORD;;;;ITEM_BRANCH_RECORDS
27002592;CA;15;12;SOCIETE IDEAL DISTRIBUTION SFAX;;;;ITEM_BRANCH_RECORDS
27002593;CA;16;2;SOCIETE EL HOUDA DISTRIBUTION;;;;ITEM_BRANCH_RECORDS
27002594;CA;29;2;ARMES COM;;;;ITEM_BRANCH_RECORDS
27002595;CA;6;5;SOCIETE TAHA DISTRIBUTION DE SUD;;;;ITEM_BRANCH_RECORDS
27002596;CA;22;6;STE AL AKREM DE COMM ET DISTRI EN GROS;;;;ITEM_BRANCH_RECORDS
27002597;CA;13;10;STE BECHIR ETTAIEB DE COMMERCE;;;;ITEM_BRANCH_RECORDS
27002598;CA;9;6;SUDMILK;;;;ITEM_BRANCH_RECORDS
27002599;CA;16;15;STE HEDI JELASSI DISTRIBUTION NORD;;;;ITEM_BRANCH_RECORDS
27002600;CA;12;7;SOCIETE IDEAL DISTRIBUTION SFAX;;;;ITEM_BRANCH_RECORDS
27002601;CA;8;3;SOCIETE EL HOUDA DISTRIBUTION;;;;ITEM_BRANCH_RECORDS
27002602;CA;11;10;ARMES COM;;;;ITEM_BRANCH_RECORDS
27002603;CA;4;3;SOCIETE TAHA DISTRIBUTION DE SUD;;;;ITEM_BRANCH_RECORDS
27002604;CA;20;1;STE AL AKREM DE COMM ET DISTRI EN GROS;;;;ITEM_BRANCH_RECORDS
27002605;CA;12;8;STE BECHIR ETTAIEB DE COMMERCE;;;;ITEM_BRANCH_RECORDS
27002606;CA;12;11;SUDMILK;;;;ITEM_BRANCH_RECORDS
27002607;CA;14;0;STE HEDI JELASSI DISTRIBUTION NORD;;;;ITEM_BRANCH_RECORDS
27002608;CA;11;8;SOCIETE IDEAL DISTRIBUTION SFAX;;;;ITEM_BRANCH_RECORDS
27002609;CA;12;7;SOCIETE EL HOUDA DISTRIBUTION;;;;ITEM_BRANCH_RECORDS
27002610;CA;24;7;ARMES COM;;;;ITEM_BRANCH_RECORDS
27002611;CA;21;10;SOCIETE TAHA DISTRIBUTION DE SUD;;;;ITEM_BRANCH_RECORDS
27002612;CA;17;13;STE AL AKREM DE COMM ET DISTRI EN GROS;;;;ITEM_BRANCH_RECORDS
27002613;CA;18;13;STE BECHIR ETTAIEB DE COMMERCE;;;;ITEM_BRANCH_RECORDS
27002614;CA;14;5;SUDMILK;;;;ITEM_BRANCH_RECORDS
27002615;CA;4;1;STE HEDI JELASSI DISTRIBUTION NORD;;;;ITEM_BRANCH_RECORDS
27002616;CA;20;6;SOCIETE IDEAL DISTRIBUTION SFAX;;;;ITEM_BRANCH_RECORDS
27002617;CA;26;8;SOCIETE EL HOUDA DISTRIBUTION;;;;ITEM_BRANCH_RECORDS
27002618;CA;17;14;ARMES COM;;;;ITEM_BRANCH_RECORDS
27002619;CA;25;2;SOCIETE TAHA DISTRIBUTION DE SUD;;;;ITEM_BRANCH_RECORDS
27002620;CA;11;7;STE AL AKREM DE COMM ET DISTRI EN GROS;;;;ITEM_BRANCH_RECORDS
27002621;CA;22;18;STE BECHIR ETTAIEB DE COMMERCE;;;;ITEM_BRANCH_RECORDS
27002622;CA;9;0;SUDMILK;;;;ITEM_BRANCH_RECORDS
27002623;CA;4;1;STE HEDI JELASSI DISTRIBUTION NORD;;;;ITEM_BRANCH_RECORDS
27002624;CA;5;0;SOCIETE IDEAL DISTRIBUTION SFAX;;;;ITEM_BRANCH_RECORDS
27002625;CA;2;0;SOCIETE EL HOUDA DISTRIBUTION;;;;ITEM_BRANCH_RECORDS
27002626;CA;10;2;ARMES COM;;;;ITEM_BRANCH_RECORDS
27002627;CA;27;12;SOCIETE TAHA DISTRIBUTION DE SUD;;;;ITEM_BRANCH_RECORDS
27002628;CA;13;5;STE AL AKREM DE COMM ET DISTRI EN GROS;;;;ITEM_BRANCH_RECORDS
27002629;CA;21;11;STE BECHIR ETTAIEB DE COMMERCE;;;;ITEM_BRANCH_RECORDS
27002630;CA;6;1;SUDMILK;;;;ITEM_BRANCH_RECORDS
27002631;CA;24;2;STE HEDI JELASSI DISTRIBUTION NORD;;;;ITEM_BRANCH_RECORDS
27002632;CA;21;11;SOCIETE IDEAL DISTRIBUTION SFAX;;;;ITEM_BRANCH_RECORDS
27002633;CA;12;2;SOCIETE EL HOUDA DISTRIBUTION;;;;ITEM_BRANCH_RECORDS
27002634;CA;14;5;ARMES COM;;;;ITEM_BRANCH_RECORDS
27002635;CA;21;0;SOCIETE TAHA DISTRIBUTION DE SUD;;;;ITEM_BRANCH_RECORDS
27002636;CA;10;5;STE AL AKREM DE COMM ET DISTRI EN GROS;;;;ITEM_BRANCH_RECORDS
27002637;CA;3;1;STE BECHIR ETTAIEB DE COMMERCE;;;;ITEM_BRANCH_RECORDS
27002638;CA;13;9;SUDMILK;;;;ITEM_BRANCH_RECORDS
27002639;CA;26;6;STE HEDI JELASSI DISTRIBUTION NORD;;;;ITEM_BRANCH_RECORDS
27002640;CA;11;7;SOCIETE IDEAL DISTRIBUTION SFAX;;;;ITEM_BRANCH_RECORDS
27002641;CA;11;1;SOCIETE EL HOUDA DISTRIBUTION;;;;ITEM_BRANCH_RECORDS
27002642;CA;13;10;ARMES COM;;;;ITEM_BRANCH_RECORDS
27002643;CA;7;0;SOCIETE TAHA DISTRIBUTION DE SUD;;;;ITEM_BRANCH_RECORDS
27002644;CA;13;2;STE AL AKREM DE COMM ET DISTRI EN GROS;;;;ITEM_BRANCH_RECORDS
27002645;CA;19;16;STE BECHIR ETTAIEB DE COMMERCE;;;;ITEM_BRANCH_RECORDS
27002646;CA;18;15;SUDMILK;;;;ITEM_BRANCH_RECORDS
27002647;CA;26;13;STE HEDI JELASSI DISTRIBUTION NORD;;;;ITEM_BRANCH_RECORDS
27002648;CA;12;9;SOCIETE IDEAL DISTRIBUTION SFAX;;;;ITEM_BRANCH_RECORDS
27002649;CA;18;10;SOCIETE EL HOUDA DISTRIBUTION;;;;ITEM_BRANCH_RECORDS
27002650;CA;25;5;ARMES COM;;;;ITEM_BRANCH_RECORDS
27002651;CA;28;23;SOCIETE TAHA DISTRIBUTION DE SUD;;;;ITEM_BRANCH_RECORDS
27002652;CA;13;5;STE AL AKREM DE COMM ET DISTRI EN GROS;;;;ITEM_BRANCH_RECORDS
27002653;CA;16;7;STE BECHIR ETTAIEB DE COMMERCE;;;;ITEM_BRANCH_RECORDS
27002654;CA;23;14;SUDMILK;;;;ITEM_BRANCH_RECORDS
27002655;CA;15;8;STE HEDI JELASSI DISTRIBUTION NORD;;;;ITEM_BRANCH_RECORDS
27002656;CA;7;2;SOCIETE IDEAL DISTRIBUTION SFAX;;;;ITEM_BRANCH_RECORDS
27002657;CA;26;12;SOCIETE EL HOUDA DISTRIBUTION;;;;ITEM_BRANCH_RECORDS
27002658;CA;12;0;ARMES COM;;;;ITEM_BRANCH_RECORDS
27002659;CA;30;21;SOCIETE TAHA DISTRIBUTION DE SUD;;;;ITEM_BRANCH_RECORDS
27002660;CA;8;5;STE AL AKREM DE COMM ET DISTRI EN GROS;;;;ITEM_BRANCH_RECORDS
27002661;CA;7;6;STE BECHIR ETTAIEB DE COMMERCE;;;;ITEM_BRANCH_RECORDS
27002662;CA;11;8;SUDMILK;;;;ITEM_BRANCH_RECORDS
27002663;CA;18;10;STE HEDI JELASSI DISTRIBUTION NORD;;;;ITEM_BRANCH_RECORDS
27002664;CA;26;12;SOCIETE IDEAL DISTRIBUTION SFAX;;;;ITEM_BRANCH_RECORDS
27002665;CA;11;6;SOCIETE EL HOUDA DISTRIBUTION;;;;ITEM_BRANCH_RECORDS
27002666;CA;3;1;ARMES COM;;;;ITEM_BRANCH_RECORDS
27002667;CA;20;2;SOCIETE TAHA DISTRIBUTION DE SUD;;;;ITEM_BRANCH_RECORDS
27002668;CA;6;5;STE AL AKREM DE COMM ET DISTRI EN GROS;;;;ITEM_BRANCH_RECORDS
27002669;CA;29;17;STE BECHIR ETTAIEB DE COMMERCE;;;;ITEM_BRANCH_RECORDS
27002670;CA;19;13;SUDMILK;;;;ITEM_BRANCH_RECORDS
27002671;CA;28;0;STE HEDI JELASSI DISTRIBUTION NORD;;;;ITEM_BRANCH_RECORDS
27002672;CA;6;3;SOCIETE IDEAL DISTRIBUTION SFAX;;;;ITEM_BRANCH_RECORDS
27002673;CA;22;14;SOCIETE EL HOUDA DISTRIBUTION;;;;ITEM_BRANCH_RECORDS
27002674;CA;12;6;ARMES COM;;;;ITEM_BRANCH_RECORDS
27002675;CA;7;0;SOCIETE TAHA DISTRIBUTION DE SUD;;;;ITEM_BRANCH_RECORDS
27002676;CA;21;14;STE AL AKREM DE COMM ET DISTRI EN GROS;;;;ITEM_BRANCH_RECORDS
27002677;CA;20;18;STE BECHIR ETTAIEB DE COMMERCE;;;;ITEM_BRANCH_RECORDS
27002678;CA;22;8;SUDMILK;;;;ITEM_BRANCH_RECORDS
27002679;CA;10;6;STE HEDI JELASSI DISTRIBUTION NORD;;;;ITEM_BRANCH_RECORDS
27002680;CA;15;8;SOCIETE IDEAL DISTRIBUTION SFAX;;;;ITEM_BRANCH_RECORDS
27002681;CA;3;0;SOCIETE EL HOUDA DISTRIBUTION;;;;ITEM_BRANCH_RECORDS
27002682;CA;19;5;ARMES COM;;;;ITEM_BRANCH_RECORDS
27002683;CA;17;1;SOCIETE TAHA DISTRIBUTION DE SUD;;;;ITEM_BRANCH_RECORDS
27002684;CA;22;1;STE AL AKREM DE COMM ET DISTRI EN GROS;;;;ITEM_BRANCH_RECORDS
27002685;CA;4;0;STE BECHIR ETTAIEB DE COMMERCE;;;;ITEM_BRANCH_RECORDS
27002686;CA;3;0;SUDMILK;;;;ITEM_BRANCH_RECORDS
27002687;CA;28;12;STE HEDI JELASSI DISTRIBUTION NORD;;;;ITEM_BRANCH_RECORDS
27002688;CA;7;6;SOCIETE IDEAL DISTRIBUTION SFAX;;;;ITEM_BRANCH_RECORDS
27002689;CA;4;2;SOCIETE EL HOUDA DISTRIBUTION;;;;ITEM_BRANCH_RECORDS
27002690;CA;30;6;ARMES COM;;;;ITEM_BRANCH_RECORDS
27002691;CA;4;1;SOCIETE TAHA DISTRIBUTION DE SUD;;;;ITEM_BRANCH_RECORDS
27002692;CA;8;1;STE AL AKREM DE COMM ET DISTRI EN GROS;;;;ITEM_BRANCH_RECORDS
27002693;CA;20;2;STE BECHIR ETTAIEB DE COMMERCE;;;;ITEM_BRANCH_RECORDS
27002694;CA;4;1;SUDMILK;;;;ITEM_BRANCH_RECORDS
27002695;CA;9;4;STE HEDI JELASSI DISTRIBUTION NORD;;;;ITEM_BRANCH_RECORDS
27002696;CA;28;6;SOCIETE IDEAL DISTRIBUTION SFAX;;;;ITEM_BRANCH_RECORDS
27002697;CA;20;1;SOCIETE EL HOUDA DISTRIBUTION;;;;ITEM_BRANCH_RECORDS
27002698;CA;29;21;ARMES COM;;;;ITEM_BRANCH_RECORDS
27002699;CA;19;16;SOCIETE TAHA DISTRIBUTION DE SUD;;;;ITEM_BRANCH_RECORDS
27002700;CA;15;14;STE AL AKREM DE COMM ET DISTRI EN GROS;;;;ITEM_BRANCH_RECORDS
27002701;CA;6;1;STE BECHIR ETTAIEB DE COMMERCE;;;;ITEM_BRANCH_RECORDS
27002702;CA;6;0;SUDMILK;;;;ITEM_BRANCH_RECORDS
27002703;CA;5;4;STE HEDI JELASSI DISTRIBUTION NORD;;;;ITEM_BRANCH_RECORDS
27002704;CA;22;17;SOCIETE IDEAL DISTRIBUTION SFAX;;;;ITEM_BRANCH_RECORDS
27002705;CA;13;5;SOCIETE EL HOUDA DISTRIBUTION;;;;ITEM_BRANCH_RECORDS
27002706;CA;7;4;ARMES COM;;;;ITEM_BRANCH_RECORDS
27002707;CA;15;14;SOCIETE TAHA DISTRIBUTION DE SUD;;;;ITEM_BRANCH_RECORDS
27002708;CA;22;4;STE AL AKREM DE COMM ET DISTRI EN GROS;;;;ITEM_BRANCH_RECORDS
27002709;CA;21;11;STE BECHIR ETTAIEB DE COMMERCE;;;;ITEM_BRANCH_RECORDS
27002710;CA;13;6;SUDMILK;;;;ITEM_BRANCH_RECORDS
27002711;CA;27;15;STE HEDI JELASSI DISTRIBUTION NORD;;;;ITEM_BRANCH_RECORDS
27002712;CA;11;5;SOCIETE IDEAL DISTRIBUTION SFAX;;;;ITEM_BRANCH_RECORDS
27002713;CA;24;10;SOCIETE EL HOUDA DISTRIBUTION;;;;ITEM_BRANCH_RECORDS
27002714;CA;29;15;ARMES COM;;;;ITEM_BRANCH_RECORDS
27002715;CA;19;12;SOCIETE TAHA DISTRIBUTION DE SUD;;;;ITEM_BRANCH_RECORDS
27002716;CA;17;6;STE AL AKREM DE COMM ET DISTRI EN GROS;;;;ITEM_BRANCH_RECORDS
27002717;CA;7;0;STE BECHIR ETTAIEB DE COMMERCE;;;;ITEM_BRANCH_RECORDS
27002718;CA;15;8;SUDMILK;;;;ITEM_BRANCH_RECORDS
27002719;CA;7;2;STE HEDI JELASSI DISTRIBUTION NORD;;;;ITEM_BRANCH_RECORDS
27002720;CA;10;2;SOCIETE IDEAL DISTRIBUTION SFAX;;;;ITEM_BRANCH_RECORDS
27002721;CA;15;9;SOCIETE EL HOUDA DISTRIBUTION;;;;ITEM_BRANCH_RECORDS
27002722;CA;4;0;ARMES COM;;;;ITEM_BRANCH_RECORDS
27002723;CA;4;3;SOCIETE TAHA DISTRIBUTION DE SUD;;;;ITEM_BRANCH_RECORDS
27002724;CA;22;4;STE AL AKREM DE COMM ET DISTRI EN GROS;;;;ITEM_BRANCH_RECORDS
27002725;CA;10;7;STE BECHIR ETTAIEB DE COMMERCE;;;;ITEM_BRANCH_RECORDS
27002726;CA;3;2;SUDMILK;;;;ITEM_BRANCH_RECORDS
27002727;CA;20;0;STE HEDI JELASSI DISTRIBUTION NORD;;;;ITEM_BRANCH_RECORDS
27002728;CA;16;13;SOCIETE IDEAL DISTRIBUTION SFAX;;;;ITEM_BRANCH_RECORDS
27002729;CA;29;7;SOCIETE EL HOUDA DISTRIBUTION;;;;ITEM_BRANCH_RECORDS
27002730;CA;24;0;ARMES COM;;;;ITEM_BRANCH_RECORDS
27002731;CA;15;4;SOCIETE TAHA DISTRIBUTION DE SUD;;;;ITEM_BRANCH_RECORDS
27002732;CA;2;0;STE AL AKREM DE COMM ET DISTRI EN GROS;;;;ITEM_BRANCH_RECORDS
27002733;CA;24;20;STE BECHIR ETTAIEB DE COMMERCE;;;;ITEM_BRANCH_RECORDS
27002734;CA;15;0;SUDMILK;;;;ITEM_BRANCH_RECORDS
27002735;CA;3;0;STE HEDI JELASSI DISTRIBUTION NORD;;;;ITEM_BRANCH_RECORDS
27002736;CA;28;13;SOCIETE IDEAL DISTRIBUTION SFAX;;;;ITEM_BRANCH_RECORDS
27002737;CA;15;8;SOCIETE EL HOUDA DISTRIBUTION;;;;ITEM_BRANCH_RECORDS
27002738;CA;15;7;ARMES COM;;;;ITEM_BRANCH_RECORDS
27002739;CA;6;1;SOCIETE TAHA DISTRIBUTION DE SUD;;;;ITEM_BRANCH_RECORDS
27002740;CA;12;0;STE AL AKREM DE COMM ET DISTRI EN GROS;;;;ITEM_BRANCH_RECORDS
27002741;CA;14;7;STE BECHIR ETTAIEB DE COMMERCE;;;;ITEM_BRANCH_RECORDS
27002742;CA;27;19;SUDMILK;;;;ITEM_BRANCH_RECORDS
27002743;CA;19;2;STE HEDI JELASSI DISTRIBUTION NORD;;;;ITEM_BRANCH_RECORDS
27002744;CA;17;4;SOCIETE IDEAL DISTRIBUTION SFAX;;;;ITEM_BRANCH_RECORDS
27002745;CA;8;5;SOCIETE EL HOUDA DISTRIBUTION;;;;ITEM_BRANCH_RECORDS
27002746;CA;5;0;ARMES COM;;;;ITEM_BRANCH_RECORDS
27002747;CA;20;16;SOCIETE TAHA DISTRIBUTION DE SUD;;;;ITEM_BRANCH_RECORDS
27002748;CA;16;10;STE AL AKREM DE COMM ET DISTRI EN GROS;;;;ITEM_BRANCH_RECORDS
27002749;CA;14;0;STE BECHIR ETTAIEB DE COMMERCE;;;;ITEM_BRANCH_RECORDS
27002750;CA;13;12;SUDMILK;;;;ITEM_BRANCH_RECORDS
27002751;CA;20;11;STE HEDI JELASSI DISTRIBUTION NORD;;;;ITEM_BRANCH_RECORDS
27002752;CA;16;1;SOCIETE IDEAL DISTRIBUTION SFAX;;;;ITEM_BRANCH_RECORDS
27002753;CA;25;11;SOCIETE EL HOUDA DISTRIBUTION;;;;ITEM_BRANCH_RECORDS
27002754;CA;3;1;ARMES COM;;;;ITEM_BRANCH_RECORDS
27002755;CA;25;19;SOCIETE TAHA DISTRIBUTION DE SUD;;;;ITEM_BRANCH_RECORDS
27002756;CA;10;6;STE AL AKREM DE COMM ET DISTRI EN GROS;;;;ITEM_BRANCH_RECORDS
27002757;CA;29;28;STE BECHIR ETTAIEB DE COMMERCE;;;;ITEM_BRANCH_RECORDS
27002758;CA;30;21;SUDMILK;;;;ITEM_BRANCH_RECORDS
27002759;CA;25;11;STE HEDI JELASSI DISTRIBUTION NORD;;;;ITEM_BRANCH_RECORDS
27002760;CA;5;2;SOCIETE IDEAL DISTRIBUTION SFAX;;;;ITEM_BRANCH_RECORDS
27002761;CA;15;11;SOCIETE EL HOUDA DISTRIBUTION;;;;ITEM_BRANCH_RECORDS
27002762;CA;3;1;ARMES COM;;;;ITEM_BRANCH_RECORDS
27002763;CA;7;5;SOCIETE TAHA DISTRIBUTION DE SUD;;;;ITEM_BRANCH_RECORDS
27002764;CA;28;26;STE AL AKREM DE COMM ET DISTRI EN GROS;;;;ITEM_BRANCH_RECORDS
27002765;CA;25;21;STE BECHIR ETTAIEB DE COMMERCE;;;;ITEM_BRANCH_RECORDS
27002766;CA;2;0;SUDMILK;;;;ITEM_BRANCH_RECORDS
27002767;CA;20;16;STE HEDI JELASSI DISTRIBUTION NORD;;;;ITEM_BRANCH_RECORDS
27002768;CA;6;2;SOCIETE IDEAL DISTRIBUTION SFAX;;;;ITEM_BRANCH_RECORDS
27002769;CA;10;0;SOCIETE EL HOUDA DISTRIBUTION;;;;ITEM_BRANCH_RECORDS
27002770;CA;2;1;ARMES COM;;;;ITEM_BRANCH_RECORDS
27002771;CA;13;3;SOCIETE TAHA DISTRIBUTION DE SUD;;;;ITEM_BRANCH_RECORDS
27002772;CA;14;10;STE AL AKREM DE COMM ET DISTRI EN GROS;;;;ITEM_BRANCH_RECORDS
27002773;CA;6;4;STE BECHIR ETTAIEB DE COMMERCE;;;;ITEM_BRANCH_RECORDS
27002774;CA;4;1;SUDMILK;;;;ITEM_BRANCH_RECORDS
27002775;CA;20;13;STE HEDI JELASSI DISTRIBUTION NORD;;;;ITEM_BRANCH_RECORDS
27002776;CA;10;6;SOCIETE IDEAL DISTRIBUTION SFAX;;;;ITEM_BRANCH_RECORDS
27002777;CA;23;13;SOCIETE EL HOUDA DISTRIBUTION;;;;ITEM_BRANCH_RECORDS
27002778;CA;15;5;ARMES COM;;;;ITEM_BRANCH_RECORDS
27002779;CA;7;0;SOCIETE TAHA DISTRIBUTION DE SUD;;;;ITEM_BRANCH_RECORDS
27002780;CA;17;13;STE AL AKREM DE COMM ET DISTRI EN GROS;;;;ITEM_BRANCH_RECORDS
27002781;CA;29;12;STE BECHIR ETTAIEB DE COMMERCE;;;;ITEM_BRANCH_RECORDS
27002782;CA;22;15;SUDMILK;;;;ITEM_BRANCH_RECORDS
27002783;CA;19;11;STE HEDI JELASSI DISTRIBUTION NORD;;;;ITEM_BRANCH_RECORDS
27002784;CA;2;1;SOCIETE IDEAL DISTRIBUTION SFAX;;;;ITEM_BRANCH_RECORDS
27002785;CA;7;1;SOCIETE EL HOUDA DISTRIBUTION;;;;ITEM_BRANCH_RECORDS
27002786;CA;17;8;ARMES COM;;;;ITEM_BRANCH_RECORDS
27002787;CA;21;14;SOCIETE TAHA DISTRIBUTION DE SUD;;;;ITEM_BRANCH_RECORDS
27002788;CA;3;1;STE AL AKREM DE COMM ET DISTRI EN GROS;;;;ITEM_BRANCH_RECORDS
27002789;CA;25;6;STE BECHIR ETTAIEB DE COMMERCE;;;;ITEM_BRANCH_RECORDS
27002790;CA;23;8;SUDMILK;;;;ITEM_BRANCH_RECORDS
27002791;CA;21;17;STE HEDI JELASSI DISTRIBUTION NORD;;;;ITEM_BRANCH_RECORDS
27002792;CA;23;17;SOCIETE IDEAL DISTRIBUTION SFAX;;;;ITEM_BRANCH_RECORDS
27002793;CA;7;1;SOCIETE EL HOUDA DISTRIBUTION;;;;ITEM_BRANCH_RECORDS
27002794;CA;24;3;ARMES COM;;;;ITEM_BRANCH_RECORDS
27002795;CA;7;3;SOCIETE TAHA DISTRIBUTION DE SUD;;;;ITEM_BRANCH_RECORDS
27002796;CA;5;2;STE AL AKREM DE COMM ET DISTRI EN GROS;;;;ITEM_BRANCH_RECORDS
27002797;CA;20;4;STE BECHIR ETTAIEB DE COMMERCE;;;;ITEM_BRANCH_RECORDS
27002798;CA;5;2;SUDMILK;;;;ITEM_BRANCH_RECORDS
27002799;CA;29;3;STE HEDI JELASSI DISTRIBUTION NORD;;;;ITEM_BRANCH_RECORDS
27002800;CA;23;2;SOCIETE IDEAL DISTRIBUTION SFAX;;;;ITEM_BRANCH_RECORDS
27002801;CA;10;8;SOCIETE EL HOUDA DISTRIBUTION;;;;ITEM_BRANCH_RECORDS
27002802;CA;30;14;ARMES COM;;;;ITEM_BRANCH_RECORDS
27002803;CA;23;16;SOCIETE TAHA DISTRIBUTION DE SUD;;;;ITEM_BRANCH_RECORDS
27002804;CA;22;2;STE AL AKREM DE COMM ET DISTRI EN GROS;;;;ITEM_BRANCH_RECORDS
27002805;CA;10;5;STE BECHIR ETTAIEB DE COMMERCE;;;;ITEM_BRANCH_RECORDS
27002806;CA;26;22;SUDMILK;;;;ITEM_BRANCH_RECORDS
27002807;CA;19;2;STE HEDI JELASSI DISTRIBUTION NORD;;;;ITEM_BRANCH_RECORDS
27002808;CA;14;6;SOCIETE IDEAL DISTRIBUTION SFAX;;;;ITEM_BRANCH_RECORDS
27002809;CA;6;2;SOCIETE EL HOUDA DISTRIBUTION;;;;ITEM_BRANCH_RECORDS
27002810;CA;10;6;ARMES COM;;;;ITEM_BRANCH_RECORDS
27002811;CA;6;0;SOCIETE TAHA DISTRIBUTION DE SUD;;;;ITEM_BRANCH_RECORDS
27002812;CA;10;5;STE AL AKREM DE COMM ET DISTRI EN GROS;;;;ITEM_BRANCH_RECORDS
27002813;CA;26;0;STE BECHIR ETTAIEB DE COMMERCE;;;;ITEM_BRANCH_RECORDS
27002814;CA;6;0;SUDMILK;;;;ITEM_BRANCH_RECORDS
27002815;CA;7;6;STE HEDI JELASSI DISTRIBUTION NORD;;;;ITEM_BRANCH_RECORDS
27002816;CA;10;0;SOCIETE IDEAL DISTRIBUTION SFAX;;;;ITEM_BRANCH_RECORDS
27002817;CA;28;11;SOCIETE EL HOUDA DISTRIBUTION;;;;ITEM_BRANCH_RECORDS
27002818;CA;8;7;ARMES COM;;;;ITEM_BRANCH_RECORDS
27002819;CA;3;0;SOCIETE TAHA DISTRIBUTION DE SUD;;;;ITEM_BRANCH_RECORDS
27002820;CA;27;2;STE AL AKREM DE COMM ET DISTRI EN GROS;;;;ITEM_BRANCH_RECORDS
27002821;CA;16;1;STE BECHIR ETTAIEB DE COMMERCE;;;;ITEM_BRANCH_RECORDS
27002822;CA;18;3;SUDMILK;;;;ITEM_BRANCH_RECORDS
27002823;CA;23;8;STE HEDI JELASSI DISTRIBUTION NORD;;;;ITEM_BRANCH_RECORDS
27002824;CA;8;0;SOCIETE IDEAL DISTRIBUTION SFAX;;;;ITEM_BRANCH_RECORDS
27002825;CA;14;6;SOCIETE EL HOUDA DISTRIBUTION;;;;ITEM_BRANCH_RECORDS
27002826;CA;10;1;ARMES COM;;;;ITEM_BRANCH_RECORDS
27002827;CA;13;3;SOCIETE TAHA DISTRIBUTION DE SUD;;;;ITEM_BRANCH_RECORDS
27002828;CA;4;0;STE AL AKREM DE COMM ET DISTRI EN GROS;;;;ITEM_BRANCH_RECORDS
27002829;CA;17;0;STE BECHIR ETTAIEB DE COMMERCE;;;;ITEM_BRANCH_RECORDS
27002830;CA;8;0;SUDMILK;;;;ITEM_BRANCH_RECORDS
27002831;CA;26;23;STE HEDI JELASSI DISTRIBUTION NORD;;;;ITEM_BRANCH_RECORDS
27002832;CA;24;18;SOCIETE IDEAL DISTRIBUTION SFAX;;;;ITEM_BRANCH_RECORDS
27002833;CA;5;0;SOCIETE EL HOUDA DISTRIBUTION;;;;ITEM_BRANCH_RECORDS
27002834;CA;23;2;ARMES COM;;;;ITEM_BRANCH_RECORDS
27002835;CA;17;2;SOCIETE TAHA DISTRIBUTION DE SUD;;;;ITEM_BRANCH_RECORDS
27002836;CA;20;7;STE AL AKREM DE COMM ET DISTRI EN GROS;;;;ITEM_BRANCH_RECORDS
27002837;CA;14;6;STE BECHIR ETTAIEB DE COMMERCE;;;;ITEM_BRANCH_RECORDS
27002838;CA;20;4;SUDMILK;;;;ITEM_BRANCH_RECORDS
27002839;CA;6;3;STE HEDI JELASSI DISTRIBUTION NORD;;;;ITEM_BRANCH_RECORDS
27002840;CA;26;21;SOCIETE IDEAL DISTRIBUTION SFAX;;;;ITEM_BRANCH_RECORDS
27002841;CA;25;0;SOCIETE EL HOUDA DISTRIBUTION;;;;ITEM_BRANCH_RECORDS
27002842;CA;21;8;ARMES COM;;;;ITEM_BRANCH_RECORDS
27002843;CA;10;5;SOCIETE TAHA DISTRIBUTION DE SUD;;;;ITEM_BRANCH_RECORDS
27002844;CA;10;2;STE AL AKREM DE COMM ET DISTRI EN GROS;;;;ITEM_BRANCH_RECORDS
27002845;CA;29;19;STE BECHIR ETTAIEB DE COMMERCE;;;;ITEM_BRANCH_RECORDS
27002846;CA;8;3;SUDMILK;;;;ITEM_BRANCH_RECORDS
27002847;CA;6;5;STE HEDI JELASSI DISTRIBUTION NORD;;;;ITEM_BRANCH_RECORDS
27002848;CA;11;7;SOCIETE IDEAL DISTRIBUTION SFAX;;;;ITEM_BRANCH_RECORDS
27002849;CA;16;11;SOCIETE EL HOUDA DISTRIBUTION;;;;ITEM_BRANCH_RECORDS
27002850;CA;10;1;ARMES COM;;;;ITEM_BRANCH_RECORDS
27002851;CA;10;4;SOCIETE TAHA DISTRIBUTION DE SUD;;;;ITEM_BRANCH_RECORDS
27002852;CA;2;1;STE AL AKREM DE COMM ET DISTRI EN GROS;;;;ITEM_BRANCH_RECORDS
27002853;CA;10;9;STE BECHIR ETTAIEB DE COMMERCE;;;;ITEM_BRANCH_RECORDS
27002854;CA;19;14;SUDMILK;;;;ITEM_BRANCH_RECORDS
27002855;CA;19;11;STE HEDI JELASSI DISTRIBUTION NORD;;;;ITEM_BRANCH_RECORDS
27002856;CA;21;5;SOCIETE IDEAL DISTRIBUTION SFAX;;;;ITEM_BRANCH_RECORDS
27002857;CA;7;0;SOCIETE EL HOUDA DISTRIBUTION;;;;ITEM_BRANCH_RECORDS
27002858;CA;20;10;ARMES COM;;;;ITEM_BRANCH_RECORDS
27002859;CA;19;6;SOCIETE TAHA DISTRIBUTION DE SUD;;;;ITEM_BRANCH_RECORDS
27002860;CA;29;2;STE AL AKREM DE COMM ET DISTRI EN GROS;;;;ITEM_BRANCH_RECORDS
27002861;CA;10;0;STE BECHIR ETTAIEB DE COMMERCE;;;;ITEM_BRANCH_RECORDS
27002862;CA;16;8;SUDMILK;;;;ITEM_BRANCH_RECORDS
27002863;CA;10;6;STE HEDI JELASSI DISTRIBUTION NORD;;;;ITEM_BRANCH_RECORDS
27002864;CA;18;15;SOCIETE IDEAL DISTRIBUTION SFAX;;;;ITEM_BRANCH_RECORDS
27002865;CA;2;1;SOCIETE EL HOUDA DISTRIBUTION;;;;ITEM_BRANCH_RECORDS
27002866;CA;11;10;ARMES COM;;;;ITEM_BRANCH_RECORDS
27002867;CA;27;8;SOCIETE TAHA DISTRIBUTION DE SUD;;;;ITEM_BRANCH_RECORDS
27002868;CA;12;7;STE AL AKREM DE COMM ET DISTRI EN GROS;;;;ITEM_BRANCH_RECORDS
27002869;CA;4;3;STE BECHIR ETTAIEB DE COMMERCE;;;;ITEM_BRANCH_RECORDS
27002870;CA;23;9;SUDMILK;;;;ITEM_BRANCH_RECORDS
27002871;CA;25;2;STE HEDI JELASSI DISTRIBUTION NORD;;;;ITEM_BRANCH_RECORDS
27002872;CA;11;10;SOCIETE IDEAL DISTRIBUTION SFAX;;;;ITEM_BRANCH_RECORDS
27002873;CA;15;7;SOCIETE EL HOUDA DISTRIBUTION;;;;ITEM_BRANCH_RECORDS
27002874;CA;8;5;ARMES COM;;;;ITEM_BRANCH_RECORDS
27002875;CA;16;3;SOCIETE TAHA DISTRIBUTION DE SUD;;;;ITEM_BRANCH_RECORDS
27002876;CA;10;6;STE AL AKREM DE COMM ET DISTRI EN GROS;;;;ITEM_BRANCH_RECORDS
27002877;CA;24;6;STE BECHIR ETTAIEB DE COMMERCE;;;;ITEM_BRANCH_RECORDS
27002878;CA;2;0;SUDMILK;;;;ITEM_BRANCH_RECORDS
27002879;CA;30;17;STE HEDI JELASSI DISTRIBUTION NORD;;;;ITEM_BRANCH_RECORDS
27002880;CA;29;6;SOCIETE IDEAL DISTRIBUTION SFAX;;;;ITEM_BRANCH_RECORDS
27002881;CA;3;0;SOCIETE EL HOUDA DISTRIBUTION;;;;ITEM_BRANCH_RECORDS
27002882;CA;11;6;ARMES COM;;;;ITEM_BRANCH_RECORDS
27002883;CA;19;4;SOCIETE TAHA DISTRIBUTION DE SUD;;;;ITEM_BRANCH_RECORDS
27002884;CA;4;1;STE AL AKREM DE COMM ET DISTRI EN GROS;;;;ITEM_BRANCH_RECORDS
27002885;CA;12;3;STE BECHIR ETTAIEB DE COMMERCE;;;;ITEM_BRANCH_RECORDS
27002886;CA;9;8;SUDMILK;;;;ITEM_BRANCH_RECORDS
27002887;CA;13;0;STE HEDI JELASSI DISTRIBUTION NORD;;;;ITEM_BRANCH_RECORDS
27002888;CA;19;17;SOCIETE IDEAL DISTRIBUTION SFAX;;;;ITEM_BRANCH_RECORDS
27002889;CA;9;8;SOCIETE EL HOUDA DISTRIBUTION;;;;ITEM_BRANCH_RECORDS
27002890;CA;18;1;ARMES COM;;;;ITEM_BRANCH_RECORDS
27002891;CA;29;22;SOCIETE TAHA DISTRIBUTION DE SUD;;;;ITEM_BRANCH_RECORDS
27002892;CA;22;3;STE AL AKREM DE COMM ET DISTRI EN GROS;;;;ITEM_BRANCH_RECORDS
27002893;CA;5;3;STE BECHIR ETTAIEB DE COMMERCE;;;;ITEM_BRANCH_RECORDS
27002894;CA;16;6;SUDMILK;;;;ITEM_BRANCH_RECORDS
27002895;CA;4;2;STE HEDI JELASSI DISTRIBUTION NORD;;;;ITEM_BRANCH_RECORDS
27002896;CA;28;1;SOCIETE IDEAL DISTRIBUTION SFAX;;;;ITEM_BRANCH_RECORDS
27002897;CA;26;24;SOCIETE EL HOUDA DISTRIBUTION;;;;ITEM_BRANCH_RECORDS
27002898;CA;16;4;ARMES COM;;;;ITEM_BRANCH_RECORDS
27002899;CA;25;9;SOCIETE TAHA DISTRIBUTION DE SUD;;;;ITEM_BRANCH_RECORDS
27002900;CA;27;9;STE AL AKREM DE COMM ET DISTRI EN GROS;;;;ITEM_BRANCH_RECORDS
27002901;CA;15;3;STE BECHIR ETTAIEB DE COMMERCE;;;;ITEM_BRANCH_RECORDS
27002902;CA;20;13;SUDMILK;;;;ITEM_BRANCH_RECORDS
27002903;CA;5;0;STE HEDI JELASSI DISTRIBUTION NORD;;;;ITEM_BRANCH_RECORDS
27002904;CA;13;7;SOCIETE IDEAL DISTRIBUTION SFAX;;;;ITEM_BRANCH_RECORDS
27002905;CA;15;3;SOCIETE EL HOUDA DISTRIBUTION;;;;ITEM_BRANCH_RECORDS
27002906;CA;4;2;ARMES COM;;;;ITEM_BRANCH_RECORDS
27002907;CA;9;6;SOCIETE TAHA DISTRIBUTION DE SUD;;;;ITEM_BRANCH_RECORDS
27002908;CA;20;19;STE AL AKREM DE COMM ET DISTRI EN GROS;;;;ITEM_BRANCH_RECORDS
27002909;CA;25;17;STE BECHIR ETTAIEB DE COMMERCE;;;;ITEM_BRANCH_RECORDS
27002910;CA;22;8;SUDMILK;;;;ITEM_BRANCH_RECORDS
27002911;CA;27;8;STE HEDI JELASSI DISTRIBUTION NORD;;;;ITEM_BRANCH_RECORDS
27002912;CA;23;17;SOCIETE IDEAL DISTRIBUTION SFAX;;;;ITEM_BRANCH_RECORDS
27002913;CA;10;2;SOCIETE EL HOUDA DISTRIBUTION;;;;ITEM_BRANCH_RECORDS
27002914;CA;17;0;ARMES COM;;;;ITEM_BRANCH_RECORDS
27002915;CA;7;2;SOCIETE TAHA DISTRIBUTION DE SUD;;;;ITEM_BRANCH_RECORDS
27002916;CA;5;0;STE AL AKREM DE COMM ET DISTRI EN GROS;;;;ITEM_BRANCH_RECORDS
27002917;CA;19;6;STE BECHIR ETTAIEB DE COMMERCE;;;;ITEM_BRANCH_RECORDS
27002918;CA;29;21;SUDMILK;;;;ITEM_BRANCH_RECORDS
27002919;CA;28;17;STE HEDI JELASSI DISTRIBUTION NORD;;;;ITEM_BRANCH_RECORDS
27002920;CA;7;0;SOCIETE IDEAL DISTRIBUTION SFAX;;;;ITEM_BRANCH_RECORDS
27002921;CA;29;27;SOCIETE EL HOUDA DISTRIBUTION;;;;ITEM_BRANCH_RECORDS
27002922;CA;26;9;ARMES COM;;;;ITEM_BRANCH_RECORDS
27002923;CA;8;1;SOCIETE TAHA DISTRIBUTION DE SUD;;;;ITEM_BRANCH_RECORDS
27002924;CA;13;12;STE AL AKREM DE COMM ET DISTRI EN GROS;;;;ITEM_BRANCH_RECORDS
27002925;CA;10;2;STE BECHIR ETTAIEB DE COMMERCE;;;;ITEM_BRANCH_RECORDS
27002926;CA;11;8;SUDMILK;;;;ITEM_BRANCH_RECORDS
27002927;CA;21;9;STE HEDI JELASSI DISTRIBUTION NORD;;;;ITEM_BRANCH_RECORDS
27002928;CA;2;1;SOCIETE IDEAL DISTRIBUTION SFAX;;;;ITEM_BRANCH_RECORDS
27002929;CA;22;8;SOCIETE EL HOUDA DISTRIBUTION;;;;ITEM_BRANCH_RECORDS
27002930;CA;24;9;ARMES COM;;;;ITEM_BRANCH_RECORDS
27002931;CA;27;8;SOCIETE TAHA DISTRIBUTION DE SUD;;;;ITEM_BRANCH_RECORDS
27002932;CA;7;1;STE AL AKREM DE COMM ET DISTRI EN GROS;;;;ITEM_BRANCH_RECORDS
27002933;CA;8;5;STE BECHIR ETTAIEB DE COMMERCE;;;;ITEM_BRANCH_RECORDS
27002934;CA;29;26;SUDMILK;;;;ITEM_BRANCH_RECORDS
27002935;CA;11;9;STE HEDI JELASSI DISTRIBUTION NORD;;;;ITEM_BRANCH_RECORDS
27002936;CA;24;1;SOCIETE IDEAL DISTRIBUTION SFAX;;;;ITEM_BRANCH_RECORDS
27002937;CA;14;4;SOCIETE EL HOUDA DISTRIBUTION;;;;ITEM_BRANCH_RECORDS
27002938;CA;22;15;ARMES COM;;;;ITEM_BRANCH_RECORDS
27002939;CA;26;17;SOCIETE TAHA DISTRIBUTION DE SUD;;;;ITEM_BRANCH_RECORDS
27002940;CA;7;5;STE AL AKREM DE COMM ET DISTRI EN GROS;;;;ITEM_BRANCH_RECORDS
27002941;CA;30;22;STE BECHIR ETTAIEB DE COMMERCE;;;;ITEM_BRANCH_RECORDS
27002942;CA;19;10;SUDMILK;;;;ITEM_BRANCH_RECORDS
27002943;CA;25;11;STE HEDI JELASSI DISTRIBUTION NORD;;;;ITEM_BRANCH_RECORDS
27002944;CA;7;3;SOCIETE IDEAL DISTRIBUTION SFAX;;;;ITEM_BRANCH_RECORDS
27002945;CA;15;9;SOCIETE EL HOUDA DISTRIBUTION;;;;ITEM_BRANCH_RECORDS
27002946;CA;10;3;ARMES COM;;;;ITEM_BRANCH_RECORDS
27002947;CA;24;3;SOCIETE TAHA DISTRIBUTION DE SUD;;;;ITEM_BRANCH_RECORDS
27002948;CA;15;12;STE AL AKREM DE COMM ET DISTRI EN GROS;;;;ITEM_BRANCH_RECORDS
27002949;CA;11;9;STE BECHIR ETTAIEB DE COMMERCE;;;;ITEM_BRANCH_RECORDS
27002950;CA;30;16;SUDMILK;;;;ITEM_BRANCH_RECORDS
27002951;CA;10;5;STE HEDI JELASSI DISTRIBUTION NORD;;;;ITEM_BRANCH_RECORDS
27002952;CA;4;3;SOCIETE IDEAL DISTRIBUTION SFAX;;;;ITEM_BRANCH_RECORDS
27002953;CA;20;8;SOCIETE EL HOUDA DISTRIBUTION;;;;ITEM_BRANCH_RECORDS
27002954;CA;22;17;ARMES COM;;;;ITEM_BRANCH_RECORDS
27002955;CA;4;3;SOCIETE TAHA DISTRIBUTION DE SUD;;;;ITEM_BRANCH_RECORDS
27002956;CA;15;11;STE AL AKREM DE COMM ET DISTRI EN GROS;;;;ITEM_BRANCH_RECORDS
27002957;CA;4;0;STE BECHIR ETTAIEB DE COMMERCE;;;;ITEM_BRANCH_RECORDS
27002958;CA;12;3;SUDMILK;;;;ITEM_BRANCH_RECORDS
27002959;CA;17;8;STE HEDI JELASSI DISTRIBUTION NORD;;;;ITEM_BRANCH_RECORDS
27002960;CA;8;4;SOCIETE IDEAL DISTRIBUTION SFAX;;;;ITEM_BRANCH_RECORDS
27002961;CA;15;7;SOCIETE EL HOUDA DISTRIBUTION;;;;ITEM_BRANCH_RECORDS
27002962;CA;12;9;ARMES COM;;;;ITEM_BRANCH_RECORDS
27002963;CA;3;0;SOCIETE TAHA DISTRIBUTION DE SUD;;;;ITEM_BRANCH_RECORDS
27002964;CA;5;3;STE AL AKREM DE COMM ET DISTRI EN GROS;;;;ITEM_BRANCH_RECORDS
27002965;CA;20;4;STE BECHIR ETTAIEB DE COMMERCE;;;;ITEM_BRANCH_RECORDS
27002966;CA;16;2;SUDMILK;;;;ITEM_BRANCH_RECORDS
27002967;CA;27;12;STE HEDI JELASSI DISTRIBUTION NORD;;;;ITEM_BRANCH_RECORDS
27002968;CA;12;11;SOCIETE IDEAL DISTRIBUTION SFAX;;;;ITEM_BRANCH_RECORDS
27002969;CA;16;8;SOCIETE EL HOUDA DISTRIBUTION;;;;ITEM_BRANCH_RECORDS
27002970;CA;28;17;ARMES COM;;;;ITEM_BRANCH_RECORDS
27002971;CA;12;10;SOCIETE TAHA DISTRIBUTION DE SUD;;;;ITEM_BRANCH_RECORDS
27002972;CA;12;6;STE AL AKREM DE COMM ET DISTRI EN GROS;;;;ITEM_BRANCH_RECORDS
27002973;CA;18;6;STE BECHIR ETTAIEB DE COMMERCE;;;;ITEM_BRANCH_RECORDS
27002974;CA;6;5;SUDMILK;;;;ITEM_BRANCH_RECORDS
27002975;CA;20;3;STE HEDI JELASSI DISTRIBUTION NORD;;;;ITEM_BRANCH_RECORDS
27002976;CA;13;3;SOCIETE IDEAL DISTRIBUTION SFAX;;;;ITEM_BRANCH_RECORDS
27002977;CA;5;3;SOCIETE EL HOUDA DISTRIBUTION;;;;ITEM_BRANCH_RECORDS
27002978;CA;9;3;ARMES COM;;;;ITEM_BRANCH_RECORDS
27002979;CA;29;12;SOCIETE TAHA DISTRIBUTION DE SUD;;;;ITEM_BRANCH_RECORDS
27002980;CA;22;11;STE AL AKREM DE COMM ET DISTRI EN GROS;;;;ITEM_BRANCH_RECORDS
27002981;CA;10;5;STE BECHIR ETTAIEB DE COMMERCE;;;;ITEM_BRANCH_RECORDS
27002982;CA;2;1;SUDMILK;;;;ITEM_BRANCH_RECORDS
27002983;CA;5;4;STE HEDI JELASSI DISTRIBUTION NORD;;;;ITEM_BRANCH_RECORDS
27002984;CA;3;1;SOCIETE IDEAL DISTRIBUTION SFAX;;;;ITEM_BRANCH_RECORDS
27002985;CA;28;22;SOCIETE EL HOUDA DISTRIBUTION;;;;ITEM_BRANCH_RECORDS
27002986;CA;8;1;ARMES COM;;;;ITEM_BRANCH_RECORDS
27002987;CA;22;11;SOCIETE TAHA DISTRIBUTION DE SUD;;;;ITEM_BRANCH_RECORDS
27002988;CA;12;7;STE AL AKREM DE COMM ET DISTRI EN GROS;;;;ITEM_BRANCH_RECORDS
27002989;CA;19;14;STE BECHIR ETTAIEB DE COMMERCE;;;;ITEM_BRANCH_RECORDS
27002990;CA;13;9;SUDMILK;;;;ITEM_BRANCH_RECORDS
27002991;CA;23;6;STE HEDI JELASSI DISTRIBUTION NORD;;;;ITEM_BRANCH_RECORDS
27002992;CA;13;4;SOCIETE IDEAL DISTRIBUTION SFAX;;;;ITEM_BRANCH_RECORDS
27002993;CA;28;5;SOCIETE EL HOUDA DISTRIBUTION;;;;ITEM_BRANCH_RECORDS
27002994;CA;7;2;ARMES COM;;;;ITEM_BRANCH_RECORDS
27002995;CA;30;3;SOCIETE TAHA DISTRIBUTION DE SUD;;;;ITEM_BRANCH_RECORDS
27002996;CA;17;10;STE AL AKREM DE COMM ET DISTRI EN GROS;;;;ITEM_BRANCH_RECORDS
27002997;CA;16;12;STE BECHIR ETTAIEB DE COMMERCE;;;;ITEM_BRANCH_RECORDS
27002998;CA;24;9;SUDMILK;;;;ITEM_BRANCH_RECORDS
27002999;CA;6;1;STE HEDI JELASSI DISTRIBUTION NORD;;;;ITEM_BRANCH_RECORDS
27003000;CA;19;8;SOCIETE IDEAL DISTRIBUTION SFAX;;;;ITEM_BRANCH_RECORDS
27003001;CA;24;20;SOCIETE EL HOUDA DISTRIBUTION;;;;ITEM_BRANCH_RECORDS
27003002;CA;18;14;ARMES COM;;;;ITEM_BRANCH_RECORDS
27003003;CA;12;6;SOCIETE TAHA DISTRIBUTION DE SUD;;;;ITEM_BRANCH_RECORDS
27003004;CA;19;2;STE AL AKREM DE COMM ET DISTRI EN GROS;;;;ITEM_BRANCH_RECORDS
27003005;CA;21;6;STE BECHIR ETTAIEB DE COMMERCE;;;;ITEM_BRANCH_RECORDS
27003006;CA;2;1;SUDMILK;;;;ITEM_BRANCH_RECORDS
27003007;CA;3;1;STE HEDI JELASSI DISTRIBUTION NORD;;;;ITEM_BRANCH_RECORDS
27003008;CA;15;7;SOCIETE IDEAL DISTRIBUTION SFAX;;;;ITEM_BRANCH_RECORDS
27003009;CA;22;17;SOCIETE EL HOUDA DISTRIBUTION;;;;ITEM_BRANCH_RECORDS
27003010;CA;4;0;ARMES COM;;;;ITEM_BRANCH_RECORDS
27003011;CA;30;7;SOCIETE TAHA DISTRIBUTION DE SUD;;;;ITEM_BRANCH_RECORDS
27003012;CA;29;26;STE AL AKREM DE COMM ET DISTRI EN GROS;;;;ITEM_BRANCH_RECORDS
27003013;CA;10;6;STE BECHIR ETTAIEB DE COMMERCE;;;;ITEM_BRANCH_RECORDS
27003014;CA;3;2;SUDMILK;;;;ITEM_BRANCH_RECORDS
27003015;CA;13;12;STE HEDI JELASSI DISTRIBUTION NORD;;;;ITEM_BRANCH_RECORDS
27003016;CA;6;4;SOCIETE IDEAL DISTRIBUTION SFAX;;;;ITEM_BRANCH_RECORDS
27003017;CA;8;0;SOCIETE EL HOUDA DISTRIBUTION;;;;ITEM_BRANCH_RECORDS
27003018;CA;11;1;ARMES COM;;;;ITEM_BRANCH_RECORDS
27003019;CA;4;0;SOCIETE TAHA DISTRIBUTION DE SUD;;;;ITEM_BRANCH_RECORDS
27003020;CA;16;1;STE AL AKREM DE COMM ET DISTRI EN GROS;;;;ITEM_BRANCH_RECORDS
27003021;CA;6;0;STE BECHIR ETTAIEB DE COMMERCE;;;;ITEM_BRANCH_RECORDS
27003022;CA;29;26;SUDMILK;;;;ITEM_BRANCH_RECORDS
27003023;CA;23;3;STE HEDI JELASSI DISTRIBUTION NORD;;;;ITEM_BRANCH_RECORDS
27003024;CA;2;0;SOCIETE IDEAL DISTRIBUTION SFAX;;;;ITEM_BRANCH_RECORDS
27003025;CA;22;5;SOCIETE EL HOUDA DISTRIBUTION;;;;ITEM_BRANCH_RECORDS
27003026;CA;9;3;ARMES COM;;;;ITEM_BRANCH_RECORDS
27003027;CA;8;1;SOCIETE TAHA DISTRIBUTION DE SUD;;;;ITEM_BRANCH_RECORDS
27003028;CA;14;1;STE AL AKREM DE COMM ET DISTRI EN GROS;;;;ITEM_BRANCH_RECORDS
27003029;CA;11;10;STE BECHIR ETTAIEB DE COMMERCE;;;;ITEM_BRANCH_RECORDS
27003030;CA;10;5;SUDMILK;;;;ITEM_BRANCH_RECORDS
27003031;CA;29;28;STE HEDI JELASSI DISTRIBUTION NORD;;;;ITEM_BRANCH_RECORDS
27003032;CA;10;7;SOCIETE IDEAL DISTRIBUTION SFAX;;;;ITEM_BRANCH_RECORDS
27003033;CA;18;9;SOCIETE EL HOUDA DISTRIBUTION;;;;ITEM_BRANCH_RECORDS
27003034;CA;30;18;ARMES COM;;;;ITEM_BRANCH_RECORDS
27003035;CA;18;6;SOCIETE TAHA DISTRIBUTION DE SUD;;;;ITEM_BRANCH_RECORDS
27003036;CA;10;7;STE AL AKREM DE COMM ET DISTRI EN GROS;;;;ITEM_BRANCH_RECORDS
27003037;CA;30;22;STE BECHIR ETTAIEB DE COMMERCE;;;;ITEM_BRANCH_RECORDS
27003038;CA;23;3;SUDMILK;;;;ITEM_BRANCH_RECORDS
27003039;CA;28;25;STE HEDI JELASSI DISTRIBUTION NORD;;;;ITEM_BRANCH_RECORDS
27003040;CA;25;4;SOCIETE IDEAL DISTRIBUTION SFAX;;;;ITEM_BRANCH_RECORDS
27003041;CA;12;7;SOCIETE EL HOUDA DISTRIBUTION;;;;ITEM_BRANCH_RECORDS
27003042;CA;15;8;ARMES COM;;;;ITEM_BRANCH_RECORDS
27003043;CA;27;25;SOCIETE TAHA DISTRIBUTION DE SUD;;;;ITEM_BRANCH_RECORDS
27003044;CA;27;21;STE AL AKREM DE COMM ET DISTRI EN GROS;;;;ITEM_BRANCH_RECORDS
27003045;CA;27;9;STE BECHIR ETTAIEB DE COMMERCE;;;;ITEM_BRANCH_RECORDS
27003046;CA;5;0;SUDMILK;;;;ITEM_BRANCH_RECORDS
27003047;CA;12;5;STE HEDI JELASSI DISTRIBUTION NORD;;;;ITEM_BRANCH_RECORDS
27003048;CA;6;1;SOCIETE IDEAL DISTRIBUTION SFAX;;;;ITEM_BRANCH_RECORDS
27003049;CA;20;8;SOCIETE EL HOUDA DISTRIBUTION;;;;ITEM_BRANCH_RECORDS
27003050;CA;8;0;ARMES COM;;;;ITEM_BRANCH_RECORDS
27003051;CA;11;10;SOCIETE TAHA DISTRIBUTION DE SUD;;;;ITEM_BRANCH_RECORDS
27003052;CA;22;19;STE AL AKREM DE COMM ET DISTRI EN GROS;;;;ITEM_BRANCH_RECORDS
27003053;CA;28;23;STE BECHIR ETTAIEB DE COMMERCE;;;;ITEM_BRANCH_RECORDS
27003054;CA;29;27;SUDMILK;;;;ITEM_BRANCH_RECORDS
27003055;CA;30;14;STE HEDI JELASSI DISTRIBUTION NORD;;;;ITEM_BRANCH_RECORDS
27003056;CA;24;13;SOCIETE IDEAL DISTRIBUTION SFAX;;;;ITEM_BRANCH_RECORDS
27003057;CA;5;3;SOCIETE EL HOUDA DISTRIBUTION;;;;ITEM_BRANCH_RECORDS
27003058;CA;6;2;ARMES COM;;;;ITEM_BRANCH_RECORDS
27003059;CA;30;23;SOCIETE TAHA DISTRIBUTION DE SUD;;;;ITEM_BRANCH_RECORDS
27003060;CA;3;2;STE AL AKREM DE COMM ET DISTRI EN GROS;;;;ITEM_BRANCH_RECORDS
27003061;CA;15;0;STE BECHIR ETTAIEB DE COMMERCE;;;;ITEM_BRANCH_RECORDS
27003062;CA;5;4;SUDMILK;;;;ITEM_BRANCH_RECORDS
27003063;CA;24;22;STE HEDI JELASSI DISTRIBUTION NORD;;;;ITEM_BRANCH_RECORDS
27003064;CA;5;3;SOCIETE IDEAL DISTRIBUTION SFAX;;;;ITEM_BRANCH_RECORDS
27003065;CA;12;1;SOCIETE EL HOUDA DISTRIBUTION;;;;ITEM_BRANCH_RECORDS
27003066;CA;17;12;ARMES COM;;;;ITEM_BRANCH_RECORDS
27003067;CA;10;0;SOCIETE TAHA DISTRIBUTION DE SUD;;;;ITEM_BRANCH_RECORDS
27003068;CA;19;13;STE AL AKREM DE COMM ET DISTRI EN GROS;;;;ITEM_BRANCH_RECORDS
27003069;CA;28;0;STE BECHIR ETTAIEB DE COMMERCE;;;;ITEM_BRANCH_RECORDS
27003070;CA;14;13;SUDMILK;;;;ITEM_BRANCH_RECORDS
27003071;CA;26;4;STE HEDI JELASSI DISTRIBUTION NORD;;;;ITEM_BRANCH_RECORDS
27003072;CA;5;3;SOCIETE IDEAL DISTRIBUTION SFAX;;;;ITEM_BRANCH_RECORDS
27003073;CA;19;4;SOCIETE EL HOUDA DISTRIBUTION;;;;ITEM_BRANCH_RECORDS
27003074;CA;19;15;ARMES COM;;;;ITEM_BRANCH_RECORDS
27003075;CA;11;9;SOCIETE TAHA DISTRIBUTION DE SUD;;;;ITEM_BRANCH_RECORDS
27003076;CA;26;4;STE AL AKREM DE COMM ET DISTRI EN GROS;;;;ITEM_BRANCH_RECORDS
27003077;CA;10;3;STE BECHIR ETTAIEB DE COMMERCE;;;;ITEM_BRANCH_RECORDS
27003078;CA;5;0;SUDMILK;;;;ITEM_BRANCH_RECORDS
27003079;CA;15;8;STE HEDI JELASSI DISTRIBUTION NORD;;;;ITEM_BRANCH_RECORDS
27003080;CA;9;8;SOCIETE IDEAL DISTRIBUTION SFAX;;;;ITEM_BRANCH_RECORDS
27003081;CS;23;23;MOHAMED AMINE MARAOUI SFAX 2;;;;INACTIVE_CUSTOMER
27003082;CS;29;29;SOCIETE LACTO DISTRIBUTION;;;;INACTIVE_CUSTOMER
27003083;CS;3;3;STE FRERES AYADI DISTRIBUTION NORD OUEST;;;;INACTIVE_CUSTOMER
27003084;CS;10;10;STE GENERAL DE DISTRIBUTION;;;;INACTIVE_CUSTOMER
27003085;CS;26;26;STE NOUR DISTRIBUTION CENTRALE;;;;INACTIVE_CUSTOMER
27003086;CS;4;4;SOCIETE OMNI COMMERCE ET DISTRIBUTION;;;;INACTIVE_CUSTOMER
27003087;CS;30;30;STE LES FRERES MANSOUR DISTRIBUTION;;;;INACTIVE_CUSTOMER
27003088;CS;19;19;SOCIETE ATLAS LAIT DISTRIBUTION;;;;INACTIVE_CUSTOMER
27003089;CS;30;30;STE KARIM BEN SALAH COMMERCE;;;;INACTIVE_CUSTOMER
27003090;CS;11;11;SOCIETE MEDITERRANEE PRODUITS LAITIERS;;;;INACTIVE_CUSTOMER
27003091;CS;8;8;SOCIETE UNION DES GROSSISTES TUNIS;;;;INACTIVE_CUSTOMER
27003092;CS;9;9;STE SALAH HAMROUNI COMMERCE EN GROS;;;;INACTIVE_CUSTOMER
27003093;CS;5;5;STE MOHAMED TRABELSI DISTRIBUTION SUD;;;;INACTIVE_CUSTOMER
27003094;CS;26;26;MOHAMED AMINE MARAOUI SFAX 2;;;;INACTIVE_CUSTOMER
27003095;CS;20;20;SOCIETE LACTO DISTRIBUTION;;;;INACTIVE_CUSTOMER
27003096;CS;8;8;STE FRERES AYADI DISTRIBUTION NORD OUEST;;;;INACTIVE_CUSTOMER
27003097;CS;5;5;STE GENERAL DE DISTRIBUTION;;;;INACTIVE_CUSTOMER
27003098;CS;12;12;STE NOUR DISTRIBUTION CENTRALE;;;;INACTIVE_CUSTOMER
27003099;CS;21;21;SOCIETE OMNI COMMERCE ET DISTRIBUTION;;;;INACTIVE_CUSTOMER
27003100;CS;28;28;STE LES FRERES MANSOUR DISTRIBUTION;;;;INACTIVE_CUSTOMER
27003101;CS;11;11;SOCIETE ATLAS LAIT DISTRIBUTION;;;;INACTIVE_CUSTOMER
27003102;CS;1;1;STE KARIM BEN SALAH COMMERCE;;;;INACTIVE_CUSTOMER
27003103;CS;30;30;SOCIETE MEDITERRANEE PRODUITS LAITIERS;;;;INACTIVE_CUSTOMER
27003104;CS;10;10;SOCIETE UNION DES GROSSISTES TUNIS;;;;INACTIVE_CUSTOMER
27003105;CS;29;29;STE SALAH HAMROUNI COMMERCE EN GROS;;;;INACTIVE_CUSTOMER
27003106;CS;2;2;STE MOHAMED TRABELSI DISTRIBUTION SUD;;;;INACTIVE_CUSTOMER
27003107;CS;19;19;MOHAMED AMINE MARAOUI SFAX 2;;;;INACTIVE_CUSTOMER
27003108;CS;18;18;SOCIETE LACTO DISTRIBUTION;;;;INACTIVE_CUSTOMER
27003109;CS;21;21;STE FRERES AYADI DISTRIBUTION NORD OUEST;;;;INACTIVE_CUSTOMER
27003110;CS;20;20;STE GENERAL DE DISTRIBUTION;;;;INACTIVE_CUSTOMER
27003111;CS;26;26;STE NOUR DISTRIBUTION CENTRALE;;;;INACTIVE_CUSTOMER
27003112;CS;23;23;SOCIETE OMNI COMMERCE ET DISTRIBUTION;;;;INACTIVE_CUSTOMER
27003113;CS;30;30;STE LES FRERES MANSOUR DISTRIBUTION;;;;INACTIVE_CUSTOMER
27003114;CS;9;9;SOCIETE ATLAS LAIT DISTRIBUTION;;;;INACTIVE_CUSTOMER
27003115;CS;29;29;STE KARIM BEN SALAH COMMERCE;;;;INACTIVE_CUSTOMER
27003116;CS;19;19;SOCIETE MEDITERRANEE PRODUITS LAITIERS;;;;INACTIVE_CUSTOMER
27003117;CS;21;21;SOCIETE UNION DES GROSSISTES TUNIS;;;;INACTIVE_CUSTOMER
27003118;CS;5;5;STE SALAH HAMROUNI COMMERCE EN GROS;;;;INACTIVE_CUSTOMER
27003119;CS;19;19;STE MOHAMED TRABELSI DISTRIBUTION SUD;;;;INACTIVE_CUSTOMER
27003120;CS;17;17;MOHAMED AMINE MARAOUI SFAX 2;;;;INACTIVE_CUSTOMER
27003121;CS;17;17;SOCIETE LACTO DISTRIBUTION;;;;INACTIVE_CUSTOMER
27003122;CS;27;27;STE FRERES AYADI DISTRIBUTION NORD OUEST;;;;INACTIVE_CUSTOMER
27003123;CS;27;27;STE GENERAL DE DISTRIBUTION;;;;INACTIVE_CUSTOMER
27003124;CS;27;27;STE NOUR DISTRIBUTION CENTRALE;;;;INACTIVE_CUSTOMER
27003125;CS;23;23;SOCIETE OMNI COMMERCE ET DISTRIBUTION;;;;INACTIVE_CUSTOMER
27003126;CS;17;17;STE LES FRERES MANSOUR DISTRIBUTION;;;;INACTIVE_CUSTOMER
27003127;CS;24;24;SOCIETE ATLAS LAIT DISTRIBUTION;;;;INACTIVE_CUSTOMER
27003128;CS;23;23;STE KARIM BEN SALAH COMMERCE;;;;INACTIVE_CUSTOMER
27003129;CS;2;2;SOCIETE MEDITERRANEE PRODUITS LAITIERS;;;;INACTIVE_CUSTOMER
27003130;CS;11;11;SOCIETE UNION DES GROSSISTES TUNIS;;;;INACTIVE_CUSTOMER
27003131;CS;2;2;STE SALAH HAMROUNI COMMERCE EN GROS;;;;INACTIVE_CUSTOMER
27003132;CS;15;15;STE MOHAMED TRABELSI DISTRIBUTION SUD;;;;INACTIVE_CUSTOMER
27003133;CS;15;15;MOHAMED AMINE MARAOUI SFAX 2;;;;INACTIVE_CUSTOMER
27003134;CS;11;11;SOCIETE LACTO DISTRIBUTION;;;;INACTIVE_CUSTOMER
27003135;CS;26;26;STE FRERES AYADI DISTRIBUTION NORD OUEST;;;;INACTIVE_CUSTOMER
27003136;CS;11;11;STE GENERAL DE DISTRIBUTION;;;;INACTIVE_CUSTOMER
27003137;CS;28;28;STE NOUR DISTRIBUTION CENTRALE;;;;INACTIVE_CUSTOMER
27003138;CS;26;26;SOCIETE OMNI COMMERCE ET DISTRIBUTION;;;;INACTIVE_CUSTOMER
27003139;CS;3;3;STE LES FRERES MANSOUR DISTRIBUTION;;;;INACTIVE_CUSTOMER
27003140;CS;30;30;SOCIETE ATLAS LAIT DISTRIBUTION;;;;INACTIVE_CUSTOMER
27003141;CS;27;27;STE KARIM BEN SALAH COMMERCE;;;;INACTIVE_CUSTOMER
27003142;CS;15;15;SOCIETE MEDITERRANEE PRODUITS LAITIERS;;;;INACTIVE_CUSTOMER
27003143;CS;13;13;SOCIETE UNION DES GROSSISTES TUNIS;;;;INACTIVE_CUSTOMER
27003144;CS;17;17;STE SALAH HAMROUNI COMMERCE EN GROS;;;;INACTIVE_CUSTOMER
27003145;CS;27;27;STE MOHAMED TRABELSI DISTRIBUTION SUD;;;;INACTIVE_CUSTOMER
27003146;CS;23;23;MOHAMED AMINE MARAOUI SFAX 2;;;;INACTIVE_CUSTOMER
27003147;CS;20;20;SOCIETE LACTO DISTRIBUTION;;;;INACTIVE_CUSTOMER
27003148;CS;10;10;STE FRERES AYADI DISTRIBUTION NORD OUEST;;;;INACTIVE_CUSTOMER
27003149;CS;15;15;STE GENERAL DE DISTRIBUTION;;;;INACTIVE_CUSTOMER
27003150;CS;1;1;STE NOUR DISTRIBUTION CENTRALE;;;;INACTIVE_CUSTOMER
27003151;CS;3;3;SOCIETE OMNI COMMERCE ET DISTRIBUTION;;;;INACTIVE_CUSTOMER
27003152;CS;11;11;STE LES FRERES MANSOUR DISTRIBUTION;;;;INACTIVE_CUSTOMER
27003153;CS;13;13;SOCIETE ATLAS LAIT DISTRIBUTION;;;;INACTIVE_CUSTOMER
27003154;CS;19;19;STE KARIM BEN SALAH COMMERCE;;;;INACTIVE_CUSTOMER
27003155;CS;9;9;SOCIETE MEDITERRANEE PRODUITS LAITIERS;;;;INACTIVE_CUSTOMER
27003156;CS;27;27;SOCIETE UNION DES GROSSISTES TUNIS;;;;INACTIVE_CUSTOMER
27003157;CS;4;4;STE SALAH HAMROUNI COMMERCE EN GROS;;;;INACTIVE_CUSTOMER
27003158;CS;29;29;STE MOHAMED TRABELSI DISTRIBUTION SUD;;;;INACTIVE_CUSTOMER
27003159;CS;27;27;MOHAMED AMINE MARAOUI SFAX 2;;;;INACTIVE_CUSTOMER
27003160;CS;24;24;SOCIETE LACTO DISTRIBUTION;;;;INACTIVE_CUSTOMER
27003161;CS;29;29;STE FRERES AYADI DISTRIBUTION NORD OUEST;;;;INACTIVE_CUSTOMER
27003162;CS;7;7;STE GENERAL DE DISTRIBUTION;;;;INACTIVE_CUSTOMER
27003163;CS;9;9;STE NOUR DISTRIBUTION CENTRALE;;;;INACTIVE_CUSTOMER
27003164;CS;1;1;SOCIETE OMNI COMMERCE ET DISTRIBUTION;;;;INACTIVE_CUSTOMER
27003165;CS;11;11;STE LES FRERES MANSOUR DISTRIBUTION;;;;INACTIVE_CUSTOMER
27003166;CS;5;5;SOCIETE ATLAS LAIT DISTRIBUTION;;;;INACTIVE_CUSTOMER
27003167;CS;10;10;STE KARIM BEN SALAH COMMERCE;;;;INACTIVE_CUSTOMER
27003168;CS;8;8;SOCIETE MEDITERRANEE PRODUITS LAITIERS;;;;INACTIVE_CUSTOMER
27003169;CS;15;15;SOCIETE UNION DES GROSSISTES TUNIS;;;;INACTIVE_CUSTOMER
27003170;CS;21;21;STE SALAH HAMROUNI COMMERCE EN GROS;;;;INACTIVE_CUSTOMER
27003171;CS;15;15;STE MOHAMED TRABELSI DISTRIBUTION SUD;;;;INACTIVE_CUSTOMER
27003172;CS;2;2;MOHAMED AMINE MARAOUI SFAX 2;;;;INACTIVE_CUSTOMER
27003173;CS;13;13;SOCIETE LACTO DISTRIBUTION;;;;INACTIVE_CUSTOMER
27003174;CS;9;9;STE FRERES AYADI DISTRIBUTION NORD OUEST;;;;INACTIVE_CUSTOMER
27003175;CS;8;8;STE GENERAL DE DISTRIBUTION;;;;INACTIVE_CUSTOMER
27003176;CS;12;12;STE NOUR DISTRIBUTION CENTRALE;;;;INACTIVE_CUSTOMER
27003177;CS;8;8;SOCIETE OMNI COMMERCE ET DISTRIBUTION;;;;INACTIVE_CUSTOMER
27003178;CS;7;7;STE LES FRERES MANSOUR DISTRIBUTION;;;;INACTIVE_CUSTOMER
27003179;CS;5;5;SOCIETE ATLAS LAIT DISTRIBUTION;;;;INACTIVE_CUSTOMER
27003180;CS;2;2;STE KARIM BEN SALAH COMMERCE;;;;INACTIVE_CUSTOMER
27003181;CS;6;6;SOCIETE MEDITERRANEE PRODUITS LAITIERS;;;;INACTIVE_CUSTOMER
27003182;CS;17;17;SOCIETE UNION DES GROSSISTES TUNIS;;;;INACTIVE_CUSTOMER
27003183;CS;5;5;STE SALAH HAMROUNI COMMERCE EN GROS;;;;INACTIVE_CUSTOMER
27003184;CS;25;25;STE MOHAMED TRABELSI DISTRIBUTION SUD;;;;INACTIVE_CUSTOMER
27003185;CS;4;4;MOHAMED AMINE MARAOUI SFAX 2;;;;INACTIVE_CUSTOMER
27003186;CS;26;26;SOCIETE LACTO DISTRIBUTION;;;;INACTIVE_CUSTOMER
27003187;CS;18;18;STE FRERES AYADI DISTRIBUTION NORD OUEST;;;;INACTIVE_CUSTOMER
27003188;CS;15;15;STE GENERAL DE DISTRIBUTION;;;;INACTIVE_CUSTOMER
27003189;CS;29;29;STE NOUR DISTRIBUTION CENTRALE;;;;INACTIVE_CUSTOMER
27003190;CS;20;20;SOCIETE OMNI COMMERCE ET DISTRIBUTION;;;;INACTIVE_CUSTOMER
27003191;CS;1;1;STE LES FRERES MANSOUR DISTRIBUTION;;;;INACTIVE_CUSTOMER
27003192;CS;14;14;SOCIETE ATLAS LAIT DISTRIBUTION;;;;INACTIVE_CUSTOMER
27003193;CS;21;21;STE KARIM BEN SALAH COMMERCE;;;;INACTIVE_CUSTOMER
27003194;CS;17;17;SOCIETE MEDITERRANEE PRODUITS LAITIERS;;;;INACTIVE_CUSTOMER
27003195;CS;8;8;SOCIETE UNION DES GROSSISTES TUNIS;;;;INACTIVE_CUSTOMER
27003196;CS;28;28;STE SALAH HAMROUNI COMMERCE EN GROS;;;;INACTIVE_CUSTOMER
27003197;CS;30;30;STE MOHAMED TRABELSI DISTRIBUTION SUD;;;;INACTIVE_CUSTOMER
27003198;CS;26;26;MOHAMED AMINE MARAOUI SFAX 2;;;;INACTIVE_CUSTOMER
27003199;CS;3;3;SOCIETE LACTO DISTRIBUTION;;;;INACTIVE_CUSTOMER
27003200;CS;15;15;STE FRERES AYADI DISTRIBUTION NORD OUEST;;;;INACTIVE_CUSTOMER
27003201;CS;23;23;STE GENERAL DE DISTRIBUTION;;;;INACTIVE_CUSTOMER
27003202;CS;16;16;STE NOUR DISTRIBUTION CENTRALE;;;;INACTIVE_CUSTOMER
27003203;CS;17;17;SOCIETE OMNI COMMERCE ET DISTRIBUTION;;;;INACTIVE_CUSTOMER
27003204;CS;9;9;STE LES FRERES MANSOUR DISTRIBUTION;;;;INACTIVE_CUSTOMER
27003205;CS;29;29;SOCIETE ATLAS LAIT DISTRIBUTION;;;;INACTIVE_CUSTOMER
27003206;CS;28;28;STE KARIM BEN SALAH COMMERCE;;;;INACTIVE_CUSTOMER
27003207;CS;7;7;SOCIETE MEDITERRANEE PRODUITS LAITIERS;;;;INACTIVE_CUSTOMER
27003208;CS;15;15;SOCIETE UNION DES GROSSISTES TUNIS;;;;INACTIVE_CUSTOMER
27003209;CS;16;16;STE SALAH HAMROUNI COMMERCE EN GROS;;;;INACTIVE_CUSTOMER
27003210;CS;30;30;STE MOHAMED TRABELSI DISTRIBUTION SUD;;;;INACTIVE_CUSTOMER
27003211;CS;3;3;MOHAMED AMINE MARAOUI SFAX 2;;;;INACTIVE_CUSTOMER
27003212;CS;8;8;SOCIETE LACTO DISTRIBUTION;;;;INACTIVE_CUSTOMER
27003213;CS;18;18;STE FRERES AYADI DISTRIBUTION NORD OUEST;;;;INACTIVE_CUSTOMER
27003214;CS;27;27;STE GENERAL DE DISTRIBUTION;;;;INACTIVE_CUSTOMER
27003215;CS;26;26;STE NOUR DISTRIBUTION CENTRALE;;;;INACTIVE_CUSTOMER
27003216;CS;4;4;SOCIETE OMNI COMMERCE ET DISTRIBUTION;;;;INACTIVE_CUSTOMER
27003217;CS;25;25;STE LES FRERES MANSOUR DISTRIBUTION;;;;INACTIVE_CUSTOMER
27003218;CS;1;1;SOCIETE ATLAS LAIT DISTRIBUTION;;;;INACTIVE_CUSTOMER
27003219;CS;17;17;STE KARIM BEN SALAH COMMERCE;;;;INACTIVE_CUSTOMER
27003220;CS;28;28;SOCIETE MEDITERRANEE PRODUITS LAITIERS;;;;INACTIVE_CUSTOMER
27003221;CS;19;19;SOCIETE UNION DES GROSSISTES TUNIS;;;;INACTIVE_CUSTOMER
27003222;CS;16;16;STE SALAH HAMROUNI COMMERCE EN GROS;;;;INACTIVE_CUSTOMER
27003223;CS;26;26;STE MOHAMED TRABELSI DISTRIBUTION SUD;;;;INACTIVE_CUSTOMER
27003224;CS;28;28;MOHAMED AMINE MARAOUI SFAX 2;;;;INACTIVE_CUSTOMER
27003225;CS;30;30;SOCIETE LACTO DISTRIBUTION;;;;INACTIVE_CUSTOMER
27003226;CS;19;19;STE FRERES AYADI DISTRIBUTION NORD OUEST;;;;INACTIVE_CUSTOMER
27003227;CS;6;6;STE GENERAL DE DISTRIBUTION;;;;INACTIVE_CUSTOMER
27003228;CS;3;3;STE NOUR DISTRIBUTION CENTRALE;;;;INACTIVE_CUSTOMER
27003229;CS;26;26;SOCIETE OMNI COMMERCE ET DISTRIBUTION;;;;INACTIVE_CUSTOMER
27003230;CS;5;5;STE LES FRERES MANSOUR DISTRIBUTION;;;;INACTIVE_CUSTOMER
27003231;CS;7;7;SOCIETE ATLAS LAIT DISTRIBUTION;;;;INACTIVE_CUSTOMER
27003232;CS;12;12;STE KARIM BEN SALAH COMMERCE;;;;INACTIVE_CUSTOMER
27003233;CS;1;1;SOCIETE MEDITERRANEE PRODUITS LAITIERS;;;;INACTIVE_CUSTOMER
27003234;CS;19;19;SOCIETE UNION DES GROSSISTES TUNIS;;;;INACTIVE_CUSTOMER
27003235;CS;3;3;STE SALAH HAMROUNI COMMERCE EN GROS;;;;INACTIVE_CUSTOMER
27003236;CS;2;2;STE MOHAMED TRABELSI DISTRIBUTION SUD;;;;INACTIVE_CUSTOMER
27003237;CS;14;14;MOHAMED AMINE MARAOUI SFAX 2;;;;INACTIVE_CUSTOMER
27003238;CS;7;7;SOCIETE LACTO DISTRIBUTION;;;;INACTIVE_CUSTOMER
27003239;CS;2;2;STE FRERES AYADI DISTRIBUTION NORD OUEST;;;;INACTIVE_CUSTOMER
27003240;CS;14;14;STE GENERAL DE DISTRIBUTION;;;;INACTIVE_CUSTOMER
27003241;CS;24;24;STE NOUR DISTRIBUTION CENTRALE;;;;INACTIVE_CUSTOMER
27003242;CS;18;18;SOCIETE OMNI COMMERCE ET DISTRIBUTION;;;;INACTIVE_CUSTOMER
27003243;CS;15;15;STE LES FRERES MANSOUR DISTRIBUTION;;;;INACTIVE_CUSTOMER
27003244;CS;1;1;SOCIETE ATLAS LAIT DISTRIBUTION;;;;INACTIVE_CUSTOMER
27003245;CS;27;27;STE KARIM BEN SALAH COMMERCE;;;;INACTIVE_CUSTOMER
27003246;CS;13;13;SOCIETE MEDITERRANEE PRODUITS LAITIERS;;;;INACTIVE_CUSTOMER
27003247;CS;20;20;SOCIETE UNION DES GROSSISTES TUNIS;;;;INACTIVE_CUSTOMER
27003248;CS;12;12;STE SALAH HAMROUNI COMMERCE EN GROS;;;;INACTIVE_CUSTOMER
27003249;CS;29;29;STE MOHAMED TRABELSI DISTRIBUTION SUD;;;;INACTIVE_CUSTOMER
27003250;CS;25;25;MOHAMED AMINE MARAOUI SFAX 2;;;;INACTIVE_CUSTOMER
27003251;CS;4;4;SOCIETE LACTO DISTRIBUTION;;;;INACTIVE_CUSTOMER
27003252;CS;13;13;STE FRERES AYADI DISTRIBUTION NORD OUEST;;;;INACTIVE_CUSTOMER
27003253;CS;14;14;STE GENERAL DE DISTRIBUTION;;;;INACTIVE_CUSTOMER
27003254;CS;28;28;STE NOUR DISTRIBUTION CENTRALE;;;;INACTIVE_CUSTOMER
27003255;CS;20;20;SOCIETE OMNI COMMERCE ET DISTRIBUTION;;;;INACTIVE_CUSTOMER
27003256;CS;25;25;STE LES FRERES MANSOUR DISTRIBUTION;;;;INACTIVE_CUSTOMER
27003257;CS;10;10;SOCIETE ATLAS LAIT DISTRIBUTION;;;;INACTIVE_CUSTOMER
27003258;CS;15;15;STE KARIM BEN SALAH COMMERCE;;;;INACTIVE_CUSTOMER
27003259;CS;20;20;SOCIETE MEDITERRANEE PRODUITS LAITIERS;;;;INACTIVE_CUSTOMER
27003260;CS;3;3;SOCIETE UNION DES GROSSISTES TUNIS;;;;INACTIVE_CUSTOMER
27003261;CS;4;4;STE SALAH HAMROUNI COMMERCE EN GROS;;;;INACTIVE_CUSTOMER
27003262;CS;21;21;STE MOHAMED TRABELSI DISTRIBUTION SUD;;;;INACTIVE_CUSTOMER
27003263;CS;5;5;MOHAMED AMINE MARAOUI SFAX 2;;;;INACTIVE_CUSTOMER
27003264;CS;8;8;SOCIETE LACTO DISTRIBUTION;;;;INACTIVE_CUSTOMER
27003265;CS;18;18;STE FRERES AYADI DISTRIBUTION NORD OUEST;;;;INACTIVE_CUSTOMER
27003266;CS;27;27;STE GENERAL DE DISTRIBUTION;;;;INACTIVE_CUSTOMER
27003267;CS;23;23;STE NOUR DISTRIBUTION CENTRALE;;;;INACTIVE_CUSTOMER
27003268;CS;18;18;SOCIETE OMNI COMMERCE ET DISTRIBUTION;;;;INACTIVE_CUSTOMER
27003269;CS;1;1;STE LES FRERES MANSOUR DISTRIBUTION;;;;INACTIVE_CUSTOMER
27003270;CS;21;21;SOCIETE ATLAS LAIT DISTRIBUTION;;;;INACTIVE_CUSTOMER
27003271;CS;13;13;STE KARIM BEN SALAH COMMERCE;;;;INACTIVE_CUSTOMER
27003272;CS;17;17;SOCIETE MEDITERRANEE PRODUITS LAITIERS;;;;INACTIVE_CUSTOMER
27003273;CS;7;7;SOCIETE UNION DES GROSSISTES TUNIS;;;;INACTIVE_CUSTOMER
27003274;CS;29;29;STE SALAH HAMROUNI COMMERCE EN GROS;;;;INACTIVE_CUSTOMER
27003275;CS;5;5;STE MOHAMED TRABELSI DISTRIBUTION SUD;;;;INACTIVE_CUSTOMER
27003276;CS;7;7;MOHAMED AMINE MARAOUI SFAX 2;;;;INACTIVE_CUSTOMER
27003277;CS;30;30;SOCIETE LACTO DISTRIBUTION;;;;INACTIVE_CUSTOMER
27003278;CS;13;13;STE FRERES AYADI DISTRIBUTION NORD OUEST;;;;INACTIVE_CUSTOMER
27003279;CS;20;20;STE GENERAL DE DISTRIBUTION;;;;INACTIVE_CUSTOMER
27003280;CS;6;6;STE NOUR DISTRIBUTION CENTRALE;;;;INACTIVE_CUSTOMER
27003281;CS;12;12;SOCIETE OMNI COMMERCE ET DISTRIBUTION;;;;INACTIVE_CUSTOMER
27003282;CS;9;9;STE LES FRERES MANSOUR DISTRIBUTION;;;;INACTIVE_CUSTOMER
27003283;CS;9;9;SOCIETE ATLAS LAIT DISTRIBUTION;;;;INACTIVE_CUSTOMER
27003284;CS;11;11;STE KARIM BEN SALAH COMMERCE;;;;INACTIVE_CUSTOMER
27003285;CS;9;9;SOCIETE MEDITERRANEE PRODUITS LAITIERS;;;;INACTIVE_CUSTOMER
27003286;CS;19;19;SOCIETE UNION DES GROSSISTES TUNIS;;;;INACTIVE_CUSTOMER
27003287;CS;23;23;STE SALAH HAMROUNI COMMERCE EN GROS;;;;INACTIVE_CUSTOMER
27003288;CS;17;17;STE MOHAMED TRABELSI DISTRIBUTION SUD;;;;INACTIVE_CUSTOMER
27003289;CS;28;28;MOHAMED AMINE MARAOUI SFAX 2;;;;INACTIVE_CUSTOMER
27003290;CS;18;18;SOCIETE LACTO DISTRIBUTION;;;;INACTIVE_CUSTOMER
27003291;CS;13;13;STE FRERES AYADI DISTRIBUTION NORD OUEST;;;;INACTIVE_CUSTOMER
27003292;CS;2;2;STE GENERAL DE DISTRIBUTION;;;;INACTIVE_CUSTOMER
27003293;CS;6;6;STE NOUR DISTRIBUTION CENTRALE;;;;INACTIVE_CUSTOMER
27003294;CS;30;30;SOCIETE OMNI COMMERCE ET DISTRIBUTION;;;;INACTIVE_CUSTOMER
27003295;CS;10;10;STE LES FRERES MANSOUR DISTRIBUTION;;;;INACTIVE_CUSTOMER
27003296;CS;7;7;SOCIETE ATLAS LAIT DISTRIBUTION;;;;INACTIVE_CUSTOMER
27003297;CS;23;23;STE KARIM BEN SALAH COMMERCE;;;;INACTIVE_CUSTOMER
27003298;CS;23;23;SOCIETE MEDITERRANEE PRODUITS LAITIERS;;;;INACTIVE_CUSTOMER
27003299;CS;1;1;SOCIETE UNION DES GROSSISTES TUNIS;;;;INACTIVE_CUSTOMER
27003300;CS;24;24;STE SALAH HAMROUNI COMMERCE EN GROS;;;;INACTIVE_CUSTOMER
27003301;CS;11;11;STE MOHAMED TRABELSI DISTRIBUTION SUD;;;;INACTIVE_CUSTOMER
27003302;CS;25;25;MOHAMED AMINE MARAOUI SFAX 2;;;;INACTIVE_CUSTOMER
27003303;CS;16;16;SOCIETE LACTO DISTRIBUTION;;;;INACTIVE_CUSTOMER
27003304;CS;8;8;STE FRERES AYADI DISTRIBUTION NORD OUEST;;;;INACTIVE_CUSTOMER
27003305;CS;19;19;STE GENERAL DE DISTRIBUTION;;;;INACTIVE_CUSTOMER
27003306;CS;2;2;STE NOUR DISTRIBUTION CENTRALE;;;;INACTIVE_CUSTOMER
27003307;CS;1;1;SOCIETE OMNI COMMERCE ET DISTRIBUTION;;;;INACTIVE_CUSTOMER
27003308;CS;5;5;STE LES FRERES MANSOUR DISTRIBUTION;;;;INACTIVE_CUSTOMER
27003309;CS;14;14;SOCIETE ATLAS LAIT DISTRIBUTION;;;;INACTIVE_CUSTOMER
27003310;CS;19;19;STE KARIM BEN SALAH COMMERCE;;;;INACTIVE_CUSTOMER
27003311;CS;16;16;SOCIETE MEDITERRANEE PRODUITS LAITIERS;;;;INACTIVE_CUSTOMER
27003312;CS;19;19;SOCIETE UNION DES GROSSISTES TUNIS;;;;INACTIVE_CUSTOMER
27003313;CS;13;13;STE SALAH HAMROUNI COMMERCE EN GROS;;;;INACTIVE_CUSTOMER
27003314;CS;3;3;STE MOHAMED TRABELSI DISTRIBUTION SUD;;;;INACTIVE_CUSTOMER
27003315;CS;4;4;MOHAMED AMINE MARAOUI SFAX 2;;;;INACTIVE_CUSTOMER
27003316;CS;24;24;SOCIETE LACTO DISTRIBUTION;;;;INACTIVE_CUSTOMER
27003317;CS;3;3;STE FRERES AYADI DISTRIBUTION NORD OUEST;;;;INACTIVE_CUSTOMER
27003318;CS;15;15;STE GENERAL DE DISTRIBUTION;;;;INACTIVE_CUSTOMER
27003319;CS;4;4;STE NOUR DISTRIBUTION CENTRALE;;;;INACTIVE_CUSTOMER
27003320;CS;29;29;SOCIETE OMNI COMMERCE ET DISTRIBUTION;;;;INACTIVE_CUSTOMER
27003321;CS;28;28;STE LES FRERES MANSOUR DISTRIBUTION;;;;INACTIVE_CUSTOMER
27003322;CS;4;4;SOCIETE ATLAS LAIT DISTRIBUTION;;;;INACTIVE_CUSTOMER
27003323;CS;17;17;STE KARIM BEN SALAH COMMERCE;;;;INACTIVE_CUSTOMER
27003324;CS;9;9;SOCIETE MEDITERRANEE PRODUITS LAITIERS;;;;INACTIVE_CUSTOMER
27003325;CS;27;27;SOCIETE UNION DES GROSSISTES TUNIS;;;;INACTIVE_CUSTOMER
27003326;CS;14;14;STE SALAH HAMROUNI COMMERCE EN GROS;;;;INACTIVE_CUSTOMER
27003327;CS;16;16;STE MOHAMED TRABELSI DISTRIBUTION SUD;;;;INACTIVE_CUSTOMER
27003328;CS;15;15;MOHAMED AMINE MARAOUI SFAX 2;;;;INACTIVE_CUSTOMER
27003329;CS;27;27;SOCIETE LACTO DISTRIBUTION;;;;INACTIVE_CUSTOMER
27003330;CS;24;24;STE FRERES AYADI DISTRIBUTION NORD OUEST;;;;INACTIVE_CUSTOMER
27003331;CS;4;4;STE GENERAL DE DISTRIBUTION;;;;INACTIVE_CUSTOMER
27003332;CS;15;15;STE NOUR DISTRIBUTION CENTRALE;;;;INACTIVE_CUSTOMER
27003333;CS;8;8;SOCIETE OMNI COMMERCE ET DISTRIBUTION;;;;INACTIVE_CUSTOMER
27003334;CS;19;19;STE LES FRERES MANSOUR DISTRIBUTION;;;;INACTIVE_CUSTOMER
27003335;CS;16;16;SOCIETE ATLAS LAIT DISTRIBUTION;;;;INACTIVE_CUSTOMER
27003336;CS;16;16;STE KARIM BEN SALAH COMMERCE;;;;INACTIVE_CUSTOMER
27003337;CS;25;25;SOCIETE MEDITERRANEE PRODUITS LAITIERS;;;;INACTIVE_CUSTOMER
27003338;CS;27;27;SOCIETE UNION DES GROSSISTES TUNIS;;;;INACTIVE_CUSTOMER
27003339;CS;15;15;STE SALAH HAMROUNI COMMERCE EN GROS;;;;INACTIVE_CUSTOMER
27003340;CS;14;14;STE MOHAMED TRABELSI DISTRIBUTION SUD;;;;INACTIVE_CUSTOMER
27003341;CS;5;5;MOHAMED AMINE MARAOUI SFAX 2;;;;INACTIVE_CUSTOMER
27003342;CS;9;9;SOCIETE LACTO DISTRIBUTION;;;;INACTIVE_CUSTOMER
27003343;CS;7;7;STE FRERES AYADI DISTRIBUTION NORD OUEST;;;;INACTIVE_CUSTOMER
27003344;CS;29;29;STE GENERAL DE DISTRIBUTION;;;;INACTIVE_CUSTOMER
27003345;CS;9;9;STE NOUR DISTRIBUTION CENTRALE;;;;INACTIVE_CUSTOMER
27003346;CS;1;1;SOCIETE OMNI COMMERCE ET DISTRIBUTION;;;;INACTIVE_CUSTOMER
27003347;CS;27;27;STE LES FRERES MANSOUR DISTRIBUTION;;;;INACTIVE_CUSTOMER
27003348;CS;4;4;SOCIETE ATLAS LAIT DISTRIBUTION;;;;INACTIVE_CUSTOMER
27003349;CS;7;7;STE KARIM BEN SALAH COMMERCE;;;;INACTIVE_CUSTOMER
27003350;CS;3;3;SOCIETE MEDITERRANEE PRODUITS LAITIERS;;;;INACTIVE_CUSTOMER
27003351;CS;28;28;SOCIETE UNION DES GROSSISTES TUNIS;;;;INACTIVE_CUSTOMER
27003352;CS;2;2;STE SALAH HAMROUNI COMMERCE EN GROS;;;;INACTIVE_CUSTOMER
27003353;CS;30;30;STE MOHAMED TRABELSI DISTRIBUTION SUD;;;;INACTIVE_CUSTOMER
27003354;CS;13;13;MOHAMED AMINE MARAOUI SFAX 2;;;;INACTIVE_CUSTOMER
27003355;CS;27;27;SOCIETE LACTO DISTRIBUTION;;;;INACTIVE_CUSTOMER
27003356;CS;13;13;STE FRERES AYADI DISTRIBUTION NORD OUEST;;;;INACTIVE_CUSTOMER
27003357;CS;8;8;STE GENERAL DE DISTRIBUTION;;;;INACTIVE_CUSTOMER
27003358;CS;1;1;STE NOUR DISTRIBUTION CENTRALE;;;;INACTIVE_CUSTOMER
27003359;CS;6;6;SOCIETE OMNI COMMERCE ET DISTRIBUTION;;;;INACTIVE_CUSTOMER
27003360;CS;4;4;STE LES FRERES MANSOUR DISTRIBUTION;;;;INACTIVE_CUSTOMER
27003361;CS;7;7;SOCIETE ATLAS LAIT DISTRIBUTION;;;;INACTIVE_CUSTOMER
27003362;CS;3;3;STE KARIM BEN SALAH COMMERCE;;;;INACTIVE_CUSTOMER
27003363;CS;9;9;SOCIETE MEDITERRANEE PRODUITS LAITIERS;;;;INACTIVE_CUSTOMER
27003364;CS;2;2;SOCIETE UNION DES GROSSISTES TUNIS;;;;INACTIVE_CUSTOMER
27003365;CS;9;9;STE SALAH HAMROUNI COMMERCE EN GROS;;;;INACTIVE_CUSTOMER
27003366;CS;9;9;STE MOHAMED TRABELSI DISTRIBUTION SUD;;;;INACTIVE_CUSTOMER
27003367;CS;21;21;MOHAMED AMINE MARAOUI SFAX 2;;;;INACTIVE_CUSTOMER
27003368;CS;16;16;SOCIETE LACTO DISTRIBUTION;;;;INACTIVE_CUSTOMER
27003369;CS;19;19;STE FRERES AYADI DISTRIBUTION NORD OUEST;;;;INACTIVE_CUSTOMER
27003370;CS;8;8;STE GENERAL DE DISTRIBUTION;;;;INACTIVE_CUSTOMER
27003371;CS;22;22;STE NOUR DISTRIBUTION CENTRALE;;;;INACTIVE_CUSTOMER
27003372;CS;25;25;SOCIETE OMNI COMMERCE ET DISTRIBUTION;;;;INACTIVE_CUSTOMER
27003373;CS;8;8;STE LES FRERES MANSOUR DISTRIBUTION;;;;INACTIVE_CUSTOMER
27003374;CS;28;28;SOCIETE ATLAS LAIT DISTRIBUTION;;;;INACTIVE_CUSTOMER
27003375;CS;29;29;STE KARIM BEN SALAH COMMERCE;;;;INACTIVE_CUSTOMER
27003376;CS;17;17;SOCIETE MEDITERRANEE PRODUITS LAITIERS;;;;INACTIVE_CUSTOMER
27003377;CS;9;9;SOCIETE UNION DES GROSSISTES TUNIS;;;;INACTIVE_CUSTOMER
27003378;CS;5;5;STE SALAH HAMROUNI COMMERCE EN GROS;;;;INACTIVE_CUSTOMER
27003379;CS;17;17;STE MOHAMED TRABELSI DISTRIBUTION SUD;;;;INACTIVE_CUSTOMER
27003380;CS;16;16;MOHAMED AMINE MARAOUI SFAX 2;;;;INACTIVE_CUSTOMER
27003381;CS;18;18;SOCIETE LACTO DISTRIBUTION;;;;INACTIVE_CUSTOMER
27003382;CS;3;3;STE FRERES AYADI DISTRIBUTION NORD OUEST;;;;INACTIVE_CUSTOMER
27003383;CS;10;10;STE GENERAL DE DISTRIBUTION;;;;INACTIVE_CUSTOMER
27003384;CS;19;19;STE NOUR DISTRIBUTION CENTRALE;;;;INACTIVE_CUSTOMER
27003385;CS;22;22;SOCIETE OMNI COMMERCE ET DISTRIBUTION;;;;INACTIVE_CUSTOMER
27003386;CS;7;7;STE LES FRERES MANSOUR DISTRIBUTION;;;;INACTIVE_CUSTOMER
27003387;CS;17;17;SOCIETE ATLAS LAIT DISTRIBUTION;;;;INACTIVE_CUSTOMER
27003388;CS;17;17;STE KARIM BEN SALAH COMMERCE;;;;INACTIVE_CUSTOMER
27003389;CS;12;12;SOCIETE MEDITERRANEE PRODUITS LAITIERS;;;;INACTIVE_CUSTOMER
27003390;CS;23;23;SOCIETE UNION DES GROSSISTES TUNIS;;;;INACTIVE_CUSTOMER
27003391;CS;20;20;STE SALAH HAMROUNI COMMERCE EN GROS;;;;INACTIVE_CUSTOMER
27003392;CS;8;8;STE MOHAMED TRABELSI DISTRIBUTION SUD;;;;INACTIVE_CUSTOMER
27003393;CS;12;12;MOHAMED AMINE MARAOUI SFAX 2;;;;INACTIVE_CUSTOMER
27003394;CS;17;17;SOCIETE LACTO DISTRIBUTION;;;;INACTIVE_CUSTOMER
27003395;CS;7;7;STE FRERES AYADI DISTRIBUTION NORD OUEST;;;;INACTIVE_CUSTOMER
27003396;CS;1;1;STE GENERAL DE DISTRIBUTION;;;;INACTIVE_CUSTOMER
27003397;CS;7;7;STE NOUR DISTRIBUTION CENTRALE;;;;INACTIVE_CUSTOMER
27003398;CS;9;9;SOCIETE OMNI COMMERCE ET DISTRIBUTION;;;;INACTIVE_CUSTOMER
27003399;CS;12;12;STE LES FRERES MANSOUR DISTRIBUTION;;;;INACTIVE_CUSTOMER
27003400;CS;5;5;SOCIETE ATLAS LAIT DISTRIBUTION;;;;INACTIVE_CUSTOMER
27003401;CS;22;22;STE KARIM BEN SALAH COMMERCE;;;;INACTIVE_CUSTOMER
27003402;CS;9;9;SOCIETE MEDITERRANEE PRODUITS LAITIERS;;;;INACTIVE_CUSTOMER
27003403;CS;13;13;SOCIETE UNION DES GROSSISTES TUNIS;;;;INACTIVE_CUSTOMER
27003404;CS;20;20;STE SALAH HAMROUNI COMMERCE EN GROS;;;;INACTIVE_CUSTOMER
27003405;CS;8;8;STE MOHAMED TRABELSI DISTRIBUTION SUD;;;;INACTIVE_CUSTOMER
27003406;CS;22;22;MOHAMED AMINE MARAOUI SFAX 2;;;;INACTIVE_CUSTOMER
27003407;CS;11;11;SOCIETE LACTO DISTRIBUTION;;;;INACTIVE_CUSTOMER
27003408;CS;10;10;STE FRERES AYADI DISTRIBUTION NORD OUEST;;;;INACTIVE_CUSTOMER
27003409;CS;26;26;STE GENERAL DE DISTRIBUTION;;;;INACTIVE_CUSTOMER
27003410;CS;11;11;STE NOUR DISTRIBUTION CENTRALE;;;;INACTIVE_CUSTOMER
27003411;CS;23;23;SOCIETE OMNI COMMERCE ET DISTRIBUTION;;;;INACTIVE_CUSTOMER
27003412;CS;7;7;STE LES FRERES MANSOUR DISTRIBUTION;;;;INACTIVE_CUSTOMER
27003413;CS;16;16;SOCIETE ATLAS LAIT DISTRIBUTION;;;;INACTIVE_CUSTOMER
27003414;CS;2;2;STE KARIM BEN SALAH COMMERCE;;;;INACTIVE_CUSTOMER
27003415;CS;1;1;SOCIETE MEDITERRANEE PRODUITS LAITIERS;;;;INACTIVE_CUSTOMER
27003416;CS;29;29;SOCIETE UNION DES GROSSISTES TUNIS;;;;INACTIVE_CUSTOMER
27003417;CS;15;15;STE SALAH HAMROUNI COMMERCE EN GROS;;;;INACTIVE_CUSTOMER
27003418;CS;16;16;STE MOHAMED TRABELSI DISTRIBUTION SUD;;;;INACTIVE_CUSTOMER
27003419;CS;12;12;MOHAMED AMINE MARAOUI SFAX 2;;;;INACTIVE_CUSTOMER
27003420;CS;13;13;SOCIETE LACTO DISTRIBUTION;;;;INACTIVE_CUSTOMER
27003421;CS;15;15;STE FRERES AYADI DISTRIBUTION NORD OUEST;;;;INACTIVE_CUSTOMER
27003422;CS;9;9;STE GENERAL DE DISTRIBUTION;;;;INACTIVE_CUSTOMER
27003423;CS;8;8;STE NOUR DISTRIBUTION CENTRALE;;;;INACTIVE_CUSTOMER
27003424;CS;14;14;SOCIETE OMNI COMMERCE ET DISTRIBUTION;;;;INACTIVE_CUSTOMER
27003425;CS;26;26;STE LES FRERES MANSOUR DISTRIBUTION;;;;INACTIVE_CUSTOMER
27003426;CS;5;5;SOCIETE ATLAS LAIT DISTRIBUTION;;;;INACTIVE_CUSTOMER
27003427;CS;13;13;STE KARIM BEN SALAH COMMERCE;;;;INACTIVE_CUSTOMER
27003428;CS;14;14;SOCIETE MEDITERRANEE PRODUITS LAITIERS;;;;INACTIVE_CUSTOMER
27003429;CS;19;19;SOCIETE UNION DES GROSSISTES TUNIS;;;;INACTIVE_CUSTOMER
27003430;CS;5;5;STE SALAH HAMROUNI COMMERCE EN GROS;;;;INACTIVE_CUSTOMER
27003431;CS;15;15;STE MOHAMED TRABELSI DISTRIBUTION SUD;;;;INACTIVE_CUSTOMER
27003432;CS;19;19;MOHAMED AMINE MARAOUI SFAX 2;;;;INACTIVE_CUSTOMER
27003433;CS;20;20;SOCIETE LACTO DISTRIBUTION;;;;INACTIVE_CUSTOMER
27003434;CS;15;15;STE FRERES AYADI DISTRIBUTION NORD OUEST;;;;INACTIVE_CUSTOMER
27003435;CS;29;29;STE GENERAL DE DISTRIBUTION;;;;INACTIVE_CUSTOMER
27003436;CS;14;14;STE NOUR DISTRIBUTION CENTRALE;;;;INACTIVE_CUSTOMER
27003437;CS;26;26;SOCIETE OMNI COMMERCE ET DISTRIBUTION;;;;INACTIVE_CUSTOMER
27003438;CS;17;17;STE LES FRERES MANSOUR DISTRIBUTION;;;;INACTIVE_CUSTOMER
27003439;CS;10;10;SOCIETE ATLAS LAIT DISTRIBUTION;;;;INACTIVE_CUSTOMER
27003440;CS;26;26;STE KARIM BEN SALAH COMMERCE;;;;INACTIVE_CUSTOMER
27003441;CS;17;17;SOCIETE MEDITERRANEE PRODUITS LAITIERS;;;;INACTIVE_CUSTOMER
27003442;CS;22;22;SOCIETE UNION DES GROSSISTES TUNIS;;;;INACTIVE_CUSTOMER
27003443;CS;8;8;STE SALAH HAMROUNI COMMERCE EN GROS;;;;INACTIVE_CUSTOMER
27003444;CS;30;30;STE MOHAMED TRABELSI DISTRIBUTION SUD;;;;INACTIVE_CUSTOMER
27003445;CS;27;27;MOHAMED AMINE MARAOUI SFAX 2;;;;INACTIVE_CUSTOMER
27003446;CS;9;9;SOCIETE LACTO DISTRIBUTION;;;;INACTIVE_CUSTOMER
27003447;CS;3;3;STE FRERES AYADI DISTRIBUTION NORD OUEST;;;;INACTIVE_CUSTOMER
27003448;CS;8;8;STE GENERAL DE DISTRIBUTION;;;;INACTIVE_CUSTOMER
27003449;CS;29;29;STE NOUR DISTRIBUTION CENTRALE;;;;INACTIVE_CUSTOMER
27003450;CS;25;25;SOCIETE OMNI COMMERCE ET DISTRIBUTION;;;;INACTIVE_CUSTOMER
27003451;CS;14;14;STE LES FRERES MANSOUR DISTRIBUTION;;;;INACTIVE_CUSTOMER
27003452;CS;12;12;SOCIETE ATLAS LAIT DISTRIBUTION;;;;INACTIVE_CUSTOMER
27003453;CS;11;11;STE KARIM BEN SALAH COMMERCE;;;;INACTIVE_CUSTOMER
27003454;CS;21;21;SOCIETE MEDITERRANEE PRODUITS LAITIERS;;;;INACTIVE_CUSTOMER
27003455;CS;28;28;SOCIETE UNION DES GROSSISTES TUNIS;;;;INACTIVE_CUSTOMER
27003456;CS;23;23;STE SALAH HAMROUNI COMMERCE EN GROS;;;;INACTIVE_CUSTOMER
27003457;CS;5;5;STE MOHAMED TRABELSI DISTRIBUTION SUD;;;;INACTIVE_CUSTOMER
27003458;CS;4;4;MOHAMED AMINE MARAOUI SFAX 2;;;;INACTIVE_CUSTOMER
27003459;CS;10;10;SOCIETE LACTO DISTRIBUTION;;;;INACTIVE_CUSTOMER
27003460;CS;19;19;STE FRERES AYADI DISTRIBUTION NORD OUEST;;;;INACTIVE_CUSTOMER
27003461;CS;27;27;STE GENERAL DE DISTRIBUTION;;;;INACTIVE_CUSTOMER
27003462;CS;7;7;STE NOUR DISTRIBUTION CENTRALE;;;;INACTIVE_CUSTOMER
27003463;CS;1;1;SOCIETE OMNI COMMERCE ET DISTRIBUTION;;;;INACTIVE_CUSTOMER
27003464;CS;17;17;STE LES FRERES MANSOUR DISTRIBUTION;;;;INACTIVE_CUSTOMER
27003465;CS;10;10;SOCIETE ATLAS LAIT DISTRIBUTION;;;;INACTIVE_CUSTOMER
27003466;CS;25;25;STE KARIM BEN SALAH COMMERCE;;;;INACTIVE_CUSTOMER
27003467;CS;18;18;SOCIETE MEDITERRANEE PRODUITS LAITIERS;;;;INACTIVE_CUSTOMER
27003468;CS;24;24;SOCIETE UNION DES GROSSISTES TUNIS;;;;INACTIVE_CUSTOMER
27003469;CS;20;20;STE SALAH HAMROUNI COMMERCE EN GROS;;;;INACTIVE_CUSTOMER
27003470;CS;8;8;STE MOHAMED TRABELSI DISTRIBUTION SUD;;;;INACTIVE_CUSTOMER
27003471;CS;30;30;MOHAMED AMINE MARAOUI SFAX 2;;;;INACTIVE_CUSTOMER
27003472;CS;9;9;SOCIETE LACTO DISTRIBUTION;;;;INACTIVE_CUSTOMER
27003473;CS;14;14;STE FRERES AYADI DISTRIBUTION NORD OUEST;;;;INACTIVE_CUSTOMER
27003474;CS;29;29;STE GENERAL DE DISTRIBUTION;;;;INACTIVE_CUSTOMER
27003475;CS;7;7;STE NOUR DISTRIBUTION CENTRALE;;;;INACTIVE_CUSTOMER
27003476;CS;13;13;SOCIETE OMNI COMMERCE ET DISTRIBUTION;;;;INACTIVE_CUSTOMER
27003477;CS;19;19;STE LES FRERES MANSOUR DISTRIBUTION;;;;INACTIVE_CUSTOMER
27003478;CS;8;8;SOCIETE ATLAS LAIT DISTRIBUTION;;;;INACTIVE_CUSTOMER
27003479;CS;5;5;STE KARIM BEN SALAH COMMERCE;;;;INACTIVE_CUSTOMER
27003480;CS;17;17;SOCIETE MEDITERRANEE PRODUITS LAITIERS;;;;INACTIVE_CUSTOMER
27003481;CS;11;11;SOCIETE UNION DES GROSSISTES TUNIS;;;;INACTIVE_CUSTOMER
27003482;CS;4;4;STE SALAH HAMROUNI COMMERCE EN GROS;;;;INACTIVE_CUSTOMER
27003483;CS;26;26;STE MOHAMED TRABELSI DISTRIBUTION SUD;;;;INACTIVE_CUSTOMER
27003484;CS;2;2;MOHAMED AMINE MARAOUI SFAX 2;;;;INACTIVE_CUSTOMER
27003485;CS;3;3;SOCIETE LACTO DISTRIBUTION;;;;INACTIVE_CUSTOMER
27003486;CS;27;27;STE FRERES AYADI DISTRIBUTION NORD OUEST;;;;INACTIVE_CUSTOMER
27003487;CS;12;12;STE GENERAL DE DISTRIBUTION;;;;INACTIVE_CUSTOMER
27003488;CS;14;14;STE NOUR DISTRIBUTION CENTRALE;;;;INACTIVE_CUSTOMER
27003489;CS;27;27;SOCIETE OMNI COMMERCE ET DISTRIBUTION;;;;INACTIVE_CUSTOMER
27003490;CS;17;17;STE LES FRERES MANSOUR DISTRIBUTION;;;;INACTIVE_CUSTOMER
27003491;CS;30;30;SOCIETE ATLAS LAIT DISTRIBUTION;;;;INACTIVE_CUSTOMER
27003492;CS;9;9;STE KARIM BEN SALAH COMMERCE;;;;INACTIVE_CUSTOMER
27003493;CS;29;29;SOCIETE MEDITERRANEE PRODUITS LAITIERS;;;;INACTIVE_CUSTOMER
27003494;CS;29;29;SOCIETE UNION DES GROSSISTES TUNIS;;;;INACTIVE_CUSTOMER
27003495;CS;19;19;STE SALAH HAMROUNI COMMERCE EN GROS;;;;INACTIVE_CUSTOMER
27003496;CS;26;26;STE MOHAMED TRABELSI DISTRIBUTION SUD;;;;INACTIVE_CUSTOMER
27003497;CS;21;21;MOHAMED AMINE MARAOUI SFAX 2;;;;INACTIVE_CUSTOMER
27003498;CS;26;26;SOCIETE LACTO DISTRIBUTION;;;;INACTIVE_CUSTOMER
27003499;CS;27;27;STE FRERES AYADI DISTRIBUTION NORD OUEST;;;;INACTIVE_CUSTOMER
27003500;CS;6;6;STE GENERAL DE DISTRIBUTION;;;;INACTIVE_CUSTOMER
27003501;CS;16;16;STE NOUR DISTRIBUTION CENTRALE;;;;INACTIVE_CUSTOMER
27003502;CS;22;22;SOCIETE OMNI COMMERCE ET DISTRIBUTION;;;;INACTIVE_CUSTOMER
27003503;CS;25;25;STE LES FRERES MANSOUR DISTRIBUTION;;;;INACTIVE_CUSTOMER
27003504;CS;12;12;SOCIETE ATLAS LAIT DISTRIBUTION;;;;INACTIVE_CUSTOMER
27003505;CS;8;8;STE KARIM BEN SALAH COMMERCE;;;;INACTIVE_CUSTOMER
27003506;CS;1;1;SOCIETE MEDITERRANEE PRODUITS LAITIERS;;;;INACTIVE_CUSTOMER
27003507;CS;9;9;SOCIETE UNION DES GROSSISTES TUNIS;;;;INACTIVE_CUSTOMER
27003508;CS;6;6;STE SALAH HAMROUNI COMMERCE EN GROS;;;;INACTIVE_CUSTOMER
27003509;CS;2;2;STE MOHAMED TRABELSI DISTRIBUTION SUD;;;;INACTIVE_CUSTOMER
27003510;CS;14;14;MOHAMED AMINE MARAOUI SFAX 2;;;;INACTIVE_CUSTOMER
27003511;CS;1;1;SOCIETE LACTO DISTRIBUTION;;;;INACTIVE_CUSTOMER
27003512;CS;22;22;STE FRERES AYADI DISTRIBUTION NORD OUEST;;;;INACTIVE_CUSTOMER
27003513;CS;13;13;STE GENERAL DE DISTRIBUTION;;;;INACTIVE_CUSTOMER
27003514;CS;14;14;STE NOUR DISTRIBUTION CENTRALE;;;;INACTIVE_CUSTOMER
27003515;CS;19;19;SOCIETE OMNI COMMERCE ET DISTRIBUTION;;;;INACTIVE_CUSTOMER
27003516;CS;13;13;STE LES FRERES MANSOUR DISTRIBUTION;;;;INACTIVE_CUSTOMER
27003517;CS;13;13;SOCIETE ATLAS LAIT DISTRIBUTION;;;;INACTIVE_CUSTOMER
27003518;CS;30;30;STE KARIM BEN SALAH COMMERCE;;;;INACTIVE_CUSTOMER
27003519;CS;8;8;SOCIETE MEDITERRANEE PRODUITS LAITIERS;;;;INACTIVE_CUSTOMER
27003520;CS;5;5;SOCIETE UNION DES GROSSISTES TUNIS;;;;INACTIVE_CUSTOMER
27003521;CS;13;13;STE SALAH HAMROUNI COMMERCE EN GROS;;;;INACTIVE_CUSTOMER
27003522;CS;24;24;STE MOHAMED TRABELSI DISTRIBUTION SUD;;;;INACTIVE_CUSTOMER
27003523;CS;12;12;MOHAMED AMINE MARAOUI SFAX 2;;;;INACTIVE_CUSTOMER
27003524;CS;12;12;SOCIETE LACTO DISTRIBUTION;;;;INACTIVE_CUSTOMER
27003525;CS;22;22;STE FRERES AYADI DISTRIBUTION NORD OUEST;;;;INACTIVE_CUSTOMER
27003526;CS;1;1;STE GENERAL DE DISTRIBUTION;;;;INACTIVE_CUSTOMER
27003527;CS;10;10;STE NOUR DISTRIBUTION CENTRALE;;;;INACTIVE_CUSTOMER
27003528;CS;13;13;SOCIETE OMNI COMMERCE ET DISTRIBUTION;;;;INACTIVE_CUSTOMER
27003529;CS;2;2;STE LES FRERES MANSOUR DISTRIBUTION;;;;INACTIVE_CUSTOMER
27003530;CS;21;21;SOCIETE ATLAS LAIT DISTRIBUTION;;;;INACTIVE_CUSTOMER
27003531;CS;5;5;STE KARIM BEN SALAH COMMERCE;;;;INACTIVE_CUSTOMER
27003532;CS;15;15;SOCIETE MEDITERRANEE PRODUITS LAITIERS;;;;INACTIVE_CUSTOMER
27003533;CS;9;9;SOCIETE UNION DES GROSSISTES TUNIS;;;;INACTIVE_CUSTOMER
27003534;CS;11;11;STE SALAH HAMROUNI COMMERCE EN GROS;;;;INACTIVE_CUSTOMER
27003535;CS;21;21;STE MOHAMED TRABELSI DISTRIBUTION SUD;;;;INACTIVE_CUSTOMER
27003536;CS;22;22;MOHAMED AMINE MARAOUI SFAX 2;;;;INACTIVE_CUSTOMER
27003537;CS;7;7;SOCIETE LACTO DISTRIBUTION;;;;INACTIVE_CUSTOMER
27003538;CS;5;5;STE FRERES AYADI DISTRIBUTION NORD OUEST;;;;INACTIVE_CUSTOMER
27003539;CS;10;10;STE GENERAL DE DISTRIBUTION;;;;INACTIVE_CUSTOMER
27003540;CS;22;22;STE NOUR DISTRIBUTION CENTRALE;;;;INACTIVE_CUSTOMER
27003541;CS;25;25;SOCIETE OMNI COMMERCE ET DISTRIBUTION;;;;INACTIVE_CUSTOMER
27003542;CS;28;28;STE LES FRERES MANSOUR DISTRIBUTION;;;;INACTIVE_CUSTOMER
27003543;CS;27;27;SOCIETE ATLAS LAIT DISTRIBUTION;;;;INACTIVE_CUSTOMER
27003544;CS;27;27;STE KARIM BEN SALAH COMMERCE;;;;INACTIVE_CUSTOMER
27003545;CS;11;11;SOCIETE MEDITERRANEE PRODUITS LAITIERS;;;;INACTIVE_CUSTOMER
27003546;CS;4;4;SOCIETE UNION DES GROSSISTES TUNIS;;;;INACTIVE_CUSTOMER
27003547;CS;24;24;STE SALAH HAMROUNI COMMERCE EN GROS;;;;INACTIVE_CUSTOMER
27003548;CS;11;11;STE MOHAMED TRABELSI DISTRIBUTION SUD;;;;INACTIVE_CUSTOMER
27003549;CS;14;14;MOHAMED AMINE MARAOUI SFAX 2;;;;INACTIVE_CUSTOMER
27003550;CS;22;22;SOCIETE LACTO DISTRIBUTION;;;;INACTIVE_CUSTOMER
27003551;CS;12;12;STE FRERES AYADI DISTRIBUTION NORD OUEST;;;;INACTIVE_CUSTOMER
27003552;CS;6;6;STE GENERAL DE DISTRIBUTION;;;;INACTIVE_CUSTOMER
27003553;CS;27;27;STE NOUR DISTRIBUTION CENTRALE;;;;INACTIVE_CUSTOMER
27003554;CS;27;27;SOCIETE OMNI COMMERCE ET DISTRIBUTION;;;;INACTIVE_CUSTOMER
27003555;CS;10;10;STE LES FRERES MANSOUR DISTRIBUTION;;;;INACTIVE_CUSTOMER
27003556;CS;20;20;SOCIETE ATLAS LAIT DISTRIBUTION;;;;INACTIVE_CUSTOMER
27003557;CS;14;14;STE KARIM BEN SALAH COMMERCE;;;;INACTIVE_CUSTOMER
27003558;CS;19;19;SOCIETE MEDITERRANEE PRODUITS LAITIERS;;;;INACTIVE_CUSTOMER
27003559;CS;25;25;SOCIETE UNION DES GROSSISTES TUNIS;;;;INACTIVE_CUSTOMER
27003560;CS;4;4;STE SALAH HAMROUNI COMMERCE EN GROS;;;;INACTIVE_CUSTOMER
27003561;CS;27;27;STE MOHAMED TRABELSI DISTRIBUTION SUD;;;;INACTIVE_CUSTOMER
27003562;CS;7;7;MOHAMED AMINE MARAOUI SFAX 2;;;;INACTIVE_CUSTOMER
27003563;CS;11;11;SOCIETE LACTO DISTRIBUTION;;;;INACTIVE_CUSTOMER
27003564;CS;22;22;STE FRERES AYADI DISTRIBUTION NORD OUEST;;;;INACTIVE_CUSTOMER
27003565;CS;11;11;STE GENERAL DE DISTRIBUTION;;;;INACTIVE_CUSTOMER
27003566;CS;22;22;STE NOUR DISTRIBUTION CENTRALE;;;;INACTIVE_CUSTOMER
27003567;CS;20;20;SOCIETE OMNI COMMERCE ET DISTRIBUTION;;;;INACTIVE_CUSTOMER
27003568;CS;4;4;STE LES FRERES MANSOUR DISTRIBUTION;;;;INACTIVE_CUSTOMER
27003569;CS;30;30;SOCIETE ATLAS LAIT DISTRIBUTION;;;;INACTIVE_CUSTOMER
27003570;CS;13;13;STE KARIM BEN SALAH COMMERCE;;;;INACTIVE_CUSTOMER
27003571;CS;3;3;SOCIETE MEDITERRANEE PRODUITS LAITIERS;;;;INACTIVE_CUSTOMER
27003572;CS;16;16;SOCIETE UNION DES GROSSISTES TUNIS;;;;INACTIVE_CUSTOMER
27003573;CS;2;2;STE SALAH HAMROUNI COMMERCE EN GROS;;;;INACTIVE_CUSTOMER
27003574;CS;27;27;STE MOHAMED TRABELSI DISTRIBUTION SUD;;;;INACTIVE_CUSTOMER
27003575;CS;17;17;MOHAMED AMINE MARAOUI SFAX 2;;;;INACTIVE_CUSTOMER
27003576;CS;10;10;SOCIETE LACTO DISTRIBUTION;;;;INACTIVE_CUSTOMER
27003577;CS;30;30;STE FRERES AYADI DISTRIBUTION NORD OUEST;;;;INACTIVE_CUSTOMER
27003578;CS;12;12;STE GENERAL DE DISTRIBUTION;;;;INACTIVE_CUSTOMER
27003579;CS;26;26;STE NOUR DISTRIBUTION CENTRALE;;;;INACTIVE_CUSTOMER
27003580;CS;6;6;SOCIETE OMNI COMMERCE ET DISTRIBUTION;;;;INACTIVE_CUSTOMER
27003581;CS;22;22;STE LES FRERES MANSOUR DISTRIBUTION;;;;INACTIVE_CUSTOMER
27003582;CS;13;13;SOCIETE ATLAS LAIT DISTRIBUTION;;;;INACTIVE_CUSTOMER
27003583;CS;10;10;STE KARIM BEN SALAH COMMERCE;;;;INACTIVE_CUSTOMER
27003584;CS;16;16;SOCIETE MEDITERRANEE PRODUITS LAITIERS;;;;INACTIVE_CUSTOMER
27003585;CS;30;30;SOCIETE UNION DES GROSSISTES TUNIS;;;;INACTIVE_CUSTOMER
27003586;CS;30;30;STE SALAH HAMROUNI COMMERCE EN GROS;;;;INACTIVE_CUSTOMER
27003587;CS;14;14;STE MOHAMED TRABELSI DISTRIBUTION SUD;;;;INACTIVE_CUSTOMER
27003588;CS;23;23;MOHAMED AMINE MARAOUI SFAX 2;;;;INACTIVE_CUSTOMER
27003589;CS;10;10;SOCIETE LACTO DISTRIBUTION;;;;INACTIVE_CUSTOMER
27003590;CS;24;24;STE FRERES AYADI DISTRIBUTION NORD OUEST;;;;INACTIVE_CUSTOMER
27003591;CS;25;25;STE GENERAL DE DISTRIBUTION;;;;INACTIVE_CUSTOMER
27003592;CS;24;24;STE NOUR DISTRIBUTION CENTRALE;;;;INACTIVE_CUSTOMER
27003593;CS;3;3;SOCIETE OMNI COMMERCE ET DISTRIBUTION;;;;INACTIVE_CUSTOMER
27003594;CS;10;10;STE LES FRERES MANSOUR DISTRIBUTION;;;;INACTIVE_CUSTOMER
27003595;CS;13;13;SOCIETE ATLAS LAIT DISTRIBUTION;;;;INACTIVE_CUSTOMER
27003596;CS;1;1;STE KARIM BEN SALAH COMMERCE;;;;INACTIVE_CUSTOMER
27003597;CS;7;7;SOCIETE MEDITERRANEE PRODUITS LAITIERS;;;;INACTIVE_CUSTOMER
27003598;CS;21;21;SOCIETE UNION DES GROSSISTES TUNIS;;;;INACTIVE_CUSTOMER
27003599;CS;5;5;STE SALAH HAMROUNI COMMERCE EN GROS;;;;INACTIVE_CUSTOMER
27003600;CS;7;7;STE MOHAMED TRABELSI DISTRIBUTION SUD;;;;INACTIVE_CUSTOMER
27003601;CS;15;15;MOHAMED AMINE MARAOUI SFAX 2;;;;INACTIVE_CUSTOMER
27003602;CS;18;18;SOCIETE LACTO DISTRIBUTION;;;;INACTIVE_CUSTOMER
27003603;CS;25;25;STE FRERES AYADI DISTRIBUTION NORD OUEST;;;;INACTIVE_CUSTOMER
27003604;CS;8;8;STE GENERAL DE DISTRIBUTION;;;;INACTIVE_CUSTOMER
27003605;CS;22;22;STE NOUR DISTRIBUTION CENTRALE;;;;INACTIVE_CUSTOMER
27003606;CS;6;6;SOCIETE OMNI COMMERCE ET DISTRIBUTION;;;;INACTIVE_CUSTOMER
27003607;CS;17;17;STE LES FRERES MANSOUR DISTRIBUTION;;;;INACTIVE_CUSTOMER
27003608;CS;30;30;SOCIETE ATLAS LAIT DISTRIBUTION;;;;INACTIVE_CUSTOMER
27003609;CS;11;11;STE KARIM BEN SALAH COMMERCE;;;;INACTIVE_CUSTOMER
27003610;CS;15;15;SOCIETE MEDITERRANEE PRODUITS LAITIERS;;;;INACTIVE_CUSTOMER
27003611;CS;19;19;SOCIETE UNION DES GROSSISTES TUNIS;;;;INACTIVE_CUSTOMER
27003612;CS;16;16;STE SALAH HAMROUNI COMMERCE EN GROS;;;;INACTIVE_CUSTOMER
27003613;CS;25;25;STE MOHAMED TRABELSI DISTRIBUTION SUD;;;;INACTIVE_CUSTOMER
27003614;CS;25;25;MOHAMED AMINE MARAOUI SFAX 2;;;;INACTIVE_CUSTOMER
27003615;CS;12;12;SOCIETE LACTO DISTRIBUTION;;;;INACTIVE_CUSTOMER
27003616;CS;25;25;STE FRERES AYADI DISTRIBUTION NORD OUEST;;;;INACTIVE_CUSTOMER
27003617;CS;11;11;STE GENERAL DE DISTRIBUTION;;;;INACTIVE_CUSTOMER
27003618;CS;12;12;STE NOUR DISTRIBUTION CENTRALE;;;;INACTIVE_CUSTOMER
27003619;CS;11;11;SOCIETE OMNI COMMERCE ET DISTRIBUTION;;;;INACTIVE_CUSTOMER
27003620;CS;17;17;STE LES FRERES MANSOUR DISTRIBUTION;;;;INACTIVE_CUSTOMER
27003621;CS;12;12;SOCIETE ATLAS LAIT DISTRIBUTION;;;;INACTIVE_CUSTOMER
27003622;CS;6;6;STE KARIM BEN SALAH COMMERCE;;;;INACTIVE_CUSTOMER
27003623;CS;26;26;SOCIETE MEDITERRANEE PRODUITS LAITIERS;;;;INACTIVE_CUSTOMER
27003624;CS;13;13;SOCIETE UNION DES GROSSISTES TUNIS;;;;INACTIVE_CUSTOMER
27003625;CS;8;8;STE SALAH HAMROUNI COMMERCE EN GROS;;;;INACTIVE_CUSTOMER
27003626;CS;7;7;STE MOHAMED TRABELSI DISTRIBUTION SUD;;;;INACTIVE_CUSTOMER
27003627;CS;15;15;MOHAMED AMINE MARAOUI SFAX 2;;;;INACTIVE_CUSTOMER
27003628;CS;1;1;SOCIETE LACTO DISTRIBUTION;;;;INACTIVE_CUSTOMER
27003629;CS;27;27;STE FRERES AYADI DISTRIBUTION NORD OUEST;;;;INACTIVE_CUSTOMER
27003630;CS;25;25;STE GENERAL DE DISTRIBUTION;;;;INACTIVE_CUSTOMER
27003631;CS;30;30;STE NOUR DISTRIBUTION CENTRALE;;;;INACTIVE_CUSTOMER
27003632;CS;19;19;SOCIETE OMNI COMMERCE ET DISTRIBUTION;;;;INACTIVE_CUSTOMER
27003633;CS;10;10;STE LES FRERES MANSOUR DISTRIBUTION;;;;INACTIVE_CUSTOMER
27003634;CS;22;22;SOCIETE ATLAS LAIT DISTRIBUTION;;;;INACTIVE_CUSTOMER
27003635;CS;15;15;STE KARIM BEN SALAH COMMERCE;;;;INACTIVE_CUSTOMER
27003636;CS;29;29;SOCIETE MEDITERRANEE PRODUITS LAITIERS;;;;INACTIVE_CUSTOMER
27003637;CS;10;10;SOCIETE UNION DES GROSSISTES TUNIS;;;;INACTIVE_CUSTOMER
27003638;CS;25;25;STE SALAH HAMROUNI COMMERCE EN GROS;;;;INACTIVE_CUSTOMER
27003639;CS;3;3;STE MOHAMED TRABELSI DISTRIBUTION SUD;;;;INACTIVE_CUSTOMER
27003640;CS;11;11;MOHAMED AMINE MARAOUI SFAX 2;;;;INACTIVE_CUSTOMER
27003641;CS;26;26;SOCIETE LACTO DISTRIBUTION;;;;INACTIVE_CUSTOMER
27003642;CS;30;30;STE FRERES AYADI DISTRIBUTION NORD OUEST;;;;INACTIVE_CUSTOMER
27003643;CS;18;18;STE GENERAL DE DISTRIBUTION;;;;INACTIVE_CUSTOMER
27003644;CS;6;6;STE NOUR DISTRIBUTION CENTRALE;;;;INACTIVE_CUSTOMER
27003645;CS;10;10;SOCIETE OMNI COMMERCE ET DISTRIBUTION;;;;INACTIVE_CUSTOMER
27003646;CS;27;27;STE LES FRERES MANSOUR DISTRIBUTION;;;;INACTIVE_CUSTOMER
27003647;CS;19;19;SOCIETE ATLAS LAIT DISTRIBUTION;;;;INACTIVE_CUSTOMER
27003648;CS;11;11;STE KARIM BEN SALAH COMMERCE;;;;INACTIVE_CUSTOMER
27003649;CS;6;6;SOCIETE MEDITERRANEE PRODUITS LAITIERS;;;;INACTIVE_CUSTOMER
27003650;CS;11;11;SOCIETE UNION DES GROSSISTES TUNIS;;;;INACTIVE_CUSTOMER
27003651;CS;18;18;STE SALAH HAMROUNI COMMERCE EN GROS;;;;INACTIVE_CUSTOMER
27003652;CS;21;21;STE MOHAMED TRABELSI DISTRIBUTION SUD;;;;INACTIVE_CUSTOMER
27003653;CS;2;2;MOHAMED AMINE MARAOUI SFAX 2;;;;INACTIVE_CUSTOMER
27003654;CS;12;12;SOCIETE LACTO DISTRIBUTION;;;;INACTIVE_CUSTOMER
27003655;CS;29;29;STE FRERES AYADI DISTRIBUTION NORD OUEST;;;;INACTIVE_CUSTOMER
27003656;CS;3;3;STE GENERAL DE DISTRIBUTION;;;;INACTIVE_CUSTOMER
27003657;CS;23;23;STE NOUR DISTRIBUTION CENTRALE;;;;INACTIVE_CUSTOMER
27003658;CS;30;30;SOCIETE OMNI COMMERCE ET DISTRIBUTION;;;;INACTIVE_CUSTOMER
27003659;CS;7;7;STE LES FRERES MANSOUR DISTRIBUTION;;;;INACTIVE_CUSTOMER
27003660;CS;2;2;SOCIETE ATLAS LAIT DISTRIBUTION;;;;INACTIVE_CUSTOMER
27003661;CS;23;23;STE KARIM BEN SALAH COMMERCE;;;;INACTIVE_CUSTOMER
27003662;CS;8;8;SOCIETE MEDITERRANEE PRODUITS LAITIERS;;;;INACTIVE_CUSTOMER
27003663;CS;9;9;SOCIETE UNION DES GROSSISTES TUNIS;;;;INACTIVE_CUSTOMER
27003664;CS;14;14;STE SALAH HAMROUNI COMMERCE EN GROS;;;;INACTIVE_CUSTOMER
27003665;CS;10;10;STE MOHAMED TRABELSI DISTRIBUTION SUD;;;;INACTIVE_CUSTOMER
27003666;CS;11;11;MOHAMED AMINE MARAOUI SFAX 2;;;;INACTIVE_CUSTOMER
27003667;CS;29;29;SOCIETE LACTO DISTRIBUTION;;;;INACTIVE_CUSTOMER
27003668;CS;10;10;STE FRERES AYADI DISTRIBUTION NORD OUEST;;;;INACTIVE_CUSTOMER
27003669;CS;16;16;STE GENERAL DE DISTRIBUTION;;;;INACTIVE_CUSTOMER
27003670;CS;7;7;STE NOUR DISTRIBUTION CENTRALE;;;;INACTIVE_CUSTOMER
27003671;CS;6;6;SOCIETE OMNI COMMERCE ET DISTRIBUTION;;;;INACTIVE_CUSTOMER
27003672;CS;9;9;STE LES FRERES MANSOUR DISTRIBUTION;;;;INACTIVE_CUSTOMER
27003673;CS;30;30;SOCIETE ATLAS LAIT DISTRIBUTION;;;;INACTIVE_CUSTOMER
27003674;CS;22;22;STE KARIM BEN SALAH COMMERCE;;;;INACTIVE_CUSTOMER
27003675;CS;15;15;SOCIETE MEDITERRANEE PRODUITS LAITIERS;;;;INACTIVE_CUSTOMER
27003676;CS;11;11;SOCIETE UNION DES GROSSISTES TUNIS;;;;INACTIVE_CUSTOMER
27003677;CS;29;29;STE SALAH HAMROUNI COMMERCE EN GROS;;;;INACTIVE_CUSTOMER
27003678;CS;28;28;STE MOHAMED TRABELSI DISTRIBUTION SUD;;;;INACTIVE_CUSTOMER
27003679;CS;16;16;MOHAMED AMINE MARAOUI SFAX 2;;;;INACTIVE_CUSTOMER
27003680;CS;11;11;SOCIETE LACTO DISTRIBUTION;;;;INACTIVE_CUSTOMER
27003681;CS;9;9;STE FRERES AYADI DISTRIBUTION NORD OUEST;;;;INACTIVE_CUSTOMER
27003682;CS;10;10;STE GENERAL DE DISTRIBUTION;;;;INACTIVE_CUSTOMER
27003683;CS;4;4;STE NOUR DISTRIBUTION CENTRALE;;;;INACTIVE_CUSTOMER
27003684;CS;26;26;SOCIETE OMNI COMMERCE ET DISTRIBUTION;;;;INACTIVE_CUSTOMER
27003685;CS;7;7;STE LES FRERES MANSOUR DISTRIBUTION;;;;INACTIVE_CUSTOMER
27003686;CS;8;8;SOCIETE ATLAS LAIT DISTRIBUTION;;;;INACTIVE_CUSTOMER
27003687;CS;24;24;STE KARIM BEN SALAH COMMERCE;;;;INACTIVE_CUSTOMER
27003688;CS;7;7;SOCIETE MEDITERRANEE PRODUITS LAITIERS;;;;INACTIVE_CUSTOMER
27003689;CS;26;26;SOCIETE UNION DES GROSSISTES TUNIS;;;;INACTIVE_CUSTOMER
27003690;CS;20;20;STE SALAH HAMROUNI COMMERCE EN GROS;;;;INACTIVE_CUSTOMER
27003691;CS;8;8;STE MOHAMED TRABELSI DISTRIBUTION SUD;;;;INACTIVE_CUSTOMER
27003692;CS;3;3;MOHAMED AMINE MARAOUI SFAX 2;;;;INACTIVE_CUSTOMER
27003693;CS;1;1;SOCIETE LACTO DISTRIBUTION;;;;INACTIVE_CUSTOMER
27003694;CS;18;18;STE FRERES AYADI DISTRIBUTION NORD OUEST;;;;INACTIVE_CUSTOMER
27003695;CS;21;21;STE GENERAL DE DISTRIBUTION;;;;INACTIVE_CUSTOMER
27003696;CS;7;7;STE NOUR DISTRIBUTION CENTRALE;;;;INACTIVE_CUSTOMER
27003697;CS;23;23;SOCIETE OMNI COMMERCE ET DISTRIBUTION;;;;INACTIVE_CUSTOMER
27003698;CS;20;20;STE LES FRERES MANSOUR DISTRIBUTION;;;;INACTIVE_CUSTOMER
27003699;CS;17;17;SOCIETE ATLAS LAIT DISTRIBUTION;;;;INACTIVE_CUSTOMER
27003700;CS;17;17;STE KARIM BEN SALAH COMMERCE;;;;INACTIVE_CUSTOMER
27003701;CS;10;10;SOCIETE MEDITERRANEE PRODUITS LAITIERS;;;;INACTIVE_CUSTOMER
27003702;CS;7;7;SOCIETE UNION DES GROSSISTES TUNIS;;;;INACTIVE_CUSTOMER
27003703;CS;30;30;STE SALAH HAMROUNI COMMERCE EN GROS;;;;INACTIVE_CUSTOMER
27003704;CS;6;6;STE MOHAMED TRABELSI DISTRIBUTION SUD;;;;INACTIVE_CUSTOMER
27003705;CS;9;9;MOHAMED AMINE MARAOUI SFAX 2;;;;INACTIVE_CUSTOMER
27003706;CS;22;22;SOCIETE LACTO DISTRIBUTION;;;;INACTIVE_CUSTOMER
27003707;CS;6;6;STE FRERES AYADI DISTRIBUTION NORD OUEST;;;;INACTIVE_CUSTOMER
27003708;CS;23;23;STE GENERAL DE DISTRIBUTION;;;;INACTIVE_CUSTOMER
27003709;CS;23;23;STE NOUR DISTRIBUTION CENTRALE;;;;INACTIVE_CUSTOMER
27003710;CS;4;4;SOCIETE OMNI COMMERCE ET DISTRIBUTION;;;;INACTIVE_CUSTOMER
27003711;CS;21;21;STE LES FRERES MANSOUR DISTRIBUTION;;;;INACTIVE_CUSTOMER
27003712;CS;28;28;SOCIETE ATLAS LAIT DISTRIBUTION;;;;INACTIVE_CUSTOMER
27003713;CS;23;23;STE KARIM BEN SALAH COMMERCE;;;;INACTIVE_CUSTOMER
27003714;CS;21;21;SOCIETE MEDITERRANEE PRODUITS LAITIERS;;;;INACTIVE_CUSTOMER
27003715;CS;28;28;SOCIETE UNION DES GROSSISTES TUNIS;;;;INACTIVE_CUSTOMER
27003716;CS;12;12;STE SALAH HAMROUNI COMMERCE EN GROS;;;;INACTIVE_CUSTOMER
27003717;CS;24;24;STE MOHAMED TRABELSI DISTRIBUTION SUD;;;;INACTIVE_CUSTOMER
27003718;CS;14;14;MOHAMED AMINE MARAOUI SFAX 2;;;;INACTIVE_CUSTOMER
27003719;CS;18;18;SOCIETE LACTO DISTRIBUTION;;;;INACTIVE_CUSTOMER
27003720;CS;14;14;STE FRERES AYADI DISTRIBUTION NORD OUEST;;;;INACTIVE_CUSTOMER
27003721;CS;19;19;STE GENERAL DE DISTRIBUTION;;;;INACTIVE_CUSTOMER
27003722;CS;7;7;STE NOUR DISTRIBUTION CENTRALE;;;;INACTIVE_CUSTOMER
27003723;CS;12;12;SOCIETE OMNI COMMERCE ET DISTRIBUTION;;;;INACTIVE_CUSTOMER
27003724;CS;10;10;STE LES FRERES MANSOUR DISTRIBUTION;;;;INACTIVE_CUSTOMER
27003725;CS;25;25;SOCIETE ATLAS LAIT DISTRIBUTION;;;;INACTIVE_CUSTOMER
27003726;CS;23;23;STE KARIM BEN SALAH COMMERCE;;;;INACTIVE_CUSTOMER
27003727;CS;6;6;SOCIETE MEDITERRANEE PRODUITS LAITIERS;;;;INACTIVE_CUSTOMER
27003728;CS;28;28;SOCIETE UNION DES GROSSISTES TUNIS;;;;INACTIVE_CUSTOMER
27003729;CS;16;16;STE SALAH HAMROUNI COMMERCE EN GROS;;;;INACTIVE_CUSTOMER
27003730;CS;16;16;STE MOHAMED TRABELSI DISTRIBUTION SUD;;;;INACTIVE_CUSTOMER
27003731;CS;2;2;MOHAMED AMINE MARAOUI SFAX 2;;;;INACTIVE_CUSTOMER
27003732;CS;6;6;SOCIETE LACTO DISTRIBUTION;;;;INACTIVE_CUSTOMER
27003733;CS;8;8;STE FRERES AYADI DISTRIBUTION NORD OUEST;;;;INACTIVE_CUSTOMER
27003734;CS;24;24;STE GENERAL DE DISTRIBUTION;;;;INACTIVE_CUSTOMER
27003735;CS;26;26;STE NOUR DISTRIBUTION CENTRALE;;;;INACTIVE_CUSTOMER
27003736;CS;6;6;SOCIETE OMNI COMMERCE ET DISTRIBUTION;;;;INACTIVE_CUSTOMER
27003737;CS;16;16;STE LES FRERES MANSOUR DISTRIBUTION;;;;INACTIVE_CUSTOMER
27003738;CS;28;28;SOCIETE ATLAS LAIT DISTRIBUTION;;;;INACTIVE_CUSTOMER
27003739;CS;18;18;STE KARIM BEN SALAH COMMERCE;;;;INACTIVE_CUSTOMER
27003740;CS;27;27;SOCIETE MEDITERRANEE PRODUITS LAITIERS;;;;INACTIVE_CUSTOMER
27003741;CS;29;29;SOCIETE UNION DES GROSSISTES TUNIS;;;;INACTIVE_CUSTOMER
27003742;CS;2;2;STE SALAH HAMROUNI COMMERCE EN GROS;;;;INACTIVE_CUSTOMER
27003743;CS;29;29;STE MOHAMED TRABELSI DISTRIBUTION SUD;;;;INACTIVE_CUSTOMER
27003744;CS;14;14;MOHAMED AMINE MARAOUI SFAX 2;;;;INACTIVE_CUSTOMER
27003745;CS;14;14;SOCIETE LACTO DISTRIBUTION;;;;INACTIVE_CUSTOMER
27003746;CS;1;1;STE FRERES AYADI DISTRIBUTION NORD OUEST;;;;INACTIVE_CUSTOMER
27003747;CS;21;21;STE GENERAL DE DISTRIBUTION;;;;INACTIVE_CUSTOMER
27003748;CS;6;6;STE NOUR DISTRIBUTION CENTRALE;;;;INACTIVE_CUSTOMER
27003749;CS;26;26;SOCIETE OMNI COMMERCE ET DISTRIBUTION;;;;INACTIVE_CUSTOMER
27003750;CS;11;11;STE LES FRERES MANSOUR DISTRIBUTION;;;;INACTIVE_CUSTOMER
27003751;CS;9;9;SOCIETE ATLAS LAIT DISTRIBUTION;;;;INACTIVE_CUSTOMER
27003752;CS;15;15;STE KARIM BEN SALAH COMMERCE;;;;INACTIVE_CUSTOMER
27003753;CS;19;19;SOCIETE MEDITERRANEE PRODUITS LAITIERS;;;;INACTIVE_CUSTOMER
27003754;CS;27;27;SOCIETE UNION DES GROSSISTES TUNIS;;;;INACTIVE_CUSTOMER
27003755;CS;9;9;STE SALAH HAMROUNI COMMERCE EN GROS;;;;INACTIVE_CUSTOMER
27003756;CS;29;29;STE MOHAMED TRABELSI DISTRIBUTION SUD;;;;INACTIVE_CUSTOMER
27003757;CS;12;12;MOHAMED AMINE MARAOUI SFAX 2;;;;INACTIVE_CUSTOMER
27003758;CS;4;4;SOCIETE LACTO DISTRIBUTION;;;;INACTIVE_CUSTOMER
27003759;CS;30;30;STE FRERES AYADI DISTRIBUTION NORD OUEST;;;;INACTIVE_CUSTOMER
27003760;CS;14;14;STE GENERAL DE DISTRIBUTION;;;;INACTIVE_CUSTOMER
27003761;CS;12;12;STE NOUR DISTRIBUTION CENTRALE;;;;INACTIVE_CUSTOMER
27003762;CS;29;29;SOCIETE OMNI COMMERCE ET DISTRIBUTION;;;;INACTIVE_CUSTOMER
27003763;CS;20;20;STE LES FRERES MANSOUR DISTRIBUTION;;;;INACTIVE_CUSTOMER
27003764;CS;3;3;SOCIETE ATLAS LAIT DISTRIBUTION;;;;INACTIVE_CUSTOMER
27003765;CS;23;23;STE KARIM BEN SALAH COMMERCE;;;;INACTIVE_CUSTOMER
27003766;CS;17;17;SOCIETE MEDITERRANEE PRODUITS LAITIERS;;;;INACTIVE_CUSTOMER
27003767;CS;6;6;SOCIETE UNION DES GROSSISTES TUNIS;;;;INACTIVE_CUSTOMER
27003768;CS;17;17;STE SALAH HAMROUNI COMMERCE EN GROS;;;;INACTIVE_CUSTOMER
27003769;CS;24;24;STE MOHAMED TRABELSI DISTRIBUTION SUD;;;;INACTIVE_CUSTOMER
27003770;CS;21;21;MOHAMED AMINE MARAOUI SFAX 2;;;;INACTIVE_CUSTOMER
27003771;CS;18;18;SOCIETE LACTO DISTRIBUTION;;;;INACTIVE_CUSTOMER
27003772;CS;29;29;STE FRERES AYADI DISTRIBUTION NORD OUEST;;;;INACTIVE_CUSTOMER
27003773;CS;2;2;STE GENERAL DE DISTRIBUTION;;;;INACTIVE_CUSTOMER
27003774;CS;9;9;STE NOUR DISTRIBUTION CENTRALE;;;;INACTIVE_CUSTOMER
27003775;CS;13;13;SOCIETE OMNI COMMERCE ET DISTRIBUTION;;;;INACTIVE_CUSTOMER
27003776;CS;5;5;STE LES FRERES MANSOUR DISTRIBUTION;;;;INACTIVE_CUSTOMER
27003777;CS;27;27;SOCIETE ATLAS LAIT DISTRIBUTION;;;;INACTIVE_CUSTOMER
27003778;CS;17;17;STE KARIM BEN SALAH COMMERCE;;;;INACTIVE_CUSTOMER
27003779;CS;27;27;SOCIETE MEDITERRANEE PRODUITS LAITIERS;;;;INACTIVE_CUSTOMER
27003780;CS;5;5;SOCIETE UNION DES GROSSISTES TUNIS;;;;INACTIVE_CUSTOMER
27003781;CS;10;10;STE SALAH HAMROUNI COMMERCE EN GROS;;;;INACTIVE_CUSTOMER
27003782;CS;29;29;STE MOHAMED TRABELSI DISTRIBUTION SUD;;;;INACTIVE_CUSTOMER
27003783;CS;23;23;MOHAMED AMINE MARAOUI SFAX 2;;;;INACTIVE_CUSTOMER
27003784;CS;6;6;SOCIETE LACTO DISTRIBUTION;;;;INACTIVE_CUSTOMER
27003785;CS;26;26;STE FRERES AYADI DISTRIBUTION NORD OUEST;;;;INACTIVE_CUSTOMER
27003786;CS;19;19;STE GENERAL DE DISTRIBUTION;;;;INACTIVE_CUSTOMER
27003787;CS;10;10;STE NOUR DISTRIBUTION CENTRALE;;;;INACTIVE_CUSTOMER
27003788;CS;11;11;SOCIETE OMNI COMMERCE ET DISTRIBUTION;;;;INACTIVE_CUSTOMER
27003789;CS;9;9;STE LES FRERES MANSOUR DISTRIBUTION;;;;INACTIVE_CUSTOMER
27003790;CS;24;24;SOCIETE ATLAS LAIT DISTRIBUTION;;;;INACTIVE_CUSTOMER
27003791;CS;18;18;STE KARIM BEN SALAH COMMERCE;;;;INACTIVE_CUSTOMER
27003792;CS;3;3;SOCIETE MEDITERRANEE PRODUITS LAITIERS;;;;INACTIVE_CUSTOMER
27003793;CS;15;15;SOCIETE UNION DES GROSSISTES TUNIS;;;;INACTIVE_CUSTOMER
27003794;CS;22;22;STE SALAH HAMROUNI COMMERCE EN GROS;;;;INACTIVE_CUSTOMER
27003795;CS;23;23;STE MOHAMED TRABELSI DISTRIBUTION SUD;;;;INACTIVE_CUSTOMER
27003796;CS;17;17;MOHAMED AMINE MARAOUI SFAX 2;;;;INACTIVE_CUSTOMER
27003797;CS;5;5;SOCIETE LACTO DISTRIBUTION;;;;INACTIVE_CUSTOMER
27003798;CS;27;27;STE FRERES AYADI DISTRIBUTION NORD OUEST;;;;INACTIVE_CUSTOMER
27003799;CS;16;16;STE GENERAL DE DISTRIBUTION;;;;INACTIVE_CUSTOMER
27003800;CS;10;10;STE NOUR DISTRIBUTION CENTRALE;;;;INACTIVE_CUSTOMER
27003801;CS;21;21;SOCIETE OMNI COMMERCE ET DISTRIBUTION;;;;INACTIVE_CUSTOMER
27003802;CS;15;15;STE LES FRERES MANSOUR DISTRIBUTION;;;;INACTIVE_CUSTOMER
27003803;CS;4;4;SOCIETE ATLAS LAIT DISTRIBUTION;;;;INACTIVE_CUSTOMER
27003804;CS;12;12;STE KARIM BEN SALAH COMMERCE;;;;INACTIVE_CUSTOMER
27003805;CS;2;2;SOCIETE MEDITERRANEE PRODUITS LAITIERS;;;;INACTIVE_CUSTOMER
27003806;CS;15;15;SOCIETE UNION DES GROSSISTES TUNIS;;;;INACTIVE_CUSTOMER
27003807;CS;30;30;STE SALAH HAMROUNI COMMERCE EN GROS;;;;INACTIVE_CUSTOMER
27003808;CS;9;9;STE MOHAMED TRABELSI DISTRIBUTION SUD;;;;INACTIVE_CUSTOMER
27003809;CS;4;4;MOHAMED AMINE MARAOUI SFAX 2;;;;INACTIVE_CUSTOMER
27003810;CS;1;1;SOCIETE LACTO DISTRIBUTION;;;;INACTIVE_CUSTOMER
27003811;CS;20;20;STE FRERES AYADI DISTRIBUTION NORD OUEST;;;;INACTIVE_CUSTOMER
27003812;CS;17;17;STE GENERAL DE DISTRIBUTION;;;;INACTIVE_CUSTOMER
27003813;CS;13;13;STE NOUR DISTRIBUTION CENTRALE;;;;INACTIVE_CUSTOMER
27003814;CS;14;14;SOCIETE OMNI COMMERCE ET DISTRIBUTION;;;;INACTIVE_CUSTOMER
27003815;CS;3;3;STE LES FRERES MANSOUR DISTRIBUTION;;;;INACTIVE_CUSTOMER
27003816;CS;26;26;SOCIETE ATLAS LAIT DISTRIBUTION;;;;INACTIVE_CUSTOMER
27003817;CS;8;8;STE KARIM BEN SALAH COMMERCE;;;;INACTIVE_CUSTOMER
27003818;CS;21;21;SOCIETE MEDITERRANEE PRODUITS LAITIERS;;;;INACTIVE_CUSTOMER
27003819;CS;22;22;SOCIETE UNION DES GROSSISTES TUNIS;;;;INACTIVE_CUSTOMER
27003820;CS;9;9;STE SALAH HAMROUNI COMMERCE EN GROS;;;;INACTIVE_CUSTOMER
27003821;CS;19;19;STE MOHAMED TRABELSI DISTRIBUTION SUD;;;;INACTIVE_CUSTOMER
27003822;CS;16;16;MOHAMED AMINE MARAOUI SFAX 2;;;;INACTIVE_CUSTOMER
27003823;CS;15;15;SOCIETE LACTO DISTRIBUTION;;;;INACTIVE_CUSTOMER
27003824;CS;15;15;STE FRERES AYADI DISTRIBUTION NORD OUEST;;;;INACTIVE_CUSTOMER
27003825;CS;6;6;STE GENERAL DE DISTRIBUTION;;;;INACTIVE_CUSTOMER
27003826;CS;27;27;STE NOUR DISTRIBUTION CENTRALE;;;;INACTIVE_CUSTOMER
27003827;CS;21;21;SOCIETE OMNI COMMERCE ET DISTRIBUTION;;;;INACTIVE_CUSTOMER
27003828;CS;30;30;STE LES FRERES MANSOUR DISTRIBUTION;;;;INACTIVE_CUSTOMER
27003829;CS;5;5;SOCIETE ATLAS LAIT DISTRIBUTION;;;;INACTIVE_CUSTOMER
27003830;CS;12;12;STE KARIM BEN SALAH COMMERCE;;;;INACTIVE_CUSTOMER
27003831;CS;8;8;SOCIETE MEDITERRANEE PRODUITS LAITIERS;;;;INACTIVE_CUSTOMER
27003832;CS;26;26;SOCIETE UNION DES GROSSISTES TUNIS;;;;INACTIVE_CUSTOMER
27003833;CS;13;13;STE SALAH HAMROUNI COMMERCE EN GROS;;;;INACTIVE_CUSTOMER
27003834;CS;4;4;STE MOHAMED TRABELSI DISTRIBUTION SUD;;;;INACTIVE_CUSTOMER
27003835;CS;13;13;MOHAMED AMINE MARAOUI SFAX 2;;;;INACTIVE_CUSTOMER
27003836;CS;25;25;SOCIETE LACTO DISTRIBUTION;;;;INACTIVE_CUSTOMER
27003837;CS;19;19;STE FRERES AYADI DISTRIBUTION NORD OUEST;;;;INACTIVE_CUSTOMER
27003838;CS;12;12;STE GENERAL DE DISTRIBUTION;;;;INACTIVE_CUSTOMER
27003839;CS;7;7;STE NOUR DISTRIBUTION CENTRALE;;;;INACTIVE_CUSTOMER
27003840;CS;1;1;SOCIETE OMNI COMMERCE ET DISTRIBUTION;;;;INACTIVE_CUSTOMER
27003841;CS;26;26;STE LES FRERES MANSOUR DISTRIBUTION;;;;INACTIVE_CUSTOMER
27003842;CS;29;29;SOCIETE ATLAS LAIT DISTRIBUTION;;;;INACTIVE_CUSTOMER
27003843;CS;26;26;STE KARIM BEN SALAH COMMERCE;;;;INACTIVE_CUSTOMER
27003844;CS;7;7;SOCIETE MEDITERRANEE PRODUITS LAITIERS;;;;INACTIVE_CUSTOMER
27003845;CS;29;29;SOCIETE UNION DES GROSSISTES TUNIS;;;;INACTIVE_CUSTOMER
27003846;CS;23;23;STE SALAH HAMROUNI COMMERCE EN GROS;;;;INACTIVE_CUSTOMER
27003847;CS;10;10;STE MOHAMED TRABELSI DISTRIBUTION SUD;;;;INACTIVE_CUSTOMER
27003848;CS;21;21;MOHAMED AMINE MARAOUI SFAX 2;;;;INACTIVE_CUSTOMER
27003849;CS;9;9;SOCIETE LACTO DISTRIBUTION;;;;INACTIVE_CUSTOMER
27003850;CS;5;5;STE FRERES AYADI DISTRIBUTION NORD OUEST;;;;INACTIVE_CUSTOMER
27003851;CS;21;21;STE GENERAL DE DISTRIBUTION;;;;INACTIVE_CUSTOMER
27003852;CS;18;18;STE NOUR DISTRIBUTION CENTRALE;;;;INACTIVE_CUSTOMER
27003853;CS;21;21;SOCIETE OMNI COMMERCE ET DISTRIBUTION;;;;INACTIVE_CUSTOMER
27003854;CS;16;16;STE LES FRERES MANSOUR DISTRIBUTION;;;;INACTIVE_CUSTOMER
27003855;CS;29;29;SOCIETE ATLAS LAIT DISTRIBUTION;;;;INACTIVE_CUSTOMER
27003856;CS;3;3;STE KARIM BEN SALAH COMMERCE;;;;INACTIVE_CUSTOMER
27003857;CS;30;30;SOCIETE MEDITERRANEE PRODUITS LAITIERS;;;;INACTIVE_CUSTOMER
27003858;CS;25;25;SOCIETE UNION DES GROSSISTES TUNIS;;;;INACTIVE_CUSTOMER
27003859;CS;8;8;STE SALAH HAMROUNI COMMERCE EN GROS;;;;INACTIVE_CUSTOMER
27003860;CS;21;21;STE MOHAMED TRABELSI DISTRIBUTION SUD;;;;INACTIVE_CUSTOMER
27003861;CS;11;11;MOHAMED AMINE MARAOUI SFAX 2;;;;INACTIVE_CUSTOMER
27003862;CS;14;14;SOCIETE LACTO DISTRIBUTION;;;;INACTIVE_CUSTOMER
27003863;CS;20;20;STE FRERES AYADI DISTRIBUTION NORD OUEST;;;;INACTIVE_CUSTOMER
27003864;CS;16;16;STE GENERAL DE DISTRIBUTION;;;;INACTIVE_CUSTOMER
27003865;CS;20;20;STE NOUR DISTRIBUTION CENTRALE;;;;INACTIVE_CUSTOMER
27003866;CS;20;20;SOCIETE OMNI COMMERCE ET DISTRIBUTION;;;;INACTIVE_CUSTOMER
27003867;CS;19;19;STE LES FRERES MANSOUR DISTRIBUTION;;;;INACTIVE_CUSTOMER
27003868;CS;26;26;SOCIETE ATLAS LAIT DISTRIBUTION;;;;INACTIVE_CUSTOMER
27003869;CS;27;27;STE KARIM BEN SALAH COMMERCE;;;;INACTIVE_CUSTOMER
27003870;CS;10;10;SOCIETE MEDITERRANEE PRODUITS LAITIERS;;;;INACTIVE_CUSTOMER
27003871;CS;8;8;SOCIETE UNION DES GROSSISTES TUNIS;;;;INACTIVE_CUSTOMER
27003872;CS;18;18;STE SALAH HAMROUNI COMMERCE EN GROS;;;;INACTIVE_CUSTOMER
27003873;CS;18;18;STE MOHAMED TRABELSI DISTRIBUTION SUD;;;;INACTIVE_CUSTOMER
27003874;CS;28;28;MOHAMED AMINE MARAOUI SFAX 2;;;;INACTIVE_CUSTOMER
27003875;CS;19;19;SOCIETE LACTO DISTRIBUTION;;;;INACTIVE_CUSTOMER
27003876;CS;7;7;STE FRERES AYADI DISTRIBUTION NORD OUEST;;;;INACTIVE_CUSTOMER
27003877;CS;12;12;STE GENERAL DE DISTRIBUTION;;;;INACTIVE_CUSTOMER
27003878;CS;3;3;STE NOUR DISTRIBUTION CENTRALE;;;;INACTIVE_CUSTOMER
27003879;CS;6;6;SOCIETE OMNI COMMERCE ET DISTRIBUTION;;;;INACTIVE_CUSTOMER
27003880;CS;5;5;STE LES FRERES MANSOUR DISTRIBUTION;;;;INACTIVE_CUSTOMER
27003881;CS;20;20;SOCIETE ATLAS LAIT DISTRIBUTION;;;;INACTIVE_CUSTOMER
27003882;CS;23;23;STE KARIM BEN SALAH COMMERCE;;;;INACTIVE_CUSTOMER
27003883;CS;27;27;SOCIETE MEDITERRANEE PRODUITS LAITIERS;;;;INACTIVE_CUSTOMER
27003884;CS;17;17;SOCIETE UNION DES GROSSISTES TUNIS;;;;INACTIVE_CUSTOMER
27003885;CS;29;29;STE SALAH HAMROUNI COMMERCE EN GROS;;;;INACTIVE_CUSTOMER
27003886;CS;9;9;STE MOHAMED TRABELSI DISTRIBUTION SUD;;;;INACTIVE_CUSTOMER
27003887;CS;25;25;MOHAMED AMINE MARAOUI SFAX 2;;;;INACTIVE_CUSTOMER
27003888;CS;17;17;SOCIETE LACTO DISTRIBUTION;;;;INACTIVE_CUSTOMER
27003889;CS;18;18;STE FRERES AYADI DISTRIBUTION NORD OUEST;;;;INACTIVE_CUSTOMER
27003890;CS;26;26;STE GENERAL DE DISTRIBUTION;;;;INACTIVE_CUSTOMER
27003891;CS;6;6;STE NOUR DISTRIBUTION CENTRALE;;;;INACTIVE_CUSTOMER
27003892;CS;28;28;SOCIETE OMNI COMMERCE ET DISTRIBUTION;;;;INACTIVE_CUSTOMER
27003893;CS;24;24;STE LES FRERES MANSOUR DISTRIBUTION;;;;INACTIVE_CUSTOMER
27003894;CS;24;24;SOCIETE ATLAS LAIT DISTRIBUTION;;;;INACTIVE_CUSTOMER
27003895;CS;8;8;STE KARIM BEN SALAH COMMERCE;;;;INACTIVE_CUSTOMER
27003896;CS;20;20;SOCIETE MEDITERRANEE PRODUITS LAITIERS;;;;INACTIVE_CUSTOMER
27003897;CS;30;30;SOCIETE UNION DES GROSSISTES TUNIS;;;;INACTIVE_CUSTOMER
27003898;CS;1;1;STE SALAH HAMROUNI COMMERCE EN GROS;;;;INACTIVE_CUSTOMER
27003899;CS;12;12;STE MOHAMED TRABELSI DISTRIBUTION SUD;;;;INACTIVE_CUSTOMER
27003900;CS;3;3;MOHAMED AMINE MARAOUI SFAX 2;;;;INACTIVE_CUSTOMER
27003901;CS;2;2;SOCIETE LACTO DISTRIBUTION;;;;INACTIVE_CUSTOMER
27003902;CS;30;30;STE FRERES AYADI DISTRIBUTION NORD OUEST;;;;INACTIVE_CUSTOMER
27003903;CS;16;16;STE GENERAL DE DISTRIBUTION;;;;INACTIVE_CUSTOMER
27003904;CS;21;21;STE NOUR DISTRIBUTION CENTRALE;;;;INACTIVE_CUSTOMER
27003905;CS;11;11;SOCIETE OMNI COMMERCE ET DISTRIBUTION;;;;INACTIVE_CUSTOMER
27003906;CS;9;9;STE LES FRERES MANSOUR DISTRIBUTION;;;;INACTIVE_CUSTOMER
27003907;CS;30;30;SOCIETE ATLAS LAIT DISTRIBUTION;;;;INACTIVE_CUSTOMER
27003908;CS;24;24;STE KARIM BEN SALAH COMMERCE;;;;INACTIVE_CUSTOMER
27003909;CS;8;8;SOCIETE MEDITERRANEE PRODUITS LAITIERS;;;;INACTIVE_CUSTOMER
27003910;CS;15;15;SOCIETE UNION DES GROSSISTES TUNIS;;;;INACTIVE_CUSTOMER
27003911;CS;3;3;STE SALAH HAMROUNI COMMERCE EN GROS;;;;INACTIVE_CUSTOMER
27003912;CS;5;5;STE MOHAMED TRABELSI DISTRIBUTION SUD;;;;INACTIVE_CUSTOMER
27003913;CS;25;25;MOHAMED AMINE MARAOUI SFAX 2;;;;INACTIVE_CUSTOMER
27003914;CS;14;14;SOCIETE LACTO DISTRIBUTION;;;;INACTIVE_CUSTOMER
27003915;CS;7;7;STE FRERES AYADI DISTRIBUTION NORD OUEST;;;;INACTIVE_CUSTOMER
27003916;CS;29;29;STE GENERAL DE DISTRIBUTION;;;;INACTIVE_CUSTOMER
27003917;CS;28;28;STE NOUR DISTRIBUTION CENTRALE;;;;INACTIVE_CUSTOMER
27003918;CS;7;7;SOCIETE OMNI COMMERCE ET DISTRIBUTION;;;;INACTIVE_CUSTOMER
27003919;CS;5;5;STE LES FRERES MANSOUR DISTRIBUTION;;;;INACTIVE_CUSTOMER
27003920;CS;7;7;SOCIETE ATLAS LAIT DISTRIBUTION;;;;INACTIVE_CUSTOMER
27003921;CS;9;9;STE KARIM BEN SALAH COMMERCE;;;;INACTIVE_CUSTOMER
27003922;CS;20;20;SOCIETE MEDITERRANEE PRODUITS LAITIERS;;;;INACTIVE_CUSTOMER
27003923;CS;1;1;SOCIETE UNION DES GROSSISTES TUNIS;;;;INACTIVE_CUSTOMER
27003924;CS;11;11;STE SALAH HAMROUNI COMMERCE EN GROS;;;;INACTIVE_CUSTOMER
27003925;CS;21;21;STE MOHAMED TRABELSI DISTRIBUTION SUD;;;;INACTIVE_CUSTOMER
27003926;CS;5;5;MOHAMED AMINE MARAOUI SFAX 2;;;;INACTIVE_CUSTOMER
27003927;CS;30;30;SOCIETE LACTO DISTRIBUTION;;;;INACTIVE_CUSTOMER
27003928;CS;15;15;STE FRERES AYADI DISTRIBUTION NORD OUEST;;;;INACTIVE_CUSTOMER
27003929;CS;25;25;STE GENERAL DE DISTRIBUTION;;;;INACTIVE_CUSTOMER
27003930;CS;19;19;STE NOUR DISTRIBUTION CENTRALE;;;;INACTIVE_CUSTOMER
27003931;CS;12;12;SOCIETE OMNI COMMERCE ET DISTRIBUTION;;;;INACTIVE_CUSTOMER
27003932;CS;13;13;STE LES FRERES MANSOUR DISTRIBUTION;;;;INACTIVE_CUSTOMER
27003933;CS;17;17;SOCIETE ATLAS LAIT DISTRIBUTION;;;;INACTIVE_CUSTOMER
27003934;CS;21;21;STE KARIM BEN SALAH COMMERCE;;;;INACTIVE_CUSTOMER
27003935;CS;2;2;SOCIETE MEDITERRANEE PRODUITS LAITIERS;;;;INACTIVE_CUSTOMER
27003936;CS;24;24;SOCIETE UNION DES GROSSISTES TUNIS;;;;INACTIVE_CUSTOMER
27003937;CS;28;28;STE SALAH HAMROUNI COMMERCE EN GROS;;;;INACTIVE_CUSTOMER
27003938;CS;13;13;STE MOHAMED TRABELSI DISTRIBUTION SUD;;;;INACTIVE_CUSTOMER
27003939;CS;16;16;MOHAMED AMINE MARAOUI SFAX 2;;;;INACTIVE_CUSTOMER
27003940;CS;17;17;SOCIETE LACTO DISTRIBUTION;;;;INACTIVE_CUSTOMER
27003941;CS;8;8;STE FRERES AYADI DISTRIBUTION NORD OUEST;;;;INACTIVE_CUSTOMER
27003942;CS;21;21;STE GENERAL DE DISTRIBUTION;;;;INACTIVE_CUSTOMER
27003943;CS;3;3;STE NOUR DISTRIBUTION CENTRALE;;;;INACTIVE_CUSTOMER
27003944;CS;3;3;SOCIETE OMNI COMMERCE ET DISTRIBUTION;;;;INACTIVE_CUSTOMER
27003945;CS;24;24;STE LES FRERES MANSOUR DISTRIBUTION;;;;INACTIVE_CUSTOMER
27003946;CS;26;26;SOCIETE ATLAS LAIT DISTRIBUTION;;;;INACTIVE_CUSTOMER
27003947;CS;3;3;STE KARIM BEN SALAH COMMERCE;;;;INACTIVE_CUSTOMER
27003948;CS;17;17;SOCIETE MEDITERRANEE PRODUITS LAITIERS;;;;INACTIVE_CUSTOMER
27003949;CS;27;27;SOCIETE UNION DES GROSSISTES TUNIS;;;;INACTIVE_CUSTOMER
27003950;CS;23;23;STE SALAH HAMROUNI COMMERCE EN GROS;;;;INACTIVE_CUSTOMER
27003951;CS;11;11;STE MOHAMED TRABELSI DISTRIBUTION SUD;;;;INACTIVE_CUSTOMER
27003952;CS;26;26;MOHAMED AMINE MARAOUI SFAX 2;;;;INACTIVE_CUSTOMER
27003953;CS;3;3;SOCIETE LACTO DISTRIBUTION;;;;INACTIVE_CUSTOMER
27003954;CS;14;14;STE FRERES AYADI DISTRIBUTION NORD OUEST;;;;INACTIVE_CUSTOMER
27003955;CS;9;9;STE GENERAL DE DISTRIBUTION;;;;INACTIVE_CUSTOMER
27003956;CS;30;30;STE NOUR DISTRIBUTION CENTRALE;;;;INACTIVE_CUSTOMER
27003957;CS;29;29;SOCIETE OMNI COMMERCE ET DISTRIBUTION;;;;INACTIVE_CUSTOMER
27003958;CS;7;7;STE LES FRERES MANSOUR DISTRIBUTION;;;;INACTIVE_CUSTOMER
27003959;CS;23;23;SOCIETE ATLAS LAIT DISTRIBUTION;;;;INACTIVE_CUSTOMER
27003960;CS;9;9;STE KARIM BEN SALAH COMMERCE;;;;INACTIVE_CUSTOMER
27003961;CS;25;25;SOCIETE MEDITERRANEE PRODUITS LAITIERS;;;;INACTIVE_CUSTOMER
27003962;CS;12;12;SOCIETE UNION DES GROSSISTES TUNIS;;;;INACTIVE_CUSTOMER
27003963;CS;30;30;STE SALAH HAMROUNI COMMERCE EN GROS;;;;INACTIVE_CUSTOMER
27003964;CS;16;16;STE MOHAMED TRABELSI DISTRIBUTION SUD;;;;INACTIVE_CUSTOMER
27003965;CS;15;15;MOHAMED AMINE MARAOUI SFAX 2;;;;INACTIVE_CUSTOMER
27003966;CS;22;22;SOCIETE LACTO DISTRIBUTION;;;;INACTIVE_CUSTOMER
27003967;CS;8;8;STE FRERES AYADI DISTRIBUTION NORD OUEST;;;;INACTIVE_CUSTOMER
27003968;CS;21;21;STE GENERAL DE DISTRIBUTION;;;;INACTIVE_CUSTOMER
27003969;CS;6;6;STE NOUR DISTRIBUTION CENTRALE;;;;INACTIVE_CUSTOMER
27003970;CS;21;21;SOCIETE OMNI COMMERCE ET DISTRIBUTION;;;;INACTIVE_CUSTOMER
27003971;CS;19;19;STE LES FRERES MANSOUR DISTRIBUTION;;;;INACTIVE_CUSTOMER
27003972;CS;18;18;SOCIETE ATLAS LAIT DISTRIBUTION;;;;INACTIVE_CUSTOMER
27003973;CS;16;16;STE KARIM BEN SALAH COMMERCE;;;;INACTIVE_CUSTOMER
27003974;CS;5;5;SOCIETE MEDITERRANEE PRODUITS LAITIERS;;;;INACTIVE_CUSTOMER
27003975;CS;25;25;SOCIETE UNION DES GROSSISTES TUNIS;;;;INACTIVE_CUSTOMER
27003976;CS;13;13;STE SALAH HAMROUNI COMMERCE EN GROS;;;;INACTIVE_CUSTOMER
27003977;CS;25;25;STE MOHAMED TRABELSI DISTRIBUTION SUD;;;;INACTIVE_CUSTOMER
27003978;CS;27;27;MOHAMED AMINE MARAOUI SFAX 2;;;;INACTIVE_CUSTOMER
27003979;CS;10;10;SOCIETE LACTO DISTRIBUTION;;;;INACTIVE_CUSTOMER
27003980;CS;29;29;STE FRERES AYADI DISTRIBUTION NORD OUEST;;;;INACTIVE_CUSTOMER
27003981;CS;24;24;STE GENERAL DE DISTRIBUTION;;;;INACTIVE_CUSTOMER
27003982;CS;28;28;STE NOUR DISTRIBUTION CENTRALE;;;;INACTIVE_CUSTOMER
27003983;CS;29;29;SOCIETE OMNI COMMERCE ET DISTRIBUTION;;;;INACTIVE_CUSTOMER
27003984;CS;13;13;STE LES FRERES MANSOUR DISTRIBUTION;;;;INACTIVE_CUSTOMER
27003985;CS;2;2;SOCIETE ATLAS LAIT DISTRIBUTION;;;;INACTIVE_CUSTOMER
27003986;CS;25;25;STE KARIM BEN SALAH COMMERCE;;;;INACTIVE_CUSTOMER
27003987;CS;12;12;SOCIETE MEDITERRANEE PRODUITS LAITIERS;;;;INACTIVE_CUSTOMER
27003988;CS;16;16;SOCIETE UNION DES GROSSISTES TUNIS;;;;INACTIVE_CUSTOMER
27003989;CS;5;5;STE SALAH HAMROUNI COMMERCE EN GROS;;;;INACTIVE_CUSTOMER
27003990;CS;11;11;STE MOHAMED TRABELSI DISTRIBUTION SUD;;;;INACTIVE_CUSTOMER
27003991;CS;29;29;MOHAMED AMINE MARAOUI SFAX 2;;;;INACTIVE_CUSTOMER
27003992;CS;6;6;SOCIETE LACTO DISTRIBUTION;;;;INACTIVE_CUSTOMER
27003993;CS;21;21;STE FRERES AYADI DISTRIBUTION NORD OUEST;;;;INACTIVE_CUSTOMER
27003994;CS;22;22;STE GENERAL DE DISTRIBUTION;;;;INACTIVE_CUSTOMER
27003995;CS;24;24;STE NOUR DISTRIBUTION CENTRALE;;;;INACTIVE_CUSTOMER
27003996;CS;30;30;SOCIETE OMNI COMMERCE ET DISTRIBUTION;;;;INACTIVE_CUSTOMER
27003997;CS;11;11;STE LES FRERES MANSOUR DISTRIBUTION;;;;INACTIVE_CUSTOMER
27003998;CS;24;24;SOCIETE ATLAS LAIT DISTRIBUTION;;;;INACTIVE_CUSTOMER
27003999;CS;28;28;STE KARIM BEN SALAH COMMERCE;;;;INACTIVE_CUSTOMER
27004000;CS;7;7;SOCIETE MEDITERRANEE PRODUITS LAITIERS;;;;INACTIVE_CUSTOMER
27004001;CS;24;24;SOCIETE UNION DES GROSSISTES TUNIS;;;;INACTIVE_CUSTOMER
27004002;CS;20;20;STE SALAH HAMROUNI COMMERCE EN GROS;;;;INACTIVE_CUSTOMER
27004003;CS;12;12;STE MOHAMED TRABELSI DISTRIBUTION SUD;;;;INACTIVE_CUSTOMER
27004004;CS;10;10;MOHAMED AMINE MARAOUI SFAX 2;;;;INACTIVE_CUSTOMER
27004005;CS;26;26;SOCIETE LACTO DISTRIBUTION;;;;INACTIVE_CUSTOMER
27004006;CS;24;24;STE FRERES AYADI DISTRIBUTION NORD OUEST;;;;INACTIVE_CUSTOMER
27004007;CS;30;30;STE GENERAL DE DISTRIBUTION;;;;INACTIVE_CUSTOMER
27004008;CS;26;26;STE NOUR DISTRIBUTION CENTRALE;;;;INACTIVE_CUSTOMER
27004009;CS;25;25;SOCIETE OMNI COMMERCE ET DISTRIBUTION;;;;INACTIVE_CUSTOMER
27004010;CS;10;10;STE LES FRERES MANSOUR DISTRIBUTION;;;;INACTIVE_CUSTOMER
27004011;CS;20;20;SOCIETE ATLAS LAIT DISTRIBUTION;;;;INACTIVE_CUSTOMER
27004012;CS;7;7;STE KARIM BEN SALAH COMMERCE;;;;INACTIVE_CUSTOMER
27004013;CS;27;27;SOCIETE MEDITERRANEE PRODUITS LAITIERS;;;;INACTIVE_CUSTOMER
27004014;CS;14;14;SOCIETE UNION DES GROSSISTES TUNIS;;;;INACTIVE_CUSTOMER
27004015;CS;20;20;STE SALAH HAMROUNI COMMERCE EN GROS;;;;INACTIVE_CUSTOMER
27004016;CS;2;2;STE MOHAMED TRABELSI DISTRIBUTION SUD;;;;INACTIVE_CUSTOMER
27004017;CS;30;30;MOHAMED AMINE MARAOUI SFAX 2;;;;INACTIVE_CUSTOMER
27004018;CS;29;29;SOCIETE LACTO DISTRIBUTION;;;;INACTIVE_CUSTOMER
27004019;CS;17;17;STE FRERES AYADI DISTRIBUTION NORD OUEST;;;;INACTIVE_CUSTOMER
27004020;CS;20;20;STE GENERAL DE DISTRIBUTION;;;;INACTIVE_CUSTOMER
27004021;CS;6;6;STE NOUR DISTRIBUTION CENTRALE;;;;INACTIVE_CUSTOMER
27004022;CS;28;28;SOCIETE OMNI COMMERCE ET DISTRIBUTION;;;;INACTIVE_CUSTOMER
27004023;CS;16;16;STE LES FRERES MANSOUR DISTRIBUTION;;;;INACTIVE_CUSTOMER
27004024;CS;15;15;SOCIETE ATLAS LAIT DISTRIBUTION;;;;INACTIVE_CUSTOMER
27004025;CS;9;9;STE KARIM BEN SALAH COMMERCE;;;;INACTIVE_CUSTOMER
27004026;CS;22;22;SOCIETE MEDITERRANEE PRODUITS LAITIERS;;;;INACTIVE_CUSTOMER
27004027;CS;9;9;SOCIETE UNION DES GROSSISTES TUNIS;;;;INACTIVE_CUSTOMER
27004028;CS;1;1;STE SALAH HAMROUNI COMMERCE EN GROS;;;;INACTIVE_CUSTOMER
27004029;CS;20;20;STE MOHAMED TRABELSI DISTRIBUTION SUD;;;;INACTIVE_CUSTOMER
27004030;CS;27;27;MOHAMED AMINE MARAOUI SFAX 2;;;;INACTIVE_CUSTOMER
27004031;CS;16;16;SOCIETE LACTO DISTRIBUTION;;;;INACTIVE_CUSTOMER
27004032;CS;28;28;STE FRERES AYADI DISTRIBUTION NORD OUEST;;;;INACTIVE_CUSTOMER
27004033;CS;4;4;STE GENERAL DE DISTRIBUTION;;;;INACTIVE_CUSTOMER
27004034;CS;11;11;STE NOUR DISTRIBUTION CENTRALE;;;;INACTIVE_CUSTOMER
27004035;CS;19;19;SOCIETE OMNI COMMERCE ET DISTRIBUTION;;;;INACTIVE_CUSTOMER
27004036;CS;4;4;STE LES FRERES MANSOUR DISTRIBUTION;;;;INACTIVE_CUSTOMER
27004037;CS;13;13;SOCIETE ATLAS LAIT DISTRIBUTION;;;;INACTIVE_CUSTOMER
27004038;CS;27;27;STE KARIM BEN SALAH COMMERCE;;;;INACTIVE_CUSTOMER
27004039;CS;17;17;SOCIETE MEDITERRANEE PRODUITS LAITIERS;;;;INACTIVE_CUSTOMER
27004040;CS;2;2;SOCIETE UNION DES GROSSISTES TUNIS;;;;INACTIVE_CUSTOMER
27004041;CS;21;21;STE SALAH HAMROUNI COMMERCE EN GROS;;;;INACTIVE_CUSTOMER
27004042;CS;29;29;STE MOHAMED TRABELSI DISTRIBUTION SUD;;;;INACTIVE_CUSTOMER
27004043;CS;14;14;MOHAMED AMINE MARAOUI SFAX 2;;;;INACTIVE_CUSTOMER
27004044;CS;2;2;SOCIETE LACTO DISTRIBUTION;;;;INACTIVE_CUSTOMER
27004045;CS;1;1;STE FRERES AYADI DISTRIBUTION NORD OUEST;;;;INACTIVE_CUSTOMER
27004046;CS;13;13;STE GENERAL DE DISTRIBUTION;;;;INACTIVE_CUSTOMER
27004047;CS;28;28;STE NOUR DISTRIBUTION CENTRALE;;;;INACTIVE_CUSTOMER
27004048;CS;28;28;SOCIETE OMNI COMMERCE ET DISTRIBUTION;;;;INACTIVE_CUSTOMER
27004049;CS;10;10;STE LES FRERES MANSOUR DISTRIBUTION;;;;INACTIVE_CUSTOMER
27004050;CS;15;15;SOCIETE ATLAS LAIT DISTRIBUTION;;;;INACTIVE_CUSTOMER
27004051;CS;29;29;STE KARIM BEN SALAH COMMERCE;;;;INACTIVE_CUSTOMER
27004052;CS;19;19;SOCIETE MEDITERRANEE PRODUITS LAITIERS;;;;INACTIVE_CUSTOMER
27004053;CS;20;20;SOCIETE UNION DES GROSSISTES TUNIS;;;;INACTIVE_CUSTOMER
27004054;CS;17;17;STE SALAH HAMROUNI COMMERCE EN GROS;;;;INACTIVE_CUSTOMER
27004055;CS;4;4;STE MOHAMED TRABELSI DISTRIBUTION SUD;;;;INACTIVE_CUSTOMER
27004056;CS;10;10;MOHAMED AMINE MARAOUI SFAX 2;;;;INACTIVE_CUSTOMER
27004057;CS;29;29;SOCIETE LACTO DISTRIBUTION;;;;INACTIVE_CUSTOMER
27004058;CS;11;11;STE FRERES AYADI DISTRIBUTION NORD OUEST;;;;INACTIVE_CUSTOMER
27004059;CS;7;7;STE GENERAL DE DISTRIBUTION;;;;INACTIVE_CUSTOMER
27004060;CS;29;29;STE NOUR DISTRIBUTION CENTRALE;;;;INACTIVE_CUSTOMER
27004061;CS;21;21;SOCIETE OMNI COMMERCE ET DISTRIBUTION;;;;INACTIVE_CUSTOMER
27004062;CS;10;10;STE LES FRERES MANSOUR DISTRIBUTION;;;;INACTIVE_CUSTOMER
27004063;CS;4;4;SOCIETE ATLAS LAIT DISTRIBUTION;;;;INACTIVE_CUSTOMER
27004064;CS;28;28;STE KARIM BEN SALAH COMMERCE;;;;INACTIVE_CUSTOMER
27004065;CS;7;7;SOCIETE MEDITERRANEE PRODUITS LAITIERS;;;;INACTIVE_CUSTOMER
27004066;CS;26;26;SOCIETE UNION DES GROSSISTES TUNIS;;;;INACTIVE_CUSTOMER
27004067;CS;26;26;STE SALAH HAMROUNI COMMERCE EN GROS;;;;INACTIVE_CUSTOMER
27004068;CS;23;23;STE MOHAMED TRABELSI DISTRIBUTION SUD;;;;INACTIVE_CUSTOMER
27004069;CS;15;15;MOHAMED AMINE MARAOUI SFAX 2;;;;INACTIVE_CUSTOMER
27004070;CS;1;1;SOCIETE LACTO DISTRIBUTION;;;;INACTIVE_CUSTOMER
27004071;CS;2;2;STE FRERES AYADI DISTRIBUTION NORD OUEST;;;;INACTIVE_CUSTOMER
27004072;CS;11;11;STE GENERAL DE DISTRIBUTION;;;;INACTIVE_CUSTOMER
27004073;CS;5;5;STE NOUR DISTRIBUTION CENTRALE;;;;INACTIVE_CUSTOMER
27004074;CS;26;26;SOCIETE OMNI COMMERCE ET DISTRIBUTION;;;;INACTIVE_CUSTOMER
27004075;CS;19;19;STE LES FRERES MANSOUR DISTRIBUTION;;;;INACTIVE_CUSTOMER
27004076;CS;18;18;SOCIETE ATLAS LAIT DISTRIBUTION;;;;INACTIVE_CUSTOMER
27004077;CS;28;28;STE KARIM BEN SALAH COMMERCE;;;;INACTIVE_CUSTOMER
27004078;CS;3;3;SOCIETE MEDITERRANEE PRODUITS LAITIERS;;;;INACTIVE_CUSTOMER
27004079;CS;1;1;SOCIETE UNION DES GROSSISTES TUNIS;;;;INACTIVE_CUSTOMER
27004080;CS;26;26;STE SALAH HAMROUNI COMMERCE EN GROS;;;;INACTIVE_CUSTOMER
27004081;CS;6;6;STE MOHAMED TRABELSI DISTRIBUTION SUD;;;;INACTIVE_CUSTOMER
27004082;CS;10;10;MOHAMED AMINE MARAOUI SFAX 2;;;;INACTIVE_CUSTOMER
27004083;CS;30;30;SOCIETE LACTO DISTRIBUTION;;;;INACTIVE_CUSTOMER
27004084;CS;20;20;STE FRERES AYADI DISTRIBUTION NORD OUEST;;;;INACTIVE_CUSTOMER
27004085;CS;4;4;STE GENERAL DE DISTRIBUTION;;;;INACTIVE_CUSTOMER
27004086;CS;9;9;STE NOUR DISTRIBUTION CENTRALE;;;;INACTIVE_CUSTOMER
27004087;CS;26;26;SOCIETE OMNI COMMERCE ET DISTRIBUTION;;;;INACTIVE_CUSTOMER
27004088;CS;5;5;STE LES FRERES MANSOUR DISTRIBUTION;;;;INACTIVE_CUSTOMER
27004089;CS;21;21;SOCIETE ATLAS LAIT DISTRIBUTION;;;;INACTIVE_CUSTOMER
27004090;CS;2;2;STE KARIM BEN SALAH COMMERCE;;;;INACTIVE_CUSTOMER
27004091;CS;29;29;SOCIETE MEDITERRANEE PRODUITS LAITIERS;;;;INACTIVE_CUSTOMER
27004092;CS;29;29;SOCIETE UNION DES GROSSISTES TUNIS;;;;INACTIVE_CUSTOMER
27004093;CS;25;25;STE SALAH HAMROUNI COMMERCE EN GROS;;;;INACTIVE_CUSTOMER
27004094;CS;6;6;STE MOHAMED TRABELSI DISTRIBUTION SUD;;;;INACTIVE_CUSTOMER
27004095;CS;2;2;MOHAMED AMINE MARAOUI SFAX 2;;;;INACTIVE_CUSTOMER
27004096;CS;19;19;SOCIETE LACTO DISTRIBUTION;;;;INACTIVE_CUSTOMER
27004097;CS;21;21;STE FRERES AYADI DISTRIBUTION NORD OUEST;;;;INACTIVE_CUSTOMER
27004098;CS;9;9;STE GENERAL DE DISTRIBUTION;;;;INACTIVE_CUSTOMER
27004099;CS;29;29;STE NOUR DISTRIBUTION CENTRALE;;;;INACTIVE_CUSTOMER
27004100;CS;25;25;SOCIETE OMNI COMMERCE ET DISTRIBUTION;;;;INACTIVE_CUSTOMER
27004101;CS;6;6;STE LES FRERES MANSOUR DISTRIBUTION;;;;INACTIVE_CUSTOMER
27004102;CS;2;2;SOCIETE ATLAS LAIT DISTRIBUTION;;;;INACTIVE_CUSTOMER
27004103;CS;7;7;STE KARIM BEN SALAH COMMERCE;;;;INACTIVE_CUSTOMER
27004104;CS;10;10;SOCIETE MEDITERRANEE PRODUITS LAITIERS;;;;INACTIVE_CUSTOMER
27004105;CS;19;19;SOCIETE UNION DES GROSSISTES TUNIS;;;;INACTIVE_CUSTOMER
27004106;CS;22;22;STE SALAH HAMROUNI COMMERCE EN GROS;;;;INACTIVE_CUSTOMER
27004107;CS;24;24;STE MOHAMED TRABELSI DISTRIBUTION SUD;;;;INACTIVE_CUSTOMER
27004108;CS;13;13;MOHAMED AMINE MARAOUI SFAX 2;;;;INACTIVE_CUSTOMER
27004109;CS;17;17;SOCIETE LACTO DISTRIBUTION;;;;INACTIVE_CUSTOMER
27004110;CS;8;8;STE FRERES AYADI DISTRIBUTION NORD OUEST;;;;INACTIVE_CUSTOMER
27004111;CS;29;29;STE GENERAL DE DISTRIBUTION;;;;INACTIVE_CUSTOMER
27004112;CS;27;27;STE NOUR DISTRIBUTION CENTRALE;;;;INACTIVE_CUSTOMER
27004113;CS;24;24;SOCIETE OMNI COMMERCE ET DISTRIBUTION;;;;INACTIVE_CUSTOMER
27004114;CS;8;8;STE LES FRERES MANSOUR DISTRIBUTION;;;;INACTIVE_CUSTOMER
27004115;CS;27;27;SOCIETE ATLAS LAIT DISTRIBUTION;;;;INACTIVE_CUSTOMER
27004116;CS;11;11;STE KARIM BEN SALAH COMMERCE;;;;INACTIVE_CUSTOMER
27004117;CS;24;24;SOCIETE MEDITERRANEE PRODUITS LAITIERS;;;;INACTIVE_CUSTOMER
27004118;CS;17;17;SOCIETE UNION DES GROSSISTES TUNIS;;;;INACTIVE_CUSTOMER
27004119;CS;22;22;STE SALAH HAMROUNI COMMERCE EN GROS;;;;INACTIVE_CUSTOMER
27004120;CS;24;24;STE MOHAMED TRABELSI DISTRIBUTION SUD;;;;INACTIVE_CUSTOMER
27004121;CS;19;19;MOHAMED AMINE MARAOUI SFAX 2;;;;INACTIVE_CUSTOMER
27004122;CS;19;19;SOCIETE LACTO DISTRIBUTION;;;;INACTIVE_CUSTOMER
27004123;CS;7;7;STE FRERES AYADI DISTRIBUTION NORD OUEST;;;;INACTIVE_CUSTOMER
27004124;CS;6;6;STE GENERAL DE DISTRIBUTION;;;;INACTIVE_CUSTOMER
27004125;CS;29;29;STE NOUR DISTRIBUTION CENTRALE;;;;INACTIVE_CUSTOMER
27004126;CS;2;2;SOCIETE OMNI COMMERCE ET DISTRIBUTION;;;;INACTIVE_CUSTOMER
27004127;CS;19;19;STE LES FRERES MANSOUR DISTRIBUTION;;;;INACTIVE_CUSTOMER
27004128;CS;28;28;SOCIETE ATLAS LAIT DISTRIBUTION;;;;INACTIVE_CUSTOMER
27004129;CS;19;19;STE KARIM BEN SALAH COMMERCE;;;;INACTIVE_CUSTOMER
27004130;CS;15;15;SOCIETE MEDITERRANEE PRODUITS LAITIERS;;;;INACTIVE_CUSTOMER
27004131;CS;26;26;SOCIETE UNION DES GROSSISTES TUNIS;;;;INACTIVE_CUSTOMER
27004132;CS;23;23;STE SALAH HAMROUNI COMMERCE EN GROS;;;;INACTIVE_CUSTOMER
27004133;CS;29;29;STE MOHAMED TRABELSI DISTRIBUTION SUD;;;;INACTIVE_CUSTOMER
27004134;CS;26;26;MOHAMED AMINE MARAOUI SFAX 2;;;;INACTIVE_CUSTOMER
27004135;CS;21;21;SOCIETE LACTO DISTRIBUTION;;;;INACTIVE_CUSTOMER
27004136;CS;14;14;STE FRERES AYADI DISTRIBUTION NORD OUEST;;;;INACTIVE_CUSTOMER
27004137;CS;16;16;STE GENERAL DE DISTRIBUTION;;;;INACTIVE_CUSTOMER
27004138;CS;3;3;STE NOUR DISTRIBUTION CENTRALE;;;;INACTIVE_CUSTOMER
27004139;CS;18;18;SOCIETE OMNI COMMERCE ET DISTRIBUTION;;;;INACTIVE_CUSTOMER
27004140;CS;26;26;STE LES FRERES MANSOUR DISTRIBUTION;;;;INACTIVE_CUSTOMER
27004141;CS;9;9;SOCIETE ATLAS LAIT DISTRIBUTION;;;;INACTIVE_CUSTOMER
27004142;CS;5;5;STE KARIM BEN SALAH COMMERCE;;;;INACTIVE_CUSTOMER
27004143;CS;12;12;SOCIETE MEDITERRANEE PRODUITS LAITIERS;;;;INACTIVE_CUSTOMER
27004144;CS;21;21;SOCIETE UNION DES GROSSISTES TUNIS;;;;INACTIVE_CUSTOMER
27004145;CS;4;4;STE SALAH HAMROUNI COMMERCE EN GROS;;;;INACTIVE_CUSTOMER
27004146;CS;25;25;STE MOHAMED TRABELSI DISTRIBUTION SUD;;;;INACTIVE_CUSTOMER
27004147;CS;28;28;MOHAMED AMINE MARAOUI SFAX 2;;;;INACTIVE_CUSTOMER
27004148;CS;21;21;SOCIETE LACTO DISTRIBUTION;;;;INACTIVE_CUSTOMER
27004149;CS;13;13;STE FRERES AYADI DISTRIBUTION NORD OUEST;;;;INACTIVE_CUSTOMER
27004150;CS;9;9;STE GENERAL DE DISTRIBUTION;;;;INACTIVE_CUSTOMER
27004151;CS;12;12;STE NOUR DISTRIBUTION CENTRALE;;;;INACTIVE_CUSTOMER
27004152;CS;2;2;SOCIETE OMNI COMMERCE ET DISTRIBUTION;;;;INACTIVE_CUSTOMER
27004153;CS;14;14;STE LES FRERES MANSOUR DISTRIBUTION;;;;INACTIVE_CUSTOMER
27004154;CS;14;14;SOCIETE ATLAS LAIT DISTRIBUTION;;;;INACTIVE_CUSTOMER
27004155;CS;16;16;STE KARIM BEN SALAH COMMERCE;;;;INACTIVE_CUSTOMER
27004156;CS;27;27;SOCIETE MEDITERRANEE PRODUITS LAITIERS;;;;INACTIVE_CUSTOMER
27004157;CS;14;14;SOCIETE UNION DES GROSSISTES TUNIS;;;;INACTIVE_CUSTOMER
27004158;CS;21;21;STE SALAH HAMROUNI COMMERCE EN GROS;;;;INACTIVE_CUSTOMER
27004159;CS;2;2;STE MOHAMED TRABELSI DISTRIBUTION SUD;;;;INACTIVE_CUSTOMER
27004160;CS;9;9;MOHAMED AMINE MARAOUI SFAX 2;;;;INACTIVE_CUSTOMER
27004161;CS;3;3;SOCIETE LACTO DISTRIBUTION;;;;INACTIVE_CUSTOMER
27004162;CS;28;28;STE FRERES AYADI DISTRIBUTION NORD OUEST;;;;INACTIVE_CUSTOMER
27004163;CS;13;13;STE GENERAL DE DISTRIBUTION;;;;INACTIVE_CUSTOMER
27004164;CS;27;27;STE NOUR DISTRIBUTION CENTRALE;;;;INACTIVE_CUSTOMER
27004165;CS;21;21;SOCIETE OMNI COMMERCE ET DISTRIBUTION;;;;INACTIVE_CUSTOMER
27004166;CS;27;27;STE LES FRERES MANSOUR DISTRIBUTION;;;;INACTIVE_CUSTOMER
27004167;CS;14;14;SOCIETE ATLAS LAIT DISTRIBUTION;;;;INACTIVE_CUSTOMER
27004168;CS;23;23;STE KARIM BEN SALAH COMMERCE;;;;INACTIVE_CUSTOMER
27004169;CS;1;1;SOCIETE MEDITERRANEE PRODUITS LAITIERS;;;;INACTIVE_CUSTOMER
27004170;CS;26;26;SOCIETE UNION DES GROSSISTES TUNIS;;;;INACTIVE_CUSTOMER
27004171;CS;30;30;STE SALAH HAMROUNI COMMERCE EN GROS;;;;INACTIVE_CUSTOMER
27004172;CS;24;24;STE MOHAMED TRABELSI DISTRIBUTION SUD;;;;INACTIVE_CUSTOMER
27004173;CS;13;13;MOHAMED AMINE MARAOUI SFAX 2;;;;INACTIVE_CUSTOMER
27004174;CS;1;1;SOCIETE LACTO DISTRIBUTION;;;;INACTIVE_CUSTOMER
27004175;CS;24;24;STE FRERES AYADI DISTRIBUTION NORD OUEST;;;;INACTIVE_CUSTOMER
27004176;CS;7;7;STE GENERAL DE DISTRIBUTION;;;;INACTIVE_CUSTOMER
27004177;CS;21;21;STE NOUR DISTRIBUTION CENTRALE;;;;INACTIVE_CUSTOMER
27004178;CS;20;20;SOCIETE OMNI COMMERCE ET DISTRIBUTION;;;;INACTIVE_CUSTOMER
27004179;CS;8;8;STE LES FRERES MANSOUR DISTRIBUTION;;;;INACTIVE_CUSTOMER
27004180;CS;9;9;SOCIETE ATLAS LAIT DISTRIBUTION;;;;INACTIVE_CUSTOMER
27004181;CS;29;29;STE KARIM BEN SALAH COMMERCE;;;;INACTIVE_CUSTOMER
27004182;CS;17;17;SOCIETE MEDITERRANEE PRODUITS LAITIERS;;;;INACTIVE_CUSTOMER
27004183;CS;10;10;SOCIETE UNION DES GROSSISTES TUNIS;;;;INACTIVE_CUSTOMER
27004184;CS;7;7;STE SALAH HAMROUNI COMMERCE EN GROS;;;;INACTIVE_CUSTOMER
27004185;CS;8;8;STE MOHAMED TRABELSI DISTRIBUTION SUD;;;;INACTIVE_CUSTOMER
27004186;CS;10;10;MOHAMED AMINE MARAOUI SFAX 2;;;;INACTIVE_CUSTOMER
27004187;CS;23;23;SOCIETE LACTO DISTRIBUTION;;;;INACTIVE_CUSTOMER
27004188;CS;24;24;STE FRERES AYADI DISTRIBUTION NORD OUEST;;;;INACTIVE_CUSTOMER
27004189;CS;16;16;STE GENERAL DE DISTRIBUTION;;;;INACTIVE_CUSTOMER
27004190;CS;14;14;STE NOUR DISTRIBUTION CENTRALE;;;;INACTIVE_CUSTOMER
27004191;CS;8;8;SOCIETE OMNI COMMERCE ET DISTRIBUTION;;;;INACTIVE_CUSTOMER
27004192;CS;8;8;STE LES FRERES MANSOUR DISTRIBUTION;;;;INACTIVE_CUSTOMER
27004193;CS;17;17;SOCIETE ATLAS LAIT DISTRIBUTION;;;;INACTIVE_CUSTOMER
27004194;CS;2;2;STE KARIM BEN SALAH COMMERCE;;;;INACTIVE_CUSTOMER
27004195;CS;26;26;SOCIETE MEDITERRANEE PRODUITS LAITIERS;;;;INACTIVE_CUSTOMER
27004196;CS;28;28;SOCIETE UNION DES GROSSISTES TUNIS;;;;INACTIVE_CUSTOMER
27004197;CS;29;29;STE SALAH HAMROUNI COMMERCE EN GROS;;;;INACTIVE_CUSTOMER
27004198;CS;28;28;STE MOHAMED TRABELSI DISTRIBUTION SUD;;;;INACTIVE_CUSTOMER
27004199;CS;15;15;MOHAMED AMINE MARAOUI SFAX 2;;;;INACTIVE_CUSTOMER
27004200;CS;2;2;SOCIETE LACTO DISTRIBUTION;;;;INACTIVE_CUSTOMER
27004201;CS;9;9;STE FRERES AYADI DISTRIBUTION NORD OUEST;;;;INACTIVE_CUSTOMER
27004202;CS;2;2;STE GENERAL DE DISTRIBUTION;;;;INACTIVE_CUSTOMER
27004203;CS;5;5;STE NOUR DISTRIBUTION CENTRALE;;;;INACTIVE_CUSTOMER
27004204;CS;18;18;SOCIETE OMNI COMMERCE ET DISTRIBUTION;;;;INACTIVE_CUSTOMER
27004205;CS;20;20;STE LES FRERES MANSOUR DISTRIBUTION;;;;INACTIVE_CUSTOMER
27004206;CS;4;4;SOCIETE ATLAS LAIT DISTRIBUTION;;;;INACTIVE_CUSTOMER
27004207;CS;25;25;STE KARIM BEN SALAH COMMERCE;;;;INACTIVE_CUSTOMER
27004208;CS;6;6;SOCIETE MEDITERRANEE PRODUITS LAITIERS;;;;INACTIVE_CUSTOMER
27004209;CS;4;4;SOCIETE UNION DES GROSSISTES TUNIS;;;;INACTIVE_CUSTOMER
27004210;CS;3;3;STE SALAH HAMROUNI COMMERCE EN GROS;;;;INACTIVE_CUSTOMER
27004211;CS;24;24;STE MOHAMED TRABELSI DISTRIBUTION SUD;;;;INACTIVE_CUSTOMER
27004212;CS;6;6;MOHAMED AMINE MARAOUI SFAX 2;;;;INACTIVE_CUSTOMER
27004213;CS;7;7;SOCIETE LACTO DISTRIBUTION;;;;INACTIVE_CUSTOMER
27004214;CS;24;24;STE FRERES AYADI DISTRIBUTION NORD OUEST;;;;INACTIVE_CUSTOMER
27004215;CS;30;30;STE GENERAL DE DISTRIBUTION;;;;INACTIVE_CUSTOMER
27004216;CS;3;3;STE NOUR DISTRIBUTION CENTRALE;;;;INACTIVE_CUSTOMER
27004217;CS;2;2;SOCIETE OMNI COMMERCE ET DISTRIBUTION;;;;INACTIVE_CUSTOMER
27004218;CS;18;18;STE LES FRERES MANSOUR DISTRIBUTION;;;;INACTIVE_CUSTOMER
27004219;CS;5;5;SOCIETE ATLAS LAIT DISTRIBUTION;;;;INACTIVE_CUSTOMER
27004220;CS;26;26;STE KARIM BEN SALAH COMMERCE;;;;INACTIVE_CUSTOMER
27004221;CS;23;23;SOCIETE MEDITERRANEE PRODUITS LAITIERS;;;;INACTIVE_CUSTOMER
27004222;CS;12;12;SOCIETE UNION DES GROSSISTES TUNIS;;;;INACTIVE_CUSTOMER
27004223;CS;12;12;STE SALAH HAMROUNI COMMERCE EN GROS;;;;INACTIVE_CUSTOMER
27004224;CS;23;23;STE MOHAMED TRABELSI DISTRIBUTION SUD;;;;INACTIVE_CUSTOMER
27004225;CS;19;19;MOHAMED AMINE MARAOUI SFAX 2;;;;INACTIVE_CUSTOMER
27004226;CS;19;19;SOCIETE LACTO DISTRIBUTION;;;;INACTIVE_CUSTOMER
27004227;CS;24;24;STE FRERES AYADI DISTRIBUTION NORD OUEST;;;;INACTIVE_CUSTOMER
27004228;CS;28;28;STE GENERAL DE DISTRIBUTION;;;;INACTIVE_CUSTOMER
27004229;CS;9;9;STE NOUR DISTRIBUTION CENTRALE;;;;INACTIVE_CUSTOMER
27004230;CS;18;18;SOCIETE OMNI COMMERCE ET DISTRIBUTION;;;;INACTIVE_CUSTOMER
27004231;CS;28;28;STE LES FRERES MANSOUR DISTRIBUTION;;;;INACTIVE_CUSTOMER
27004232;CS;16;16;SOCIETE ATLAS LAIT DISTRIBUTION;;;;INACTIVE_CUSTOMER
27004233;CS;5;5;STE KARIM BEN SALAH COMMERCE;;;;INACTIVE_CUSTOMER
27004234;CS;23;23;SOCIETE MEDITERRANEE PRODUITS LAITIERS;;;;INACTIVE_CUSTOMER
27004235;CS;1;1;SOCIETE UNION DES GROSSISTES TUNIS;;;;INACTIVE_CUSTOMER
27004236;CS;28;28;STE SALAH HAMROUNI COMMERCE EN GROS;;;;INACTIVE_CUSTOMER
27004237;CS;22;22;STE MOHAMED TRABELSI DISTRIBUTION SUD;;;;INACTIVE_CUSTOMER
27004238;CS;22;22;MOHAMED AMINE MARAOUI SFAX 2;;;;INACTIVE_CUSTOMER
27004239;CS;11;11;SOCIETE LACTO DISTRIBUTION;;;;INACTIVE_CUSTOMER
27004240;CS;23;23;STE FRERES AYADI DISTRIBUTION NORD OUEST;;;;INACTIVE_CUSTOMER
27004241;CS;19;19;STE GENERAL DE DISTRIBUTION;;;;INACTIVE_CUSTOMER
27004242;CS;30;30;STE NOUR DISTRIBUTION CENTRALE;;;;INACTIVE_CUSTOMER
27004243;CS;18;18;SOCIETE OMNI COMMERCE ET DISTRIBUTION;;;;INACTIVE_CUSTOMER
27004244;CS;19;19;STE LES FRERES MANSOUR DISTRIBUTION;;;;INACTIVE_CUSTOMER
27004245;CS;9;9;SOCIETE ATLAS LAIT DISTRIBUTION;;;;INACTIVE_CUSTOMER
27004246;CS;6;6;STE KARIM BEN SALAH COMMERCE;;;;INACTIVE_CUSTOMER
27004247;CS;15;15;SOCIETE MEDITERRANEE PRODUITS LAITIERS;;;;INACTIVE_CUSTOMER
27004248;CS;16;16;SOCIETE UNION DES GROSSISTES TUNIS;;;;INACTIVE_CUSTOMER
27004249;CS;22;22;STE SALAH HAMROUNI COMMERCE EN GROS;;;;INACTIVE_CUSTOMER
27004250;CS;4;4;STE MOHAMED TRABELSI DISTRIBUTION SUD;;;;INACTIVE_CUSTOMER
27004251;CS;13;13;MOHAMED AMINE MARAOUI SFAX 2;;;;INACTIVE_CUSTOMER
27004252;CS;12;12;SOCIETE LACTO DISTRIBUTION;;;;INACTIVE_CUSTOMER
27004253;CS;3;3;STE FRERES AYADI DISTRIBUTION NORD OUEST;;;;INACTIVE_CUSTOMER
27004254;CS;4;4;STE GENERAL DE DISTRIBUTION;;;;INACTIVE_CUSTOMER
27004255;CS;28;28;STE NOUR DISTRIBUTION CENTRALE;;;;INACTIVE_CUSTOMER
27004256;CS;1;1;SOCIETE OMNI COMMERCE ET DISTRIBUTION;;;;INACTIVE_CUSTOMER
27004257;CS;20;20;STE LES FRERES MANSOUR DISTRIBUTION;;;;INACTIVE_CUSTOMER
27004258;CS;19;19;SOCIETE ATLAS LAIT DISTRIBUTION;;;;INACTIVE_CUSTOMER
27004259;CS;13;13;STE KARIM BEN SALAH COMMERCE;;;;INACTIVE_CUSTOMER
27004260;CS;29;29;SOCIETE MEDITERRANEE PRODUITS LAITIERS;;;;INACTIVE_CUSTOMER
27004261;CS;28;28;SOCIETE UNION DES GROSSISTES TUNIS;;;;INACTIVE_CUSTOMER
27004262;CS;19;19;STE SALAH HAMROUNI COMMERCE EN GROS;;;;INACTIVE_CUSTOMER
27004263;CS;1;1;STE MOHAMED TRABELSI DISTRIBUTION SUD;;;;INACTIVE_CUSTOMER
27004264;CS;20;20;MOHAMED AMINE MARAOUI SFAX 2;;;;INACTIVE_CUSTOMER
27004265;CS;7;7;SOCIETE LACTO DISTRIBUTION;;;;INACTIVE_CUSTOMER
27004266;CS;9;9;STE FRERES AYADI DISTRIBUTION NORD OUEST;;;;INACTIVE_CUSTOMER
27004267;CS;1;1;STE GENERAL DE DISTRIBUTION;;;;INACTIVE_CUSTOMER
27004268;CS;30;30;STE NOUR DISTRIBUTION CENTRALE;;;;INACTIVE_CUSTOMER
27004269;CS;22;22;SOCIETE OMNI COMMERCE ET DISTRIBUTION;;;;INACTIVE_CUSTOMER
27004270;CS;7;7;STE LES FRERES MANSOUR DISTRIBUTION;;;;INACTIVE_CUSTOMER
27004271;CS;2;2;SOCIETE ATLAS LAIT DISTRIBUTION;;;;INACTIVE_CUSTOMER
27004272;CS;11;11;STE KARIM BEN SALAH COMMERCE;;;;INACTIVE_CUSTOMER
27004273;CS;3;3;SOCIETE MEDITERRANEE PRODUITS LAITIERS;;;;INACTIVE_CUSTOMER
27004274;CS;27;27;SOCIETE UNION DES GROSSISTES TUNIS;;;;INACTIVE_CUSTOMER
27004275;CS;15;15;STE SALAH HAMROUNI COMMERCE EN GROS;;;;INACTIVE_CUSTOMER
27004276;CS;26;26;STE MOHAMED TRABELSI DISTRIBUTION SUD;;;;INACTIVE_CUSTOMER
27004277;CS;8;8;MOHAMED AMINE MARAOUI SFAX 2;;;;INACTIVE_CUSTOMER
27004278;CS;9;9;SOCIETE LACTO DISTRIBUTION;;;;INACTIVE_CUSTOMER
27004279;CS;17;17;STE FRERES AYADI DISTRIBUTION NORD OUEST;;;;INACTIVE_CUSTOMER
27004280;CS;7;7;STE GENERAL DE DISTRIBUTION;;;;INACTIVE_CUSTOMER
27004281;CS;13;13;STE NOUR DISTRIBUTION CENTRALE;;;;INACTIVE_CUSTOMER
27004282;CS;27;27;SOCIETE OMNI COMMERCE ET DISTRIBUTION;;;;INACTIVE_CUSTOMER
27004283;CS;19;19;STE LES FRERES MANSOUR DISTRIBUTION;;;;INACTIVE_CUSTOMER
27004284;CS;13;13;SOCIETE ATLAS LAIT DISTRIBUTION;;;;INACTIVE_CUSTOMER
27004285;CS;15;15;STE KARIM BEN SALAH COMMERCE;;;;INACTIVE_CUSTOMER
27004286;CS;16;16;SOCIETE MEDITERRANEE PRODUITS LAITIERS;;;;INACTIVE_CUSTOMER
27004287;CS;23;23;SOCIETE UNION DES GROSSISTES TUNIS;;;;INACTIVE_CUSTOMER
27004288;CS;25;25;STE SALAH HAMROUNI COMMERCE EN GROS;;;;INACTIVE_CUSTOMER
27004289;CS;11;11;STE MOHAMED TRABELSI DISTRIBUTION SUD;;;;INACTIVE_CUSTOMER
27004290;CS;8;8;MOHAMED AMINE MARAOUI SFAX 2;;;;INACTIVE_CUSTOMER
27004291;CS;7;7;SOCIETE LACTO DISTRIBUTION;;;;INACTIVE_CUSTOMER
27004292;CS;29;29;STE FRERES AYADI DISTRIBUTION NORD OUEST;;;;INACTIVE_CUSTOMER
27004293;CS;12;12;STE GENERAL DE DISTRIBUTION;;;;INACTIVE_CUSTOMER
27004294;CS;15;15;STE NOUR DISTRIBUTION CENTRALE;;;;INACTIVE_CUSTOMER
27004295;CS;26;26;SOCIETE OMNI COMMERCE ET DISTRIBUTION;;;;INACTIVE_CUSTOMER
27004296;CS;27;27;STE LES FRERES MANSOUR DISTRIBUTION;;;;INACTIVE_CUSTOMER
27004297;CS;16;16;SOCIETE ATLAS LAIT DISTRIBUTION;;;;INACTIVE_CUSTOMER
27004298;CS;17;17;STE KARIM BEN SALAH COMMERCE;;;;INACTIVE_CUSTOMER
27004299;CS;30;30;SOCIETE MEDITERRANEE PRODUITS LAITIERS;;;;INACTIVE_CUSTOMER
27004300;CS;12;12;SOCIETE UNION DES GROSSISTES TUNIS;;;;INACTIVE_CUSTOMER
27004301;CS;18;18;STE SALAH HAMROUNI COMMERCE EN GROS;;;;INACTIVE_CUSTOMER
27004302;CS;1;1;STE MOHAMED TRABELSI DISTRIBUTION SUD;;;;INACTIVE_CUSTOMER
27004303;CS;17;17;MOHAMED AMINE MARAOUI SFAX 2;;;;INACTIVE_CUSTOMER
27004304;CS;21;21;SOCIETE LACTO DISTRIBUTION;;;;INACTIVE_CUSTOMER
27004305;CS;4;4;STE FRERES AYADI DISTRIBUTION NORD OUEST;;;;INACTIVE_CUSTOMER
27004306;CS;21;21;STE GENERAL DE DISTRIBUTION;;;;INACTIVE_CUSTOMER
27004307;CS;24;24;STE NOUR DISTRIBUTION CENTRALE;;;;INACTIVE_CUSTOMER
27004308;CS;6;6;SOCIETE OMNI COMMERCE ET DISTRIBUTION;;;;INACTIVE_CUSTOMER
27004309;CS;26;26;STE LES FRERES MANSOUR DISTRIBUTION;;;;INACTIVE_CUSTOMER
27004310;CS;6;6;SOCIETE ATLAS LAIT DISTRIBUTION;;;;INACTIVE_CUSTOMER
27004311;CS;3;3;STE KARIM BEN SALAH COMMERCE;;;;INACTIVE_CUSTOMER
27004312;CS;18;18;SOCIETE MEDITERRANEE PRODUITS LAITIERS;;;;INACTIVE_CUSTOMER
27004313;CS;8;8;SOCIETE UNION DES GROSSISTES TUNIS;;;;INACTIVE_CUSTOMER
27004314;CS;21;21;STE SALAH HAMROUNI COMMERCE EN GROS;;;;INACTIVE_CUSTOMER
27004315;CS;1;1;STE MOHAMED TRABELSI DISTRIBUTION SUD;;;;INACTIVE_CUSTOMER
27004316;CS;15;15;MOHAMED AMINE MARAOUI SFAX 2;;;;INACTIVE_CUSTOMER
27004317;CS;14;14;SOCIETE LACTO DISTRIBUTION;;;;INACTIVE_CUSTOMER
27004318;CS;30;30;STE FRERES AYADI DISTRIBUTION NORD OUEST;;;;INACTIVE_CUSTOMER
27004319;CS;21;21;STE GENERAL DE DISTRIBUTION;;;;INACTIVE_CUSTOMER
27004320;CS;21;21;STE NOUR DISTRIBUTION CENTRALE;;;;INACTIVE_CUSTOMER
27004321;CS;19;19;SOCIETE OMNI COMMERCE ET DISTRIBUTION;;;;INACTIVE_CUSTOMER
27004322;CS;20;20;STE LES FRERES MANSOUR DISTRIBUTION;;;;INACTIVE_CUSTOMER
27004323;CS;26;26;SOCIETE ATLAS LAIT DISTRIBUTION;;;;INACTIVE_CUSTOMER
27004324;CS;8;8;STE KARIM BEN SALAH COMMERCE;;;;INACTIVE_CUSTOMER
27004325;CS;19;19;SOCIETE MEDITERRANEE PRODUITS LAITIERS;;;;INACTIVE_CUSTOMER
27004326;CS;21;21;SOCIETE UNION DES GROSSISTES TUNIS;;;;INACTIVE_CUSTOMER
27004327;CS;3;3;STE SALAH HAMROUNI COMMERCE EN GROS;;;;INACTIVE_CUSTOMER
27004328;CS;21;21;STE MOHAMED TRABELSI DISTRIBUTION SUD;;;;INACTIVE_CUSTOMER
27004329;CS;26;26;MOHAMED AMINE MARAOUI SFAX 2;;;;INACTIVE_CUSTOMER
27004330;CS;18;18;SOCIETE LACTO DISTRIBUTION;;;;INACTIVE_CUSTOMER
27004331;CS;1;1;STE FRERES AYADI DISTRIBUTION NORD OUEST;;;;INACTIVE_CUSTOMER
27004332;CS;25;25;STE GENERAL DE DISTRIBUTION;;;;INACTIVE_CUSTOMER
27004333;CS;27;27;STE NOUR DISTRIBUTION CENTRALE;;;;INACTIVE_CUSTOMER
27004334;CS;10;10;SOCIETE OMNI COMMERCE ET DISTRIBUTION;;;;INACTIVE_CUSTOMER
27004335;CS;15;15;STE LES FRERES MANSOUR DISTRIBUTION;;;;INACTIVE_CUSTOMER
27004336;CS;26;26;SOCIETE ATLAS LAIT DISTRIBUTION;;;;INACTIVE_CUSTOMER
27004337;CS;29;29;STE KARIM BEN SALAH COMMERCE;;;;INACTIVE_CUSTOMER
27004338;CS;14;14;SOCIETE MEDITERRANEE PRODUITS LAITIERS;;;;INACTIVE_CUSTOMER
27004339;CS;13;13;SOCIETE UNION DES GROSSISTES TUNIS;;;;INACTIVE_CUSTOMER
27004340;CS;5;5;STE SALAH HAMROUNI COMMERCE EN GROS;;;;INACTIVE_CUSTOMER
27004341;CS;9;9;STE MOHAMED TRABELSI DISTRIBUTION SUD;;;;INACTIVE_CUSTOMER
27004342;CS;9;9;MOHAMED AMINE MARAOUI SFAX 2;;;;INACTIVE_CUSTOMER
27004343;CS;6;6;SOCIETE LACTO DISTRIBUTION;;;;INACTIVE_CUSTOMER
27004344;CS;2;2;STE FRERES AYADI DISTRIBUTION NORD OUEST;;;;INACTIVE_CUSTOMER
27004345;CS;25;25;STE GENERAL DE DISTRIBUTION;;;;INACTIVE_CUSTOMER
27004346;CS;16;16;STE NOUR DISTRIBUTION CENTRALE;;;;INACTIVE_CUSTOMER
27004347;CS;2;2;SOCIETE OMNI COMMERCE ET DISTRIBUTION;;;;INACTIVE_CUSTOMER
27004348;CS;21;21;STE LES FRERES MANSOUR DISTRIBUTION;;;;INACTIVE_CUSTOMER
27004349;CS;16;16;SOCIETE ATLAS LAIT DISTRIBUTION;;;;INACTIVE_CUSTOMER
27004350;CS;25;25;STE KARIM BEN SALAH COMMERCE;;;;INACTIVE_CUSTOMER
27004351;CS;17;17;SOCIETE MEDITERRANEE PRODUITS LAITIERS;;;;INACTIVE_CUSTOMER
27004352;CS;25;25;SOCIETE UNION DES GROSSISTES TUNIS;;;;INACTIVE_CUSTOMER
27004353;CS;14;14;STE SALAH HAMROUNI COMMERCE EN GROS;;;;INACTIVE_CUSTOMER
27004354;CS;6;6;STE MOHAMED TRABELSI DISTRIBUTION SUD;;;;INACTIVE_CUSTOMER
27004355;CS;7;7;MOHAMED AMINE MARAOUI SFAX 2;;;;INACTIVE_CUSTOMER
27004356;CS;4;4;SOCIETE LACTO DISTRIBUTION;;;;INACTIVE_CUSTOMER
27004357;CS;8;8;STE FRERES AYADI DISTRIBUTION NORD OUEST;;;;INACTIVE_CUSTOMER
27004358;CS;17;17;STE GENERAL DE DISTRIBUTION;;;;INACTIVE_CUSTOMER
27004359;CS;22;22;STE NOUR DISTRIBUTION CENTRALE;;;;INACTIVE_CUSTOMER
27004360;CS;24;24;SOCIETE OMNI COMMERCE ET DISTRIBUTION;;;;INACTIVE_CUSTOMER
27004361;CS;30;30;STE LES FRERES MANSOUR DISTRIBUTION;;;;INACTIVE_CUSTOMER
27004362;CS;6;6;SOCIETE ATLAS LAIT DISTRIBUTION;;;;INACTIVE_CUSTOMER
27004363;CS;20;20;STE KARIM BEN SALAH COMMERCE;;;;INACTIVE_CUSTOMER
27004364;CS;15;15;SOCIETE MEDITERRANEE PRODUITS LAITIERS;;;;INACTIVE_CUSTOMER
27004365;CS;17;17;SOCIETE UNION DES GROSSISTES TUNIS;;;;INACTIVE_CUSTOMER
27004366;CS;8;8;STE SALAH HAMROUNI COMMERCE EN GROS;;;;INACTIVE_CUSTOMER
27004367;CS;11;11;STE MOHAMED TRABELSI DISTRIBUTION SUD;;;;INACTIVE_CUSTOMER
27004368;CS;28;28;MOHAMED AMINE MARAOUI SFAX 2;;;;INACTIVE_CUSTOMER
27004369;CS;10;10;SOCIETE LACTO DISTRIBUTION;;;;INACTIVE_CUSTOMER
27004370;CS;1;1;STE FRERES AYADI DISTRIBUTION NORD OUEST;;;;INACTIVE_CUSTOMER
27004371;CS;11;11;STE GENERAL DE DISTRIBUTION;;;;INACTIVE_CUSTOMER
27004372;CS;4;4;STE NOUR DISTRIBUTION CENTRALE;;;;INACTIVE_CUSTOMER
27004373;CS;14;14;SOCIETE OMNI COMMERCE ET DISTRIBUTION;;;;INACTIVE_CUSTOMER
27004374;CS;14;14;STE LES FRERES MANSOUR DISTRIBUTION;;;;INACTIVE_CUSTOMER
27004375;CS;5;5;SOCIETE ATLAS LAIT DISTRIBUTION;;;;INACTIVE_CUSTOMER
27004376;CS;27;27;STE KARIM BEN SALAH COMMERCE;;;;INACTIVE_CUSTOMER
27004377;CS;7;7;SOCIETE MEDITERRANEE PRODUITS LAITIERS;;;;INACTIVE_CUSTOMER
27004378;CS;12;12;SOCIETE UNION DES GROSSISTES TUNIS;;;;INACTIVE_CUSTOMER
27004379;CS;20;20;STE SALAH HAMROUNI COMMERCE EN GROS;;;;INACTIVE_CUSTOMER
27004380;CS;7;7;STE MOHAMED TRABELSI DISTRIBUTION SUD;;;;INACTIVE_CUSTOMER
27004381;CO;19;19;ARMES COM;0;125275;620;PROBLEME_DATE_CMD
27004382;CS;6;6;SOCIETE TAHA DISTRIBUTION DE SUD;0;125276;580;PROBLEME_DATE_CMD
27004383;SO;9;9;STE AL AKREM DE COMM ET DISTRI EN GROS;0;125277;620;PROBLEME_DATE_CMD
27004384;CO;26;26;STE BECHIR ETTAIEB DE COMMERCE;0;125278;580;PROBLEME_DATE_CMD
27004385;CS;7;7;SUDMILK;0;125279;620;PROBLEME_DATE_CMD
27004386;SO;18;18;STE HEDI JELASSI DISTRIBUTION NORD;0;125280;580;PROBLEME_DATE_CMD
27004387;CO;18;18;SOCIETE IDEAL DISTRIBUTION SFAX;0;125281;620;PROBLEME_DATE_CMD
27004388;CS;14;14;SOCIETE EL HOUDA DISTRIBUTION;0;125282;580;PROBLEME_DATE_CMD
27004389;SO;30;30;ARMES COM;0;125283;620;PROBLEME_DATE_CMD
27004390;CO;9;9;SOCIETE TAHA DISTRIBUTION DE SUD;0;125284;580;PROBLEME_DATE_CMD
27004391;CS;1;1;STE AL AKREM DE COMM ET DISTRI EN GROS;0;125275;620;PROBLEME_DATE_CMD
27004392;SO;24;24;STE BECHIR ETTAIEB DE COMMERCE;0;125276;580;PROBLEME_DATE_CMD
27004393;CO;25;25;SUDMILK;0;125277;620;PROBLEME_DATE_CMD
27004394;CS;3;3;STE HEDI JELASSI DISTRIBUTION NORD;0;125278;580;PROBLEME_DATE_CMD
27004395;SO;24;24;SOCIETE IDEAL DISTRIBUTION SFAX;0;125279;620;PROBLEME_DATE_CMD
27004396;CO;12;12;SOCIETE EL HOUDA DISTRIBUTION;0;125280;580;PROBLEME_DATE_CMD
27004397;CS;23;23;ARMES COM;0;125281;620;PROBLEME_DATE_CMD
27004398;SO;28;28;SOCIETE TAHA DISTRIBUTION DE SUD;0;125282;580;PROBLEME_DATE_CMD
27004399;CO;12;12;STE AL AKREM DE COMM ET DISTRI EN GROS;0;125283;620;PROBLEME_DATE_CMD
27004400;CS;21;21;STE BECHIR ETTAIEB DE COMMERCE;0;125284;580;PROBLEME_DATE_CMD
27004401;SO;7;7;SUDMILK;0;125275;620;PROBLEME_DATE_CMD
27004402;CO;13;13;STE HEDI JELASSI DISTRIBUTION NORD;0;125276;580;PROBLEME_DATE_CMD
27004403;CS;16;16;SOCIETE IDEAL DISTRIBUTION SFAX;0;125277;620;PROBLEME_DATE_CMD
27004404;SO;27;27;SOCIETE EL HOUDA DISTRIBUTION;0;125278;580;PROBLEME_DATE_CMD
27004405;CO;18;18;ARMES COM;0;125279;620;PROBLEME_DATE_CMD
27004406;CS;8;8;SOCIETE TAHA DISTRIBUTION DE SUD;0;125280;580;PROBLEME_DATE_CMD
27004407;SO;10;10;STE AL AKREM DE COMM ET DISTRI EN GROS;0;125281;620;PROBLEME_DATE_CMD
27004408;CO;28;28;STE BECHIR ETTAIEB DE COMMERCE;0;125282;580;PROBLEME_DATE_CMD
27004409;CS;9;9;SUDMILK;0;125283;620;PROBLEME_DATE_CMD
27004410;SO;4;4;STE HEDI JELASSI DISTRIBUTION NORD;0;125284;580;PROBLEME_DATE_CMD
27004411;CO;1;1;SOCIETE IDEAL DISTRIBUTION SFAX;0;125275;620;PROBLEME_DATE_CMD
27004412;CS;9;9;SOCIETE EL HOUDA DISTRIBUTION;0;125276;580;PROBLEME_DATE_CMD
27004413;SO;25;25;ARMES COM;0;125277;620;PROBLEME_DATE_CMD
27004414;CO;25;25;SOCIETE TAHA DISTRIBUTION DE SUD;0;125278;580;PROBLEME_DATE_CMD
27004415;CS;6;6;STE AL AKREM DE COMM ET DISTRI EN GROS;0;125279;620;PROBLEME_DATE_CMD
27004416;SO;11;11;STE BECHIR ETTAIEB DE COMMERCE;0;125280;580;PROBLEME_DATE_CMD
27004417;CO;16;16;SUDMILK;0;125281;620;PROBLEME_DATE_CMD
27004418;CS;27;27;STE HEDI JELASSI DISTRIBUTION NORD;0;125282;580;PROBLEME_DATE_CMD
27004419;SO;1;1;SOCIETE IDEAL DISTRIBUTION SFAX;0;125283;620;PROBLEME_DATE_CMD
27004420;CO;3;3;SOCIETE EL HOUDA DISTRIBUTION;0;125284;580;PROBLEME_DATE_CMD
27004421;CS;12;12;ARMES COM;0;125275;620;PROBLEME_DATE_CMD
27004422;SO;24;24;SOCIETE TAHA DISTRIBUTION DE SUD;0;125276;580;PROBLEME_DATE_CMD
27004423;CO;1;1;STE AL AKREM DE COMM ET DISTRI EN GROS;0;125277;620;PROBLEME_DATE_CMD
27004424;CS;3;3;STE BECHIR ETTAIEB DE COMMERCE;0;125278;580;PROBLEME_DATE_CMD
27004425;SO;9;9;SUDMILK;0;125279;620;PROBLEME_DATE_CMD
27004426;CO;19;19;STE HEDI JELASSI DISTRIBUTION NORD;0;125280;580;PROBLEME_DATE_CMD
27004427;CS;8;8;SOCIETE IDEAL DISTRIBUTION SFAX;0;125281;620;PROBLEME_DATE_CMD
27004428;SO;25;25;SOCIETE EL HOUDA DISTRIBUTION;0;125282;580;PROBLEME_DATE_CMD
27004429;CO;8;8;ARMES COM;0;125283;620;PROBLEME_DATE_CMD
27004430;CS;27;27;SOCIETE TAHA DISTRIBUTION DE SUD;0;125284;580;PROBLEME_DATE_CMD
27004431;SO;5;5;STE AL AKREM DE COMM ET DISTRI EN GROS;0;125275;620;PROBLEME_DATE_CMD
27004432;CO;17;17;STE BECHIR ETTAIEB DE COMMERCE;0;125276;580;PROBLEME_DATE_CMD
27004433;CS;30;30;SUDMILK;0;125277;620;PROBLEME_DATE_CMD
27004434;SO;1;1;STE HEDI JELASSI DISTRIBUTION NORD;0;125278;580;PROBLEME_DATE_CMD
27004435;CO;14;14;SOCIETE IDEAL DISTRIBUTION SFAX;0;125279;620;PROBLEME_DATE_CMD
27004436;CS;11;11;SOCIETE EL HOUDA DISTRIBUTION;0;125280;580;PROBLEME_DATE_CMD
27004437;SO;27;27;ARMES COM;0;125281;620;PROBLEME_DATE_CMD
27004438;CO;23;23;SOCIETE TAHA DISTRIBUTION DE SUD;0;125282;580;PROBLEME_DATE_CMD
27004439;CS;6;6;STE AL AKREM DE COMM ET DISTRI EN GROS;0;125283;620;PROBLEME_DATE_CMD
27004440;SO;30;30;STE BECHIR ETTAIEB DE COMMERCE;0;125284;580;PROBLEME_DATE_CMD
27004441;CO;2;2;SUDMILK;0;125275;620;PROBLEME_DATE_CMD
27004442;CS;1;1;STE HEDI JELASSI DISTRIBUTION NORD;0;125276;580;PROBLEME_DATE_CMD
27004443;SO;30;30;SOCIETE IDEAL DISTRIBUTION SFAX;0;125277;620;PROBLEME_DATE_CMD
27004444;CO;16;16;SOCIETE EL HOUDA DISTRIBUTION;0;125278;580;PROBLEME_DATE_CMD
27004445;CS;16;16;ARMES COM;0;125279;620;PROBLEME_DATE_CMD
27004446;SO;18;18;SOCIETE TAHA DISTRIBUTION DE SUD;0;125280;580;PROBLEME_DATE_CMD
27004447;CO;27;27;STE AL AKREM DE COMM ET DISTRI EN GROS;0;125281;620;PROBLEME_DATE_CMD
27004448;CS;9;9;STE BECHIR ETTAIEB DE COMMERCE;0;125282;580;PROBLEME_DATE_CMD
27004449;SO;2;2;SUDMILK;0;125283;620;PROBLEME_DATE_CMD
27004450;CO;9;9;STE HEDI JELASSI DISTRIBUTION NORD;0;125284;580;PROBLEME_DATE_CMD
27004451;CS;26;26;SOCIETE IDEAL DISTRIBUTION SFAX;0;125275;620;PROBLEME_DATE_CMD
27004452;SO;20;20;SOCIETE EL HOUDA DISTRIBUTION;0;125276;580;PROBLEME_DATE_CMD
27004453;CO;14;14;ARMES COM;0;125277;620;PROBLEME_DATE_CMD
27004454;CS;21;21;SOCIETE TAHA DISTRIBUTION DE SUD;0;125278;580;PROBLEME_DATE_CMD
27004455;SO;16;16;STE AL AKREM DE COMM ET DISTRI EN GROS;0;125279;620;PROBLEME_DATE_CMD
27004456;CO;27;27;STE BECHIR ETTAIEB DE COMMERCE;0;125280;580;PROBLEME_DATE_CMD
27004457;CS;4;4;SUDMILK;0;125281;620;PROBLEME_DATE_CMD
27004458;SO;7;7;STE HEDI JELASSI DISTRIBUTION NORD;0;125282;580;PROBLEME_DATE_CMD
27004459;CO;28;28;SOCIETE IDEAL DISTRIBUTION SFAX;0;125283;620;PROBLEME_DATE_CMD
27004460;CS;19;19;SOCIETE EL HOUDA DISTRIBUTION;0;125284;580;PROBLEME_DATE_CMD
27004461;SO;6;6;ARMES COM;0;125275;620;PROBLEME_DATE_CMD
27004462;CO;23;23;SOCIETE TAHA DISTRIBUTION DE SUD;0;125276;580;PROBLEME_DATE_CMD
27004463;CS;20;20;STE AL AKREM DE COMM ET DISTRI EN GROS;0;125277;620;PROBLEME_DATE_CMD
27004464;SO;28;28;STE BECHIR ETTAIEB DE COMMERCE;0;125278;580;PROBLEME_DATE_CMD
27004465;CO;17;17;SUDMILK;0;125279;620;PROBLEME_DATE_CMD
27004466;CS;30;30;STE HEDI JELASSI DISTRIBUTION NORD;0;125280;580;PROBLEME_DATE_CMD
27004467;SO;14;14;SOCIETE IDEAL DISTRIBUTION SFAX;0;125281;620;PROBLEME_DATE_CMD
27004468;CO;16;16;SOCIETE EL HOUDA DISTRIBUTION;0;125282;580;PROBLEME_DATE_CMD
27004469;CS;22;22;ARMES COM;0;125283;620;PROBLEME_DATE_CMD
27004470;SO;7;7;SOCIETE TAHA DISTRIBUTION DE SUD;0;125284;580;PROBLEME_DATE_CMD
27004471;CO;30;30;STE AL AKREM DE COMM ET DISTRI EN GROS;0;125275;620;PROBLEME_DATE_CMD
27004472;CS;1;1;STE BECHIR ETTAIEB DE COMMERCE;0;125276;580;PROBLEME_DATE_CMD
27004473;SO;1;1;SUDMILK;0;125277;620;PROBLEME_DATE_CMD
27004474;CO;6;6;STE HEDI JELASSI DISTRIBUTION NORD;0;125278;580;PROBLEME_DATE_CMD
27004475;CS;11;11;SOCIETE IDEAL DISTRIBUTION SFAX;0;125279;620;PROBLEME_DATE_CMD
27004476;SO;5;5;SOCIETE EL HOUDA DISTRIBUTION;0;125280;580;PROBLEME_DATE_CMD
27004477;CO;17;17;ARMES COM;0;125281;620;PROBLEME_DATE_CMD
27004478;CS;8;8;SOCIETE TAHA DISTRIBUTION DE SUD;0;125282;580;PROBLEME_DATE_CMD
27004479;SO;30;30;STE AL AKREM DE COMM ET DISTRI EN GROS;0;125283;620;PROBLEME_DATE_CMD
27004480;CO;14;14;STE BECHIR ETTAIEB DE COMMERCE;0;125284;580;PROBLEME_DATE_CMD
27004481;CS;1;1;SUDMILK;0;125275;620;PROBLEME_DATE_CMD
27004482;SO;14;14;STE HEDI JELASSI DISTRIBUTION NORD;0;125276;580;PROBLEME_DATE_CMD
27004483;CO;4;4;SOCIETE IDEAL DISTRIBUTION SFAX;0;125277;620;PROBLEME_DATE_CMD
27004484;CS;6;6;SOCIETE EL HOUDA DISTRIBUTION;0;125278;580;PROBLEME_DATE_CMD
27004485;SO;13;13;ARMES COM;0;125279;620;PROBLEME_DATE_CMD
27004486;CO;17;17;SOCIETE TAHA DISTRIBUTION DE SUD;0;125280;580;PROBLEME_DATE_CMD
27004487;CS;27;27;STE AL AKREM DE COMM ET DISTRI EN GROS;0;125281;620;PROBLEME_DATE_CMD
27004488;SO;23;23;STE BECHIR ETTAIEB DE COMMERCE;0;125282;580;PROBLEME_DATE_CMD
27004489;CO;8;8;SUDMILK;0;125283;620;PROBLEME_DATE_CMD
27004490;CS;2;2;STE HEDI JELASSI DISTRIBUTION NORD;0;125284;580;PROBLEME_DATE_CMD
27004491;SO;24;24;SOCIETE IDEAL DISTRIBUTION SFAX;0;125275;620;PROBLEME_DATE_CMD
27004492;CO;16;16;SOCIETE EL HOUDA DISTRIBUTION;0;125276;580;PROBLEME_DATE_CMD
27004493;CS;2;2;ARMES COM;0;125277;620;PROBLEME_DATE_CMD
27004494;SO;17;17;SOCIETE TAHA DISTRIBUTION DE SUD;0;125278;580;PROBLEME_DATE_CMD
27004495;CO;16;16;STE AL AKREM DE COMM ET DISTRI EN GROS;0;125279;620;PROBLEME_DATE_CMD
27004496;CS;11;11;STE BECHIR ETTAIEB DE COMMERCE;0;125280;580;PROBLEME_DATE_CMD
27004497;SO;24;24;SUDMILK;0;125281;620;PROBLEME_DATE_CMD
27004498;CO;8;8;STE HEDI JELASSI DISTRIBUTION NORD;0;125282;580;PROBLEME_DATE_CMD
27004499;CS;19;19;SOCIETE IDEAL DISTRIBUTION SFAX;0;125283;620;PROBLEME_DATE_CMD
27004500;SO;26;26;SOCIETE EL HOUDA DISTRIBUTION;0;125284;580;PROBLEME_DATE_CMD
27004501;CO;21;21;ARMES COM;0;125275;620;PROBLEME_DATE_CMD
27004502;CS;22;22;SOCIETE TAHA DISTRIBUTION DE SUD;0;125276;580;PROBLEME_DATE_CMD
27004503;SO;25;25;STE AL AKREM DE COMM ET DISTRI EN GROS;0;125277;620;PROBLEME_DATE_CMD
27004504;CO;14;14;STE BECHIR ETTAIEB DE COMMERCE;0;125278;580;PROBLEME_DATE_CMD
27004505;CS;8;8;SUDMILK;0;125279;620;PROBLEME_DATE_CMD
27004506;SO;4;4;STE HEDI JELASSI DISTRIBUTION NORD;0;125280;580;PROBLEME_DATE_CMD
27004507;CO;3;3;SOCIETE IDEAL DISTRIBUTION SFAX;0;125281;620;PROBLEME_DATE_CMD
27004508;CS;4;4;SOCIETE EL HOUDA DISTRIBUTION;0;125282;580;PROBLEME_DATE_CMD
27004509;SO;6;6;ARMES COM;0;125283;620;PROBLEME_DATE_CMD
27004510;CO;28;28;SOCIETE TAHA DISTRIBUTION DE SUD;0;125284;580;PROBLEME_DATE_CMD
27004511;CS;14;14;STE AL AKREM DE COMM ET DISTRI EN GROS;0;125275;620;PROBLEME_DATE_CMD
27004512;SO;21;21;STE BECHIR ETTAIEB DE COMMERCE;0;125276;580;PROBLEME_DATE_CMD
27004513;CO;7;7;SUDMILK;0;125277;620;PROBLEME_DATE_CMD
27004514;CS;21;21;STE HEDI JELASSI DISTRIBUTION NORD;0;125278;580;PROBLEME_DATE_CMD
27004515;SO;21;21;SOCIETE IDEAL DISTRIBUTION SFAX;0;125279;620;PROBLEME_DATE_CMD
27004516;CO;26;26;SOCIETE EL HOUDA DISTRIBUTION;0;125280;580;PROBLEME_DATE_CMD
27004517;CS;13;13;ARMES COM;0;125281;620;PROBLEME_DATE_CMD
27004518;SO;11;11;SOCIETE TAHA DISTRIBUTION DE SUD;0;125282;580;PROBLEME_DATE_CMD
27004519;CO;29;29;STE AL AKREM DE COMM ET DISTRI EN GROS;0;125283;620;PROBLEME_DATE_CMD
27004520;CS;1;1;STE BECHIR ETTAIEB DE COMMERCE;0;125284;580;PROBLEME_DATE_CMD
27004521;SO;15;15;SUDMILK;0;125275;620;PROBLEME_DATE_CMD
27004522;CO;24;24;STE HEDI JELASSI DISTRIBUTION NORD;0;125276;580;PROBLEME_DATE_CMD
27004523;CS;26;26;SOCIETE IDEAL DISTRIBUTION SFAX;0;125277;620;PROBLEME_DATE_CMD
27004524;SO;7;7;SOCIETE EL HOUDA DISTRIBUTION;0;125278;580;PROBLEME_DATE_CMD
27004525;CO;21;21;ARMES COM;0;125279;620;PROBLEME_DATE_CMD
27004526;CS;4;4;SOCIETE TAHA DISTRIBUTION DE SUD;0;125280;580;PROBLEME_DATE_CMD
27004527;SO;2;2;STE AL AKREM DE COMM ET DISTRI EN GROS;0;125281;620;PROBLEME_DATE_CMD
27004528;CO;30;30;STE BECHIR ETTAIEB DE COMMERCE;0;125282;580;PROBLEME_DATE_CMD
27004529;CS;30;30;SUDMILK;0;125283;620;PROBLEME_DATE_CMD
27004530;SO;9;9;STE HEDI JELASSI DISTRIBUTION NORD;0;125284;580;PROBLEME_DATE_CMD
27004531;CO;20;20;SOCIETE IDEAL DISTRIBUTION SFAX;0;125275;620;PROBLEME_DATE_CMD
27004532;CS;25;25;SOCIETE EL HOUDA DISTRIBUTION;0;125276;580;PROBLEME_DATE_CMD
27004533;SO;20;20;ARMES COM;0;125277;620;PROBLEME_DATE_CMD
27004534;CO;20;20;SOCIETE TAHA DISTRIBUTION DE SUD;0;125278;580;PROBLEME_DATE_CMD
27004535;CS;12;12;STE AL AKREM DE COMM ET DISTRI EN GROS;0;125279;620;PROBLEME_DATE_CMD
27004536;SO;14;14;STE BECHIR ETTAIEB DE COMMERCE;0;125280;580;PROBLEME_DATE_CMD
27004537;CO;19;19;SUDMILK;0;125281;620;PROBLEME_DATE_CMD
27004538;CS;30;30;STE HEDI JELASSI DISTRIBUTION NORD;0;125282;580;PROBLEME_DATE_CMD
27004539;SO;13;13;SOCIETE IDEAL DISTRIBUTION SFAX;0;125283;620;PROBLEME_DATE_CMD
27004540;CO;24;24;SOCIETE EL HOUDA DISTRIBUTION;0;125284;580;PROBLEME_DATE_CMD
27004541;CS;21;21;ARMES COM;0;125275;620;PROBLEME_DATE_CMD
27004542;SO;6;6;SOCIETE TAHA DISTRIBUTION DE SUD;0;125276;580;PROBLEME_DATE_CMD
27004543;CO;7;7;STE AL AKREM DE COMM ET DISTRI EN GROS;0;125277;620;PROBLEME_DATE_CMD
27004544;CS;16;16;STE BECHIR ETTAIEB DE COMMERCE;0;125278;580;PROBLEME_DATE_CMD
27004545;SO;10;10;SUDMILK;0;125279;620;PROBLEME_DATE_CMD
27004546;CO;22;22;STE HEDI JELASSI DISTRIBUTION NORD;0;125280;580;PROBLEME_DATE_CMD
27004547;CS;7;7;SOCIETE IDEAL DISTRIBUTION SFAX;0;125281;620;PROBLEME_DATE_CMD
27004548;SO;5;5;SOCIETE EL HOUDA DISTRIBUTION;0;125282;580;PROBLEME_DATE_CMD
27004549;CO;4;4;ARMES COM;0;125283;620;PROBLEME_DATE_CMD
27004550;CS;30;30;SOCIETE TAHA DISTRIBUTION DE SUD;0;125284;580;PROBLEME_DATE_CMD
27004551;SO;2;2;STE AL AKREM DE COMM ET DISTRI EN GROS;0;125275;620;PROBLEME_DATE_CMD
27004552;CO;18;18;STE BECHIR ETTAIEB DE COMMERCE;0;125276;580;PROBLEME_DATE_CMD
27004553;CS;21;21;SUDMILK;0;125277;620;PROBLEME_DATE_CMD
27004554;SO;28;28;STE HEDI JELASSI DISTRIBUTION NORD;0;125278;580;PROBLEME_DATE_CMD
27004555;CO;18;18;SOCIETE IDEAL DISTRIBUTION SFAX;0;125279;620;PROBLEME_DATE_CMD
27004556;CS;5;5;SOCIETE EL HOUDA DISTRIBUTION;0;125280;580;PROBLEME_DATE_CMD
27004557;SO;23;23;ARMES COM;0;125281;620;PROBLEME_DATE_CMD
27004558;CO;5;5;SOCIETE TAHA DISTRIBUTION DE SUD;0;125282;580;PROBLEME_DATE_CMD
27004559;CS;9;9;STE AL AKREM DE COMM ET DISTRI EN GROS;0;125283;620;PROBLEME_DATE_CMD
27004560;SO;4;4;STE BECHIR ETTAIEB DE COMMERCE;0;125284;580;PROBLEME_DATE_CMD
27004561;CO;2;2;SUDMILK;0;125275;620;PROBLEME_DATE_CMD
27004562;CS;4;4;STE HEDI JELASSI DISTRIBUTION NORD;0;125276;580;PROBLEME_DATE_CMD
27004563;SO;27;27;SOCIETE IDEAL DISTRIBUTION SFAX;0;125277;620;PROBLEME_DATE_CMD
27004564;CO;27;27;SOCIETE EL HOUDA DISTRIBUTION;0;125278;580;PROBLEME_DATE_CMD
27004565;CS;30;30;ARMES COM;0;125279;620;PROBLEME_DATE_CMD
27004566;SO;5;5;SOCIETE TAHA DISTRIBUTION DE SUD;0;125280;580;PROBLEME_DATE_CMD
27004567;CO;2;2;STE AL AKREM DE COMM ET DISTRI EN GROS;0;125281;620;PROBLEME_DATE_CMD
27004568;CS;21;21;STE BECHIR ETTAIEB DE COMMERCE;0;125282;580;PROBLEME_DATE_CMD
27004569;SO;10;10;SUDMILK;0;125283;620;PROBLEME_DATE_CMD
27004570;CO;12;12;STE HEDI JELASSI DISTRIBUTION NORD;0;125284;580;PROBLEME_DATE_CMD
27004571;CS;1;1;SOCIETE IDEAL DISTRIBUTION SFAX;0;125275;620;PROBLEME_DATE_CMD
27004572;SO;4;4;SOCIETE EL HOUDA DISTRIBUTION;0;125276;580;PROBLEME_DATE_CMD
27004573;CO;19;19;ARMES COM;0;125277;620;PROBLEME_DATE_CMD
27004574;CS;27;27;SOCIETE TAHA DISTRIBUTION DE SUD;0;125278;580;PROBLEME_DATE_CMD
27004575;SO;13;13;STE AL AKREM DE COMM ET DISTRI EN GROS;0;125279;620;PROBLEME_DATE_CMD
27004576;CO;4;4;STE BECHIR ETTAIEB DE COMMERCE;0;125280;580;PROBLEME_DATE_CMD
27004577;CS;14;14;SUDMILK;0;125281;620;PROBLEME_DATE_CMD
27004578;SO;29;29;STE HEDI JELASSI DISTRIBUTION NORD;0;125282;580;PROBLEME_DATE_CMD
27004579;CO;28;28;SOCIETE IDEAL DISTRIBUTION SFAX;0;125283;620;PROBLEME_DATE_CMD
27004580;CS;9;9;SOCIETE EL HOUDA DISTRIBUTION;0;125284;580;PROBLEME_DATE_CMD
27004581;SO;27;27;ARMES COM;0;125275;620;PROBLEME_DATE_CMD
27004582;CO;25;25;SOCIETE TAHA DISTRIBUTION DE SUD;0;125276;580;PROBLEME_DATE_CMD
27004583;CS;13;13;STE AL AKREM DE COMM ET DISTRI EN GROS;0;125277;620;PROBLEME_DATE_CMD
27004584;SO;14;14;STE BECHIR ETTAIEB DE COMMERCE;0;125278;580;PROBLEME_DATE_CMD
27004585;CO;6;6;SUDMILK;0;125279;620;PROBLEME_DATE_CMD
27004586;CS;20;20;STE HEDI JELASSI DISTRIBUTION NORD;0;125280;580;PROBLEME_DATE_CMD
27004587;SO;9;9;SOCIETE IDEAL DISTRIBUTION SFAX;0;125281;620;PROBLEME_DATE_CMD
27004588;CO;7;7;SOCIETE EL HOUDA DISTRIBUTION;0;125282;580;PROBLEME_DATE_CMD
27004589;CS;18;18;ARMES COM;0;125283;620;PROBLEME_DATE_CMD
27004590;SO;7;7;SOCIETE TAHA DISTRIBUTION DE SUD;0;125284;580;PROBLEME_DATE_CMD
27004591;CO;3;3;STE AL AKREM DE COMM ET DISTRI EN GROS;0;125275;620;PROBLEME_DATE_CMD
27004592;CS;18;18;STE BECHIR ETTAIEB DE COMMERCE;0;125276;580;PROBLEME_DATE_CMD
27004593;SO;10;10;SUDMILK;0;125277;620;PROBLEME_DATE_CMD
27004594;CO;12;12;STE HEDI JELASSI DISTRIBUTION NORD;0;125278;580;PROBLEME_DATE_CMD
27004595;CS;12;12;SOCIETE IDEAL DISTRIBUTION SFAX;0;125279;620;PROBLEME_DATE_CMD
27004596;SO;13;13;SOCIETE EL HOUDA DISTRIBUTION;0;125280;580;PROBLEME_DATE_CMD
27004597;CO;7;7;ARMES COM;0;125281;620;PROBLEME_DATE_CMD
27004598;CS;14;14;SOCIETE TAHA DISTRIBUTION DE SUD;0;125282;580;PROBLEME_DATE_CMD
27004599;SO;24;24;STE AL AKREM DE COMM ET DISTRI EN GROS;0;125283;620;PROBLEME_DATE_CMD
27004600;CO;19;19;STE BECHIR ETTAIEB DE COMMERCE;0;125284;580;PROBLEME_DATE_CMD
27004601;CS;26;26;SUDMILK;0;125275;620;PROBLEME_DATE_CMD
27004602;SO;11;11;STE HEDI JELASSI DISTRIBUTION NORD;0;125276;580;PROBLEME_DATE_CMD
27004603;CO;30;30;SOCIETE IDEAL DISTRIBUTION SFAX;0;125277;620;PROBLEME_DATE_CMD
27004604;CS;17;17;SOCIETE EL HOUDA DISTRIBUTION;0;125278;580;PROBLEME_DATE_CMD
27004605;SO;26;26;ARMES COM;0;125279;620;PROBLEME_DATE_CMD
27004606;CO;28;28;SOCIETE TAHA DISTRIBUTION DE SUD;0;125280;580;PROBLEME_DATE_CMD
27004607;CS;13;13;STE AL AKREM DE COMM ET DISTRI EN GROS;0;125281;620;PROBLEME_DATE_CMD
27004608;SO;4;4;STE BECHIR ETTAIEB DE COMMERCE;0;125282;580;PROBLEME_DATE_CMD
27004609;CO;27;27;SUDMILK;0;125283;620;PROBLEME_DATE_CMD
27004610;CS;6;6;STE HEDI JELASSI DISTRIBUTION NORD;0;125284;580;PROBLEME_DATE_CMD
27004611;SO;21;21;SOCIETE IDEAL DISTRIBUTION SFAX;0;125275;620;PROBLEME_DATE_CMD
27004612;CO;7;7;SOCIETE EL HOUDA DISTRIBUTION;0;125276;580;PROBLEME_DATE_CMD
27004613;CS;2;2;ARMES COM;0;125277;620;PROBLEME_DATE_CMD
27004614;SO;8;8;SOCIETE TAHA DISTRIBUTION DE SUD;0;125278;580;PROBLEME_DATE_CMD
27004615;CO;1;1;STE AL AKREM DE COMM ET DISTRI EN GROS;0;125279;620;PROBLEME_DATE_CMD
27004616;CS;18;18;STE BECHIR ETTAIEB DE COMMERCE;0;125280;580;PROBLEME_DATE_CMD
27004617;SO;29;29;SUDMILK;0;125281;620;PROBLEME_DATE_CMD
27004618;CO;16;16;STE HEDI JELASSI DISTRIBUTION NORD;0;125282;580;PROBLEME_DATE_CMD
27004619;CS;8;8;SOCIETE IDEAL DISTRIBUTION SFAX;0;125283;620;PROBLEME_DATE_CMD
27004620;SO;19;19;SOCIETE EL HOUDA DISTRIBUTION;0;125284;580;PROBLEME_DATE_CMD
27004621;CO;12;12;ARMES COM;0;125275;620;PROBLEME_DATE_CMD
27004622;CS;12;12;SOCIETE TAHA DISTRIBUTION DE SUD;0;125276;580;PROBLEME_DATE_CMD
27004623;SO;29;29;STE AL AKREM DE COMM ET DISTRI EN GROS;0;125277;620;PROBLEME_DATE_CMD
27004624;CO;6;6;STE BECHIR ETTAIEB DE COMMERCE;0;125278;580;PROBLEME_DATE_CMD
27004625;CS;7;7;SUDMILK;0;125279;620;PROBLEME_DATE_CMD
27004626;SO;15;15;STE HEDI JELASSI DISTRIBUTION NORD;0;125280;580;PROBLEME_DATE_CMD
27004627;CO;13;13;SOCIETE IDEAL DISTRIBUTION SFAX;0;125281;620;PROBLEME_DATE_CMD
27004628;CS;2;2;SOCIETE EL HOUDA DISTRIBUTION;0;125282;580;PROBLEME_DATE_CMD
27004629;SO;26;26;ARMES COM;0;125283;620;PROBLEME_DATE_CMD
27004630;CO;1;1;SOCIETE TAHA DISTRIBUTION DE SUD;0;125284;580;PROBLEME_DATE_CMD
27004631;CS;2;2;STE AL AKREM DE COMM ET DISTRI EN GROS;0;125275;620;PROBLEME_DATE_CMD
27004632;SO;5;5;STE BECHIR ETTAIEB DE COMMERCE;0;125276;580;PROBLEME_DATE_CMD
27004633;CO;3;3;SUDMILK;0;125277;620;PROBLEME_DATE_CMD
27004634;CS;4;4;STE HEDI JELASSI DISTRIBUTION NORD;0;125278;580;PROBLEME_DATE_CMD
27004635;SO;1;1;SOCIETE IDEAL DISTRIBUTION SFAX;0;125279;620;PROBLEME_DATE_CMD
27004636;CO;6;6;SOCIETE EL HOUDA DISTRIBUTION;0;125280;580;PROBLEME_DATE_CMD
27004637;CS;25;25;ARMES COM;0;125281;620;PROBLEME_DATE_CMD
27004638;SO;24;24;SOCIETE TAHA DISTRIBUTION DE SUD;0;125282;580;PROBLEME_DATE_CMD
27004639;CO;29;29;STE AL AKREM DE COMM ET DISTRI EN GROS;0;125283;620;PROBLEME_DATE_CMD
27004640;CS;16;16;STE BECHIR ETTAIEB DE COMMERCE;0;125284;580;PROBLEME_DATE_CMD
27004641;SO;4;4;SUDMILK;0;125275;620;PROBLEME_DATE_CMD
27004642;CO;9;9;STE HEDI JELASSI DISTRIBUTION NORD;0;125276;580;PROBLEME_DATE_CMD
27004643;CS;11;11;SOCIETE IDEAL DISTRIBUTION SFAX;0;125277;620;PROBLEME_DATE_CMD
27004644;SO;4;4;SOCIETE EL HOUDA DISTRIBUTION;0;125278;580;PROBLEME_DATE_CMD
27004645;CO;2;2;ARMES COM;0;125279;620;PROBLEME_DATE_CMD
27004646;CS;14;14;SOCIETE TAHA DISTRIBUTION DE SUD;0;125280;580;PROBLEME_DATE_CMD
27004647;SO;6;6;STE AL AKREM DE COMM ET DISTRI EN GROS;0;125281;620;PROBLEME_DATE_CMD
27004648;CO;19;19;STE BECHIR ETTAIEB DE COMMERCE;0;125282;580;PROBLEME_DATE_CMD
27004649;CS;25;25;SUDMILK;0;125283;620;PROBLEME_DATE_CMD
27004650;SO;2;2;STE HEDI JELASSI DISTRIBUTION NORD;0;125284;580;PROBLEME_DATE_CMD
27004651;CO;9;9;SOCIETE IDEAL DISTRIBUTION SFAX;0;125275;620;PROBLEME_DATE_CMD
27004652;CS;24;24;SOCIETE EL HOUDA DISTRIBUTION;0;125276;580;PROBLEME_DATE_CMD
27004653;SO;4;4;ARMES COM;0;125277;620;PROBLEME_DATE_CMD
27004654;CO;7;7;SOCIETE TAHA DISTRIBUTION DE SUD;0;125278;580;PROBLEME_DATE_CMD
27004655;CS;15;15;STE AL AKREM DE COMM ET DISTRI EN GROS;0;125279;620;PROBLEME_DATE_CMD
27004656;SO;8;8;STE BECHIR ETTAIEB DE COMMERCE;0;125280;580;PROBLEME_DATE_CMD
27004657;CO;21;21;SUDMILK;0;125281;620;PROBLEME_DATE_CMD
27004658;CS;1;1;STE HEDI JELASSI DISTRIBUTION NORD;0;125282;580;PROBLEME_DATE_CMD
27004659;SO;1;1;SOCIETE IDEAL DISTRIBUTION SFAX;0;125283;620;PROBLEME_DATE_CMD
27004660;CO;18;18;SOCIETE EL HOUDA DISTRIBUTION;0;125284;580;PROBLEME_DATE_CMD
27004661;CS;20;20;ARMES COM;0;125275;620;PROBLEME_DATE_CMD
27004662;SO;15;15;SOCIETE TAHA DISTRIBUTION DE SUD;0;125276;580;PROBLEME_DATE_CMD
27004663;CO;18;18;STE AL AKREM DE COMM ET DISTRI EN GROS;0;125277;620;PROBLEME_DATE_CMD
27004664;CS;27;27;STE BECHIR ETTAIEB DE COMMERCE;0;125278;580;PROBLEME_DATE_CMD
27004665;SO;1;1;SUDMILK;0;125279;620;PROBLEME_DATE_CMD
27004666;CO;7;7;STE HEDI JELASSI DISTRIBUTION NORD;0;125280;580;PROBLEME_DATE_CMD
27004667;CS;4;4;SOCIETE IDEAL DISTRIBUTION SFAX;0;125281;620;PROBLEME_DATE_CMD
27004668;SO;9;9;SOCIETE EL HOUDA DISTRIBUTION;0;125282;580;PROBLEME_DATE_CMD
27004669;CO;11;11;ARMES COM;0;125283;620;PROBLEME_DATE_CMD
27004670;CS;10;10;SOCIETE TAHA DISTRIBUTION DE SUD;0;125284;580;PROBLEME_DATE_CMD
27004671;SO;13;13;STE AL AKREM DE COMM ET DISTRI EN GROS;0;125275;620;PROBLEME_DATE_CMD
27004672;CO;5;5;STE BECHIR ETTAIEB DE COMMERCE;0;125276;580;PROBLEME_DATE_CMD
27004673;CS;23;23;SUDMILK;0;125277;620;PROBLEME_DATE_CMD
27004674;SO;30;30;STE HEDI JELASSI DISTRIBUTION NORD;0;125278;580;PROBLEME_DATE_CMD
27004675;CO;10;10;SOCIETE IDEAL DISTRIBUTION SFAX;0;125279;620;PROBLEME_DATE_CMD
27004676;CS;12;12;SOCIETE EL HOUDA DISTRIBUTION;0;125280;580;PROBLEME_DATE_CMD
27004677;SO;21;21;ARMES COM;0;125281;620;PROBLEME_DATE_CMD
27004678;CO;11;11;SOCIETE TAHA DISTRIBUTION DE SUD;0;125282;580;PROBLEME_DATE_CMD
27004679;CS;24;24;STE AL AKREM DE COMM ET DISTRI EN GROS;0;125283;620;PROBLEME_DATE_CMD
27004680;SO;6;6;STE BECHIR ETTAIEB DE COMMERCE;0;125284;580;PROBLEME_DATE_CMD
27004681;CO;29;29;SUDMILK;0;125275;620;PROBLEME_DATE_CMD
27004682;CS;8;8;STE HEDI JELASSI DISTRIBUTION NORD;0;125276;580;PROBLEME_DATE_CMD
27004683;SO;1;1;SOCIETE IDEAL DISTRIBUTION SFAX;0;125277;620;PROBLEME_DATE_CMD
27004684;CO;11;11;SOCIETE EL HOUDA DISTRIBUTION;0;125278;580;PROBLEME_DATE_CMD
27004685;CS;26;26;ARMES COM;0;125279;620;PROBLEME_DATE_CMD
27004686;SO;25;25;SOCIETE TAHA DISTRIBUTION DE SUD;0;125280;580;PROBLEME_DATE_CMD
27004687;CO;22;22;STE AL AKREM DE COMM ET DISTRI EN GROS;0;125281;620;PROBLEME_DATE_CMD
27004688;CS;11;11;STE BECHIR ETTAIEB DE COMMERCE;0;125282;580;PROBLEME_DATE_CMD
27004689;SO;23;23;SUDMILK;0;125283;620;PROBLEME_DATE_CMD
27004690;CO;25;25;STE HEDI JELASSI DISTRIBUTION NORD;0;125284;580;PROBLEME_DATE_CMD
27004691;CS;9;9;SOCIETE IDEAL DISTRIBUTION SFAX;0;125275;620;PROBLEME_DATE_CMD
27004692;SO;12;12;SOCIETE EL HOUDA DISTRIBUTION;0;125276;580;PROBLEME_DATE_CMD
27004693;CO;22;22;ARMES COM;0;125277;620;PROBLEME_DATE_CMD
27004694;CS;7;7;SOCIETE TAHA DISTRIBUTION DE SUD;0;125278;580;PROBLEME_DATE_CMD
27004695;SO;30;30;STE AL AKREM DE COMM ET DISTRI EN GROS;0;125279;620;PROBLEME_DATE_CMD
27004696;CO;24;24;STE BECHIR ETTAIEB DE COMMERCE;0;125280;580;PROBLEME_DATE_CMD
27004697;CS;24;24;SUDMILK;0;125281;620;PROBLEME_DATE_CMD
27004698;SO;15;15;STE HEDI JELASSI DISTRIBUTION NORD;0;125282;580;PROBLEME_DATE_CMD
27004699;CO;13;13;SOCIETE IDEAL DISTRIBUTION SFAX;0;125283;620;PROBLEME_DATE_CMD
27004700;CS;4;4;SOCIETE EL HOUDA DISTRIBUTION;0;125284;580;PROBLEME_DATE_CMD
27004701;SO;10;10;ARMES COM;0;125275;620;PROBLEME_DATE_CMD
27004702;CO;6;6;SOCIETE TAHA DISTRIBUTION DE SUD;0;125276;580;PROBLEME_DATE_CMD
27004703;CS;6;6;STE AL AKREM DE COMM ET DISTRI EN GROS;0;125277;620;PROBLEME_DATE_CMD
27004704;SO;13;13;STE BECHIR ETTAIEB DE COMMERCE;0;125278;580;PROBLEME_DATE_CMD
27004705;CO;19;19;SUDMILK;0;125279;620;PROBLEME_DATE_CMD
27004706;CS;12;12;STE HEDI JELASSI DISTRIBUTION NORD;0;125280;580;PROBLEME_DATE_CMD
27004707;SO;23;23;SOCIETE IDEAL DISTRIBUTION SFAX;0;125281;620;PROBLEME_DATE_CMD
27004708;CO;4;4;SOCIETE EL HOUDA DISTRIBUTION;0;125282;580;PROBLEME_DATE_CMD
27004709;CS;15;15;ARMES COM;0;125283;620;PROBLEME_DATE_CMD
27004710;SO;25;25;SOCIETE TAHA DISTRIBUTION DE SUD;0;125284;580;PROBLEME_DATE_CMD
27004711;CO;5;5;STE AL AKREM DE COMM ET DISTRI EN GROS;0;125275;620;PROBLEME_DATE_CMD
27004712;CS;2;2;STE BECHIR ETTAIEB DE COMMERCE;0;125276;580;PROBLEME_DATE_CMD
27004713;SO;11;11;SUDMILK;0;125277;620;PROBLEME_DATE_CMD
27004714;CO;19;19;STE HEDI JELASSI DISTRIBUTION NORD;0;125278;580;PROBLEME_DATE_CMD
27004715;CS;2;2;SOCIETE IDEAL DISTRIBUTION SFAX;0;125279;620;PROBLEME_DATE_CMD
27004716;SO;3;3;SOCIETE EL HOUDA DISTRIBUTION;0;125280;580;PROBLEME_DATE_CMD
27004717;CO;9;9;ARMES COM;0;125281;620;PROBLEME_DATE_CMD
27004718;CS;26;26;SOCIETE TAHA DISTRIBUTION DE SUD;0;125282;580;PROBLEME_DATE_CMD
27004719;SO;6;6;STE AL AKREM DE COMM ET DISTRI EN GROS;0;125283;620;PROBLEME_DATE_CMD
27004720;CO;21;21;STE BECHIR ETTAIEB DE COMMERCE;0;125284;580;PROBLEME_DATE_CMD
27004721;CS;26;26;SUDMILK;0;125275;620;PROBLEME_DATE_CMD
27004722;SO;9;9;STE HEDI JELASSI DISTRIBUTION NORD;0;125276;580;PROBLEME_DATE_CMD
27004723;CO;17;17;SOCIETE IDEAL DISTRIBUTION SFAX;0;125277;620;PROBLEME_DATE_CMD
27004724;CS;28;28;SOCIETE EL HOUDA DISTRIBUTION;0;125278;580;PROBLEME_DATE_CMD
27004725;SO;8;8;ARMES COM;0;125279;620;PROBLEME_DATE_CMD
27004726;CO;20;20;SOCIETE TAHA DISTRIBUTION DE SUD;0;125280;580;PROBLEME_DATE_CMD
27004727;CS;3;3;STE AL AKREM DE COMM ET DISTRI EN GROS;0;125281;620;PROBLEME_DATE_CMD
27004728;SO;25;25;STE BECHIR ETTAIEB DE COMMERCE;0;125282;580;PROBLEME_DATE_CMD
27004729;CO;27;27;SUDMILK;0;125283;620;PROBLEME_DATE_CMD
27004730;CS;9;9;STE HEDI JELASSI DISTRIBUTION NORD;0;125284;580;PROBLEME_DATE_CMD
27004731;SO;28;28;SOCIETE IDEAL DISTRIBUTION SFAX;0;125275;620;PROBLEME_DATE_CMD
27004732;CO;11;11;SOCIETE EL HOUDA DISTRIBUTION;0;125276;580;PROBLEME_DATE_CMD
27004733;CS;2;2;ARMES COM;0;125277;620;PROBLEME_DATE_CMD
27004734;SO;12;12;SOCIETE TAHA DISTRIBUTION DE SUD;0;125278;580;PROBLEME_DATE_CMD
27004735;CO;22;22;STE AL AKREM DE COMM ET DISTRI EN GROS;0;125279;620;PROBLEME_DATE_CMD
27004736;CS;11;11;STE BECHIR ETTAIEB DE COMMERCE;0;125280;580;PROBLEME_DATE_CMD
27004737;SO;16;16;SUDMILK;0;125281;620;PROBLEME_DATE_CMD
27004738;CO;14;14;STE HEDI JELASSI DISTRIBUTION NORD;0;125282;580;PROBLEME_DATE_CMD
27004739;CS;6;6;SOCIETE IDEAL DISTRIBUTION SFAX;0;125283;620;PROBLEME_DATE_CMD
27004740;SO;16;16;SOCIETE EL HOUDA DISTRIBUTION;0;125284;580;PROBLEME_DATE_CMD
27004741;CO;30;30;ARMES COM;0;125275;620;PROBLEME_DATE_CMD
27004742;CS;16;16;SOCIETE TAHA DISTRIBUTION DE SUD;0;125276;580;PROBLEME_DATE_CMD
27004743;SO;24;24;STE AL AKREM DE COMM ET DISTRI EN GROS;0;125277;620;PROBLEME_DATE_CMD
27004744;CO;28;28;STE BECHIR ETTAIEB DE COMMERCE;0;125278;580;PROBLEME_DATE_CMD
27004745;CS;25;25;SUDMILK;0;125279;620;PROBLEME_DATE_CMD
27004746;SO;15;15;STE HEDI JELASSI DISTRIBUTION NORD;0;125280;580;PROBLEME_DATE_CMD
27004747;CO;7;7;SOCIETE IDEAL DISTRIBUTION SFAX;0;125281;620;PROBLEME_DATE_CMD
27004748;CS;14;14;SOCIETE EL HOUDA DISTRIBUTION;0;125282;580;PROBLEME_DATE_CMD
27004749;SO;25;25;ARMES COM;0;125283;620;PROBLEME_DATE_CMD
27004750;CO;8;8;SOCIETE TAHA DISTRIBUTION DE SUD;0;125284;580;PROBLEME_DATE_CMD
27004751;CS;30;30;STE AL AKREM DE COMM ET DISTRI EN GROS;0;125275;620;PROBLEME_DATE_CMD
27004752;SO;7;7;STE BECHIR ETTAIEB DE COMMERCE;0;125276;580;PROBLEME_DATE_CMD
27004753;CO;13;13;SUDMILK;0;125277;620;PROBLEME_DATE_CMD
27004754;CS;25;25;STE HEDI JELASSI DISTRIBUTION NORD;0;125278;580;PROBLEME_DATE_CMD
27004755;SO;8;8;SOCIETE IDEAL DISTRIBUTION SFAX;0;125279;620;PROBLEME_DATE_CMD
27004756;CO;9;9;SOCIETE EL HOUDA DISTRIBUTION;0;125280;580;PROBLEME_DATE_CMD
27004757;CS;22;22;ARMES COM;0;125281;620;PROBLEME_DATE_CMD
27004758;SO;2;2;SOCIETE TAHA DISTRIBUTION DE SUD;0;125282;580;PROBLEME_DATE_CMD
27004759;CO;9;9;STE AL AKREM DE COMM ET DISTRI EN GROS;0;125283;620;PROBLEME_DATE_CMD
27004760;CS;11;11;STE BECHIR ETTAIEB DE COMMERCE;0;125284;580;PROBLEME_DATE_CMD
27004761;SO;2;2;SUDMILK;0;125275;620;PROBLEME_DATE_CMD
27004762;CO;13;13;STE HEDI JELASSI DISTRIBUTION NORD;0;125276;580;PROBLEME_DATE_CMD
27004763;CS;13;13;SOCIETE IDEAL DISTRIBUTION SFAX;0;125277;620;PROBLEME_DATE_CMD
27004764;SO;14;14;SOCIETE EL HOUDA DISTRIBUTION;0;125278;580;PROBLEME_DATE_CMD
27004765;CO;18;18;ARMES COM;0;125279;620;PROBLEME_DATE_CMD
27004766;CS;19;19;SOCIETE TAHA DISTRIBUTION DE SUD;0;125280;580;PROBLEME_DATE_CMD
27004767;SO;11;11;STE AL AKREM DE COMM ET DISTRI EN GROS;0;125281;620;PROBLEME_DATE_CMD
27004768;CO;6;6;STE BECHIR ETTAIEB DE COMMERCE;0;125282;580;PROBLEME_DATE_CMD
27004769;CS;5;5;SUDMILK;0;125283;620;PROBLEME_DATE_CMD
27004770;SO;1;1;STE HEDI JELASSI DISTRIBUTION NORD;0;125284;580;PROBLEME_DATE_CMD
27004771;CO;6;6;SOCIETE IDEAL DISTRIBUTION SFAX;0;125275;620;PROBLEME_DATE_CMD
27004772;CS;11;11;SOCIETE EL HOUDA DISTRIBUTION;0;125276;580;PROBLEME_DATE_CMD
27004773;SO;10;10;ARMES COM;0;125277;620;PROBLEME_DATE_CMD
27004774;CO;12;12;SOCIETE TAHA DISTRIBUTION DE SUD;0;125278;580;PROBLEME_DATE_CMD
27004775;CS;22;22;STE AL AKREM DE COMM ET DISTRI EN GROS;0;125279;620;PROBLEME_DATE_CMD
27004776;SO;21;21;STE BECHIR ETTAIEB DE COMMERCE;0;125280;580;PROBLEME_DATE_CMD
27004777;CO;2;2;SUDMILK;0;125281;620;PROBLEME_DATE_CMD
27004778;CS;6;6;STE HEDI JELASSI DISTRIBUTION NORD;0;125282;580;PROBLEME_DATE_CMD
27004779;SO;12;12;SOCIETE IDEAL DISTRIBUTION SFAX;0;125283;620;PROBLEME_DATE_CMD
27004780;CO;9;9;SOCIETE EL HOUDA DISTRIBUTION;0;125284;580;PROBLEME_DATE_CMD
27004781;CS;23;23;ARMES COM;0;125275;620;PROBLEME_DATE_CMD
27004782;SO;7;7;SOCIETE TAHA DISTRIBUTION DE SUD;0;125276;580;PROBLEME_DATE_CMD
27004783;CO;25;25;STE AL AKREM DE COMM ET DISTRI EN GROS;0;125277;620;PROBLEME_DATE_CMD
27004784;CS;21;21;STE BECHIR ETTAIEB DE COMMERCE;0;125278;580;PROBLEME_DATE_CMD
27004785;SO;30;30;SUDMILK;0;125279;620;PROBLEME_DATE_CMD
27004786;CO;1;1;STE HEDI JELASSI DISTRIBUTION NORD;0;125280;580;PROBLEME_DATE_CMD
27004787;CS;7;7;SOCIETE IDEAL DISTRIBUTION SFAX;0;125281;620;PROBLEME_DATE_CMD
27004788;SO;5;5;SOCIETE EL HOUDA DISTRIBUTION;0;125282;580;PROBLEME_DATE_CMD
27004789;CO;17;17;ARMES COM;0;125283;620;PROBLEME_DATE_CMD
27004790;CS;2;2;SOCIETE TAHA DISTRIBUTION DE SUD;0;125284;580;PROBLEME_DATE_CMD
27004791;SO;20;20;STE AL AKREM DE COMM ET DISTRI EN GROS;0;125275;620;PROBLEME_DATE_CMD
27004792;CO;7;7;STE BECHIR ETTAIEB DE COMMERCE;0;125276;580;PROBLEME_DATE_CMD
27004793;CS;15;15;SUDMILK;0;125277;620;PROBLEME_DATE_CMD
27004794;SO;8;8;STE HEDI JELASSI DISTRIBUTION NORD;0;125278;580;PROBLEME_DATE_CMD
27004795;CO;18;18;SOCIETE IDEAL DISTRIBUTION SFAX;0;125279;620;PROBLEME_DATE_CMD
27004796;CS;10;10;SOCIETE EL HOUDA DISTRIBUTION;0;125280;580;PROBLEME_DATE_CMD
27004797;SO;26;26;ARMES COM;0;125281;620;PROBLEME_DATE_CMD
27004798;CO;23;23;SOCIETE TAHA DISTRIBUTION DE SUD;0;125282;580;PROBLEME_DATE_CMD
27004799;CS;6;6;STE AL AKREM DE COMM ET DISTRI EN GROS;0;125283;620;PROBLEME_DATE_CMD
27004800;SO;9;9;STE BECHIR ETTAIEB DE COMMERCE;0;125284;580;PROBLEME_DATE_CMD
27004801;CO;10;10;SUDMILK;0;125275;620;PROBLEME_DATE_CMD
27004802;CS;20;20;STE HEDI JELASSI DISTRIBUTION NORD;0;125276;580;PROBLEME_DATE_CMD
27004803;SO;14;14;SOCIETE IDEAL DISTRIBUTION SFAX;0;125277;620;PROBLEME_DATE_CMD
27004804;CO;16;16;SOCIETE EL HOUDA DISTRIBUTION;0;125278;580;PROBLEME_DATE_CMD
27004805;CS;6;6;ARMES COM;0;125279;620;PROBLEME_DATE_CMD
27004806;SO;23;23;SOCIETE TAHA DISTRIBUTION DE SUD;0;125280;580;PROBLEME_DATE_CMD
27004807;CO;5;5;STE AL AKREM DE COMM ET DISTRI EN GROS;0;125281;620;PROBLEME_DATE_CMD
27004808;CS;22;22;STE BECHIR ETTAIEB DE COMMERCE;0;125282;580;PROBLEME_DATE_CMD
27004809;SO;22;22;SUDMILK;0;125283;620;PROBLEME_DATE_CMD
27004810;CO;3;3;STE HEDI JELASSI DISTRIBUTION NORD;0;125284;580;PROBLEME_DATE_CMD
27004811;CS;21;21;SOCIETE IDEAL DISTRIBUTION SFAX;0;125275;620;PROBLEME_DATE_CMD
27004812;SO;9;9;SOCIETE EL HOUDA DISTRIBUTION;0;125276;580;PROBLEME_DATE_CMD
27004813;CO;2;2;ARMES COM;0;125277;620;PROBLEME_DATE_CMD
27004814;CS;2;2;SOCIETE TAHA DISTRIBUTION DE SUD;0;125278;580;PROBLEME_DATE_CMD
27004815;SO;9;9;STE AL AKREM DE COMM ET DISTRI EN GROS;0;125279;620;PROBLEME_DATE_CMD
27004816;CO;11;11;STE BECHIR ETTAIEB DE COMMERCE;0;125280;580;PROBLEME_DATE_CMD
27004817;CS;8;8;SUDMILK;0;125281;620;PROBLEME_DATE_CMD
27004818;SO;14;14;STE HEDI JELASSI DISTRIBUTION NORD;0;125282;580;PROBLEME_DATE_CMD
27004819;CO;23;23;SOCIETE IDEAL DISTRIBUTION SFAX;0;125283;620;PROBLEME_DATE_CMD
27004820;CS;28;28;SOCIETE EL HOUDA DISTRIBUTION;0;125284;580;PROBLEME_DATE_CMD
27004821;SO;10;10;ARMES COM;0;125275;620;PROBLEME_DATE_CMD
27004822;CO;10;10;SOCIETE TAHA DISTRIBUTION DE SUD;0;125276;580;PROBLEME_DATE_CMD
27004823;CS;24;24;STE AL AKREM DE COMM ET DISTRI EN GROS;0;125277;620;PROBLEME_DATE_CMD
27004824;SO;5;5;STE BECHIR ETTAIEB DE COMMERCE;0;125278;580;PROBLEME_DATE_CMD
27004825;CO;10;10;SUDMILK;0;125279;620;PROBLEME_DATE_CMD
27004826;CS;29;29;STE HEDI JELASSI DISTRIBUTION NORD;0;125280;580;PROBLEME_DATE_CMD
27004827;SO;27;27;SOCIETE IDEAL DISTRIBUTION SFAX;0;125281;620;PROBLEME_DATE_CMD
27004828;CO;19;19;SOCIETE EL HOUDA DISTRIBUTION;0;125282;580;PROBLEME_DATE_CMD
27004829;CS;19;19;ARMES COM;0;125283;620;PROBLEME_DATE_CMD
27004830;SO;17;17;SOCIETE TAHA DISTRIBUTION DE SUD;0;125284;580;PROBLEME_DATE_CMD
27004831;CO;23;23;STE AL AKREM DE COMM ET DISTRI EN GROS;0;125275;620;PROBLEME_DATE_CMD
27004832;CS;1;1;STE BECHIR ETTAIEB DE COMMERCE;0;125276;580;PROBLEME_DATE_CMD
27004833;SO;10;10;SUDMILK;0;125277;620;PROBLEME_DATE_CMD
27004834;CO;26;26;STE HEDI JELASSI DISTRIBUTION NORD;0;125278;580;PROBLEME_DATE_CMD
27004835;CS;21;21;SOCIETE IDEAL DISTRIBUTION SFAX;0;125279;620;PROBLEME_DATE_CMD
27004836;SO;8;8;SOCIETE EL HOUDA DISTRIBUTION;0;125280;580;PROBLEME_DATE_CMD
27004837;CO;2;2;ARMES COM;0;125281;620;PROBLEME_DATE_CMD
27004838;CS;28;28;SOCIETE TAHA DISTRIBUTION DE SUD;0;125282;580;PROBLEME_DATE_CMD
27004839;SO;8;8;STE AL AKREM DE COMM ET DISTRI EN GROS;0;125283;620;PROBLEME_DATE_CMD
27004840;CO;14;14;STE BECHIR ETTAIEB DE COMMERCE;0;125284;580;PROBLEME_DATE_CMD
27004841;CS;23;23;SUDMILK;0;125275;620;PROBLEME_DATE_CMD
27004842;SO;23;23;STE HEDI JELASSI DISTRIBUTION NORD;0;125276;580;PROBLEME_DATE_CMD
27004843;CO;13;13;SOCIETE IDEAL DISTRIBUTION SFAX;0;125277;620;PROBLEME_DATE_CMD
27004844;CS;15;15;SOCIETE EL HOUDA DISTRIBUTION;0;125278;580;PROBLEME_DATE_CMD
27004845;SO;8;8;ARMES COM;0;125279;620;PROBLEME_DATE_CMD
27004846;CO;9;9;SOCIETE TAHA DISTRIBUTION DE SUD;0;125280;580;PROBLEME_DATE_CMD
27004847;CS;7;7;STE AL AKREM DE COMM ET DISTRI EN GROS;0;125281;620;PROBLEME_DATE_CMD
27004848;SO;13;13;STE BECHIR ETTAIEB DE COMMERCE;0;125282;580;PROBLEME_DATE_CMD
27004849;CO;30;30;SUDMILK;0;125283;620;PROBLEME_DATE_CMD
27004850;CS;16;16;STE HEDI JELASSI DISTRIBUTION NORD;0;125284;580;PROBLEME_DATE_CMD
27004851;SO;26;26;SOCIETE IDEAL DISTRIBUTION SFAX;0;125275;620;PROBLEME_DATE_CMD
27004852;CO;11;11;SOCIETE EL HOUDA DISTRIBUTION;0;125276;580;PROBLEME_DATE_CMD
27004853;CS;12;12;ARMES COM;0;125277;620;PROBLEME_DATE_CMD
27004854;SO;23;23;SOCIETE TAHA DISTRIBUTION DE SUD;0;125278;580;PROBLEME_DATE_CMD
27004855;CO;1;1;STE AL AKREM DE COMM ET DISTRI EN GROS;0;125279;620;PROBLEME_DATE_CMD
27004856;CS;17;17;STE BECHIR ETTAIEB DE COMMERCE;0;125280;580;PROBLEME_DATE_CMD
27004857;SO;27;27;SUDMILK;0;125281;620;PROBLEME_DATE_CMD
27004858;CO;12;12;STE HEDI JELASSI DISTRIBUTION NORD;0;125282;580;PROBLEME_DATE_CMD
27004859;CS;16;16;SOCIETE IDEAL DISTRIBUTION SFAX;0;125283;620;PROBLEME_DATE_CMD
27004860;SO;25;25;SOCIETE EL HOUDA DISTRIBUTION;0;125284;580;PROBLEME_DATE_CMD
27004861;CO;23;23;ARMES COM;0;125275;620;PROBLEME_DATE_CMD
27004862;CS;20;20;SOCIETE TAHA DISTRIBUTION DE SUD;0;125276;580;PROBLEME_DATE_CMD
27004863;SO;16;16;STE AL AKREM DE COMM ET DISTRI EN GROS;0;125277;620;PROBLEME_DATE_CMD
27004864;CO;12;12;STE BECHIR ETTAIEB DE COMMERCE;0;125278;580;PROBLEME_DATE_CMD
27004865;CS;26;26;SUDMILK;0;125279;620;PROBLEME_DATE_CMD
27004866;SO;2;2;STE HEDI JELASSI DISTRIBUTION NORD;0;125280;580;PROBLEME_DATE_CMD
27004867;CO;14;14;SOCIETE IDEAL DISTRIBUTION SFAX;0;125281;620;PROBLEME_DATE_CMD
27004868;CS;11;11;SOCIETE EL HOUDA DISTRIBUTION;0;125282;580;PROBLEME_DATE_CMD
27004869;SO;5;5;ARMES COM;0;125283;620;PROBLEME_DATE_CMD
27004870;CO;6;6;SOCIETE TAHA DISTRIBUTION DE SUD;0;125284;580;PROBLEME_DATE_CMD
27004871;CS;26;26;STE AL AKREM DE COMM ET DISTRI EN GROS;0;125275;620;PROBLEME_DATE_CMD
27004872;SO;23;23;STE BECHIR ETTAIEB DE COMMERCE;0;125276;580;PROBLEME_DATE_CMD
27004873;CO;15;15;SUDMILK;0;125277;620;PROBLEME_DATE_CMD
27004874;CS;24;24;STE HEDI JELASSI DISTRIBUTION NORD;0;125278;580;PROBLEME_DATE_CMD
27004875;SO;14;14;SOCIETE IDEAL DISTRIBUTION SFAX;0;125279;620;PROBLEME_DATE_CMD
27004876;CO;20;20;SOCIETE EL HOUDA DISTRIBUTION;0;125280;580;PROBLEME_DATE_CMD
27004877;CS;10;10;ARMES COM;0;125281;620;PROBLEME_DATE_CMD
27004878;SO;11;11;SOCIETE TAHA DISTRIBUTION DE SUD;0;125282;580;PROBLEME_DATE_CMD
27004879;CO;20;20;STE AL AKREM DE COMM ET DISTRI EN GROS;0;125283;620;PROBLEME_DATE_CMD
27004880;CS;26;26;STE BECHIR ETTAIEB DE COMMERCE;0;125284;580;PROBLEME_DATE_CMD
27004881;SO;16;16;SUDMILK;0;125275;620;PROBLEME_DATE_CMD
27004882;CO;11;11;STE HEDI JELASSI DISTRIBUTION NORD;0;125276;580;PROBLEME_DATE_CMD
27004883;CS;22;22;SOCIETE IDEAL DISTRIBUTION SFAX;0;125277;620;PROBLEME_DATE_CMD
27004884;SO;4;4;SOCIETE EL HOUDA DISTRIBUTION;0;125278;580;PROBLEME_DATE_CMD
27004885;CO;10;10;ARMES COM;0;125279;620;PROBLEME_DATE_CMD
27004886;CS;9;9;SOCIETE TAHA DISTRIBUTION DE SUD;0;125280;580;PROBLEME_DATE_CMD
27004887;SO;17;17;STE AL AKREM DE COMM ET DISTRI EN GROS;0;125281;620;PROBLEME_DATE_CMD
27004888;CO;22;22;STE BECHIR ETTAIEB DE COMMERCE;0;125282;580;PROBLEME_DATE_CMD
27004889;CS;3;3;SUDMILK;0;125283;620;PROBLEME_DATE_CMD
27004890;SO;12;12;STE HEDI JELASSI DISTRIBUTION NORD;0;125284;580;PROBLEME_DATE_CMD
27004891;CO;8;8;SOCIETE IDEAL DISTRIBUTION SFAX;0;125275;620;PROBLEME_DATE_CMD
27004892;CS;22;22;SOCIETE EL HOUDA DISTRIBUTION;0;125276;580;PROBLEME_DATE_CMD
27004893;SO;19;19;ARMES COM;0;125277;620;PROBLEME_DATE_CMD
27004894;CO;10;10;SOCIETE TAHA DISTRIBUTION DE SUD;0;125278;580;PROBLEME_DATE_CMD
27004895;CS;25;25;STE AL AKREM DE COMM ET DISTRI EN GROS;0;125279;620;PROBLEME_DATE_CMD
27004896;SO;15;15;STE BECHIR ETTAIEB DE COMMERCE;0;125280;580;PROBLEME_DATE_CMD
27004897;CO;8;8;SUDMILK;0;125281;620;PROBLEME_DATE_CMD
27004898;CS;2;2;STE HEDI JELASSI DISTRIBUTION NORD;0;125282;580;PROBLEME_DATE_CMD
27004899;SO;21;21;SOCIETE IDEAL DISTRIBUTION SFAX;0;125283;620;PROBLEME_DATE_CMD
27004900;CO;15;15;SOCIETE EL HOUDA DISTRIBUTION;0;125284;580;PROBLEME_DATE_CMD
27004901;CS;2;2;ARMES COM;0;125275;620;PROBLEME_DATE_CMD
27004902;SO;19;19;SOCIETE TAHA DISTRIBUTION DE SUD;0;125276;580;PROBLEME_DATE_CMD
27004903;CO;14;14;STE AL AKREM DE COMM ET DISTRI EN GROS;0;125277;620;PROBLEME_DATE_CMD
27004904;CS;21;21;STE BECHIR ETTAIEB DE COMMERCE;0;125278;580;PROBLEME_DATE_CMD
27004905;SO;7;7;SUDMILK;0;125279;620;PROBLEME_DATE_CMD
27004906;CO;26;26;STE HEDI JELASSI DISTRIBUTION NORD;0;125280;580;PROBLEME_DATE_CMD
27004907;CS;21;21;SOCIETE IDEAL DISTRIBUTION SFAX;0;125281;620;PROBLEME_DATE_CMD
27004908;SO;25;25;SOCIETE EL HOUDA DISTRIBUTION;0;125282;580;PROBLEME_DATE_CMD
27004909;CO;7;7;ARMES COM;0;125283;620;PROBLEME_DATE_CMD
27004910;CS;23;23;SOCIETE TAHA DISTRIBUTION DE SUD;0;125284;580;PROBLEME_DATE_CMD
27004911;SO;28;28;STE AL AKREM DE COMM ET DISTRI EN GROS;0;125275;620;PROBLEME_DATE_CMD
27004912;CO;8;8;STE BECHIR ETTAIEB DE COMMERCE;0;125276;580;PROBLEME_DATE_CMD
27004913;CS;20;20;SUDMILK;0;125277;620;PROBLEME_DATE_CMD
27004914;SO;29;29;STE HEDI JELASSI DISTRIBUTION NORD;0;125278;580;PROBLEME_DATE_CMD
27004915;CO;23;23;SOCIETE IDEAL DISTRIBUTION SFAX;0;125279;620;PROBLEME_DATE_CMD
27004916;CS;9;9;SOCIETE EL HOUDA DISTRIBUTION;0;125280;580;PROBLEME_DATE_CMD
27004917;SO;26;26;ARMES COM;0;125281;620;PROBLEME_DATE_CMD
27004918;CO;10;10;SOCIETE TAHA DISTRIBUTION DE SUD;0;125282;580;PROBLEME_DATE_CMD
27004919;CS;25;25;STE AL AKREM DE COMM ET DISTRI EN GROS;0;125283;620;PROBLEME_DATE_CMD
27004920;SO;12;12;STE BECHIR ETTAIEB DE COMMERCE;0;125284;580;PROBLEME_DATE_CMD
27004921;CO;14;14;SUDMILK;0;125275;620;PROBLEME_DATE_CMD
27004922;CS;5;5;STE HEDI JELASSI DISTRIBUTION NORD;0;125276;580;PROBLEME_DATE_CMD
27004923;SO;3;3;SOCIETE IDEAL DISTRIBUTION SFAX;0;125277;620;PROBLEME_DATE_CMD
27004924;CO;23;23;SOCIETE EL HOUDA DISTRIBUTION;0;125278;580;PROBLEME_DATE_CMD
27004925;CS;24;24;ARMES COM;0;125279;620;PROBLEME_DATE_CMD
27004926;SO;5;5;SOCIETE TAHA DISTRIBUTION DE SUD;0;125280;580;PROBLEME_DATE_CMD
27004927;CO;19;19;STE AL AKREM DE COMM ET DISTRI EN GROS;0;125281;620;PROBLEME_DATE_CMD
27004928;CS;1;1;STE BECHIR ETTAIEB DE COMMERCE;0;125282;580;PROBLEME_DATE_CMD
27004929;SO;3;3;SUDMILK;0;125283;620;PROBLEME_DATE_CMD
27004930;CO;15;15;STE HEDI JELASSI DISTRIBUTION NORD;0;125284;580;PROBLEME_DATE_CMD
27004931;CS;18;18;SOCIETE IDEAL DISTRIBUTION SFAX;0;125275;620;PROBLEME_DATE_CMD
27004932;SO;12;12;SOCIETE EL HOUDA DISTRIBUTION;0;125276;580;PROBLEME_DATE_CMD
27004933;CO;3;3;ARMES COM;0;125277;620;PROBLEME_DATE_CMD
27004934;CS;10;10;SOCIETE TAHA DISTRIBUTION DE SUD;0;125278;580;PROBLEME_DATE_CMD
27004935;SO;5;5;STE AL AKREM DE COMM ET DISTRI EN GROS;0;125279;620;PROBLEME_DATE_CMD
27004936;CO;6;6;STE BECHIR ETTAIEB DE COMMERCE;0;125280;580;PROBLEME_DATE_CMD
27004937;CS;18;18;SUDMILK;0;125281;620;PROBLEME_DATE_CMD
27004938;SO;20;20;STE HEDI JELASSI DISTRIBUTION NORD;0;125282;580;PROBLEME_DATE_CMD
27004939;CO;29;29;SOCIETE IDEAL DISTRIBUTION SFAX;0;125283;620;PROBLEME_DATE_CMD
27004940;CS;14;14;SOCIETE EL HOUDA DISTRIBUTION;0;125284;580;PROBLEME_DATE_CMD
27004941;SO;19;19;ARMES COM;0;125275;620;PROBLEME_DATE_CMD
27004942;CO;5;5;SOCIETE TAHA DISTRIBUTION DE SUD;0;125276;580;PROBLEME_DATE_CMD
27004943;CS;12;12;STE AL AKREM DE COMM ET DISTRI EN GROS;0;125277;620;PROBLEME_DATE_CMD
27004944;SO;18;18;STE BECHIR ETTAIEB DE COMMERCE;0;125278;580;PROBLEME_DATE_CMD
27004945;CO;15;15;SUDMILK;0;125279;620;PROBLEME_DATE_CMD
27004946;CS;17;17;STE HEDI JELASSI DISTRIBUTION NORD;0;125280;580;PROBLEME_DATE_CMD
27004947;SO;2;2;SOCIETE IDEAL DISTRIBUTION SFAX;0;125281;620;PROBLEME_DATE_CMD
27004948;CO;27;27;SOCIETE EL HOUDA DISTRIBUTION;0;125282;580;PROBLEME_DATE_CMD
27004949;CS;5;5;ARMES COM;0;125283;620;PROBLEME_DATE_CMD
27004950;SO;26;26;SOCIETE TAHA DISTRIBUTION DE SUD;0;125284;580;PROBLEME_DATE_CMD
27004951;CO;14;14;STE AL AKREM DE COMM ET DISTRI EN GROS;0;125275;620;PROBLEME_DATE_CMD
27004952;CS;24;24;STE BECHIR ETTAIEB DE COMMERCE;0;125276;580;PROBLEME_DATE_CMD
27004953;SO;3;3;SUDMILK;0;125277;620;PROBLEME_DATE_CMD
27004954;CO;8;8;STE HEDI JELASSI DISTRIBUTION NORD;0;125278;580;PROBLEME_DATE_CMD
27004955;CS;19;19;SOCIETE IDEAL DISTRIBUTION SFAX;0;125279;620;PROBLEME_DATE_CMD
27004956;SO;20;20;SOCIETE EL HOUDA DISTRIBUTION;0;125280;580;PROBLEME_DATE_CMD
27004957;CO;13;13;ARMES COM;0;125281;620;PROBLEME_DATE_CMD
27004958;CS;13;13;SOCIETE TAHA DISTRIBUTION DE SUD;0;125282;580;PROBLEME_DATE_CMD
27004959;SO;16;16;STE AL AKREM DE COMM ET DISTRI EN GROS;0;125283;620;PROBLEME_DATE_CMD
27004960;CO;24;24;STE BECHIR ETTAIEB DE COMMERCE;0;125284;580;PROBLEME_DATE_CMD
27004961;CS;7;7;SUDMILK;0;125275;620;PROBLEME_DATE_CMD
27004962;SO;11;11;STE HEDI JELASSI DISTRIBUTION NORD;0;125276;580;PROBLEME_DATE_CMD
27004963;CO;7;7;SOCIETE IDEAL DISTRIBUTION SFAX;0;125277;620;PROBLEME_DATE_CMD
27004964;CS;5;5;SOCIETE EL HOUDA DISTRIBUTION;0;125278;580;PROBLEME_DATE_CMD
27004965;SO;13;13;ARMES COM;0;125279;620;PROBLEME_DATE_CMD
27004966;CO;14;14;SOCIETE TAHA DISTRIBUTION DE SUD;0;125280;580;PROBLEME_DATE_CMD
27004967;CS;21;21;STE AL AKREM DE COMM ET DISTRI EN GROS;0;125281;620;PROBLEME_DATE_CMD
27004968;SO;23;23;STE BECHIR ETTAIEB DE COMMERCE;0;125282;580;PROBLEME_DATE_CMD
27004969;CO;16;16;SUDMILK;0;125283;620;PROBLEME_DATE_CMD
27004970;CS;28;28;STE HEDI JELASSI DISTRIBUTION NORD;0;125284;580;PROBLEME_DATE_CMD
27004971;SO;11;11;SOCIETE IDEAL DISTRIBUTION SFAX;0;125275;620;PROBLEME_DATE_CMD
27004972;CO;30;30;SOCIETE EL HOUDA DISTRIBUTION;0;125276;580;PROBLEME_DATE_CMD
27004973;CS;21;21;ARMES COM;0;125277;620;PROBLEME_DATE_CMD
27004974;SO;23;23;SOCIETE TAHA DISTRIBUTION DE SUD;0;125278;580;PROBLEME_DATE_CMD
27004975;CO;3;3;STE AL AKREM DE COMM ET DISTRI EN GROS;0;125279;620;PROBLEME_DATE_CMD
27004976;CS;4;4;STE BECHIR ETTAIEB DE COMMERCE;0;125280;580;PROBLEME_DATE_CMD
27004977;SO;14;14;SUDMILK;0;125281;620;PROBLEME_DATE_CMD
27004978;CO;18;18;STE HEDI JELASSI DISTRIBUTION NORD;0;125282;580;PROBLEME_DATE_CMD
27004979;CS;8;8;SOCIETE IDEAL DISTRIBUTION SFAX;0;125283;620;PROBLEME_DATE_CMD
27004980;SO;15;15;SOCIETE EL HOUDA DISTRIBUTION;0;125284;580;PROBLEME_DATE_CMD
27004981;CO;9;9;ARMES COM;0;125275;620;PROBLEME_DATE_CMD
27004982;CS;10;10;SOCIETE TAHA DISTRIBUTION DE SUD;0;125276;580;PROBLEME_DATE_CMD
27004983;SO;1;1;STE AL AKREM DE COMM ET DISTRI EN GROS;0;125277;620;PROBLEME_DATE_CMD
27004984;CO;14;14;STE BECHIR ETTAIEB DE COMMERCE;0;125278;580;PROBLEME_DATE_CMD
27004985;CS;3;3;SUDMILK;0;125279;620;PROBLEME_DATE_CMD
27004986;SO;23;23;STE HEDI JELASSI DISTRIBUTION NORD;0;125280;580;PROBLEME_DATE_CMD
27004987;CO;14;14;SOCIETE IDEAL DISTRIBUTION SFAX;0;125281;620;PROBLEME_DATE_CMD
27004988;CS;2;2;SOCIETE EL HOUDA DISTRIBUTION;0;125282;580;PROBLEME_DATE_CMD
27004989;SO;17;17;ARMES COM;0;125283;620;PROBLEME_DATE_CMD
27004990;CO;12;12;SOCIETE TAHA DISTRIBUTION DE SUD;0;125284;580;PROBLEME_DATE_CMD
27004991;CS;14;14;STE AL AKREM DE COMM ET DISTRI EN GROS;0;125275;620;PROBLEME_DATE_CMD
27004992;SO;3;3;STE BECHIR ETTAIEB DE COMMERCE;0;125276;580;PROBLEME_DATE_CMD
27004993;CO;17;17;SUDMILK;0;125277;620;PROBLEME_DATE_CMD
27004994;CS;17;17;STE HEDI JELASSI DISTRIBUTION NORD;0;125278;580;PROBLEME_DATE_CMD
27004995;SO;26;26;SOCIETE IDEAL DISTRIBUTION SFAX;0;125279;620;PROBLEME_DATE_CMD
27004996;CO;7;7;SOCIETE EL HOUDA DISTRIBUTION;0;125280;580;PROBLEME_DATE_CMD
27004997;CS;30;30;ARMES COM;0;125281;620;PROBLEME_DATE_CMD
27004998;SO;22;22;SOCIETE TAHA DISTRIBUTION DE SUD;0;125282;580;PROBLEME_DATE_CMD
27004999;CO;6;6;STE AL AKREM DE COMM ET DISTRI EN GROS;0;125283;620;PROBLEME_DATE_CMD
27005000;CS;23;23;STE BECHIR ETTAIEB DE COMMERCE;0;125284;580;PROBLEME_DATE_CMD
27005001;SO;20;20;SUDMILK;0;125275;620;PROBLEME_DATE_CMD
27005002;CO;21;21;STE HEDI JELASSI DISTRIBUTION NORD;0;125276;580;PROBLEME_DATE_CMD
27005003;CS;20;20;SOCIETE IDEAL DISTRIBUTION SFAX;0;125277;620;PROBLEME_DATE_CMD
27005004;SO;21;21;SOCIETE EL HOUDA DISTRIBUTION;0;125278;580;PROBLEME_DATE_CMD
27005005;CO;6;6;ARMES COM;0;125279;620;PROBLEME_DATE_CMD
27005006;CS;7;7;SOCIETE TAHA DISTRIBUTION DE SUD;0;125280;580;PROBLEME_DATE_CMD
27005007;SO;27;27;STE AL AKREM DE COMM ET DISTRI EN GROS;0;125281;620;PROBLEME_DATE_CMD
27005008;CO;14;14;STE BECHIR ETTAIEB DE COMMERCE;0;125282;580;PROBLEME_DATE_CMD
27005009;CS;13;13;SUDMILK;0;125283;620;PROBLEME_DATE_CMD
27005010;SO;2;2;STE HEDI JELASSI DISTRIBUTION NORD;0;125284;580;PROBLEME_DATE_CMD
27005011;CO;20;20;SOCIETE IDEAL DISTRIBUTION SFAX;0;125275;620;PROBLEME_DATE_CMD
27005012;CS;25;25;SOCIETE EL HOUDA DISTRIBUTION;0;125276;580;PROBLEME_DATE_CMD
27005013;SO;6;6;ARMES COM;0;125277;620;PROBLEME_DATE_CMD
27005014;CO;4;4;SOCIETE TAHA DISTRIBUTION DE SUD;0;125278;580;PROBLEME_DATE_CMD
27005015;CS;16;16;STE AL AKREM DE COMM ET DISTRI EN GROS;0;125279;620;PROBLEME_DATE_CMD
27005016;SO;11;11;STE BECHIR ETTAIEB DE COMMERCE;0;125280;580;PROBLEME_DATE_CMD
27005017;CO;27;27;SUDMILK;0;125281;620;PROBLEME_DATE_CMD
27005018;CS;5;5;STE HEDI JELASSI DISTRIBUTION NORD;0;125282;580;PROBLEME_DATE_CMD
27005019;SO;1;1;SOCIETE IDEAL DISTRIBUTION SFAX;0;125283;620;PROBLEME_DATE_CMD
27005020;CO;21;21;SOCIETE EL HOUDA DISTRIBUTION;0;125284;580;PROBLEME_DATE_CMD
27005021;CS;29;29;ARMES COM;0;125275;620;PROBLEME_DATE_CMD
27005022;SO;22;22;SOCIETE TAHA DISTRIBUTION DE SUD;0;125276;580;PROBLEME_DATE_CMD
27005023;CO;9;9;STE AL AKREM DE COMM ET DISTRI EN GROS;0;125277;620;PROBLEME_DATE_CMD
27005024;CS;5;5;STE BECHIR ETTAIEB DE COMMERCE;0;125278;580;PROBLEME_DATE_CMD
27005025;SO;12;12;SUDMILK;0;125279;620;PROBLEME_DATE_CMD
27005026;CO;17;17;STE HEDI JELASSI DISTRIBUTION NORD;0;125280;580;PROBLEME_DATE_CMD
27005027;CS;6;6;SOCIETE IDEAL DISTRIBUTION SFAX;0;125281;620;PROBLEME_DATE_CMD
27005028;SO;15;15;SOCIETE EL HOUDA DISTRIBUTION;0;125282;580;PROBLEME_DATE_CMD
27005029;CO;14;14;ARMES COM;0;125283;620;PROBLEME_DATE_CMD
27005030;CS;7;7;SOCIETE TAHA DISTRIBUTION DE SUD;0;125284;580;PROBLEME_DATE_CMD
27005031;SO;12;12;STE AL AKREM DE COMM ET DISTRI EN GROS;0;125275;620;PROBLEME_DATE_CMD
27005032;CO;9;9;STE BECHIR ETTAIEB DE COMMERCE;0;125276;580;PROBLEME_DATE_CMD
27005033;CS;9;9;SUDMILK;0;125277;620;PROBLEME_DATE_CMD
27005034;SO;24;24;STE HEDI JELASSI DISTRIBUTION NORD;0;125278;580;PROBLEME_DATE_CMD
27005035;CO;25;25;SOCIETE IDEAL DISTRIBUTION SFAX;0;125279;620;PROBLEME_DATE_CMD
27005036;CS;5;5;SOCIETE EL HOUDA DISTRIBUTION;0;125280;580;PROBLEME_DATE_CMD
27005037;SO;8;8;ARMES COM;0;125281;620;PROBLEME_DATE_CMD
27005038;CO;26;26;SOCIETE TAHA DISTRIBUTION DE SUD;0;125282;580;PROBLEME_DATE_CMD
27005039;CS;12;12;STE AL AKREM DE COMM ET DISTRI EN GROS;0;125283;620;PROBLEME_DATE_CMD
27005040;SO;28;28;STE BECHIR ETTAIEB DE COMMERCE;0;125284;580;PROBLEME_DATE_CMD
27005041;CO;14;14;SUDMILK;0;125275;620;PROBLEME_DATE_CMD
27005042;CS;2;2;STE HEDI JELASSI DISTRIBUTION NORD;0;125276;580;PROBLEME_DATE_CMD
27005043;SO;29;29;SOCIETE IDEAL DISTRIBUTION SFAX;0;125277;620;PROBLEME_DATE_CMD
27005044;CO;28;28;SOCIETE EL HOUDA DISTRIBUTION;0;125278;580;PROBLEME_DATE_CMD
27005045;CS;27;27;ARMES COM;0;125279;620;PROBLEME_DATE_CMD
27005046;SO;18;18;SOCIETE TAHA DISTRIBUTION DE SUD;0;125280;580;PROBLEME_DATE_CMD
27005047;CO;1;1;STE AL AKREM DE COMM ET DISTRI EN GROS;0;125281;620;PROBLEME_DATE_CMD
27005048;CS;19;19;STE BECHIR ETTAIEB DE COMMERCE;0;125282;580;PROBLEME_DATE_CMD
27005049;SO;4;4;SUDMILK;0;125283;620;PROBLEME_DATE_CMD
27005050;CO;23;23;STE HEDI JELASSI DISTRIBUTION NORD;0;125284;580;PROBLEME_DATE_CMD
27005051;CS;7;7;SOCIETE IDEAL DISTRIBUTION SFAX;0;125275;620;PROBLEME_DATE_CMD
27005052;SO;26;26;SOCIETE EL HOUDA DISTRIBUTION;0;125276;580;PROBLEME_DATE_CMD
27005053;CO;25;25;ARMES COM;0;125277;620;PROBLEME_DATE_CMD
27005054;CS;30;30;SOCIETE TAHA DISTRIBUTION DE SUD;0;125278;580;PROBLEME_DATE_CMD
27005055;SO;20;20;STE AL AKREM DE COMM ET DISTRI EN GROS;0;125279;620;PROBLEME_DATE_CMD
27005056;CO;14;14;STE BECHIR ETTAIEB DE COMMERCE;0;125280;580;PROBLEME_DATE_CMD
27005057;CS;24;24;SUDMILK;0;125281;620;PROBLEME_DATE_CMD
27005058;SO;13;13;STE HEDI JELASSI DISTRIBUTION NORD;0;125282;580;PROBLEME_DATE_CMD
27005059;CO;22;22;SOCIETE IDEAL DISTRIBUTION SFAX;0;125283;620;PROBLEME_DATE_CMD
27005060;CS;14;14;SOCIETE EL HOUDA DISTRIBUTION;0;125284;580;PROBLEME_DATE_CMD
27005061;SO;26;26;ARMES COM;0;125275;620;PROBLEME_DATE_CMD
27005062;CO;9;9;SOCIETE TAHA DISTRIBUTION DE SUD;0;125276;580;PROBLEME_DATE_CMD
27005063;CS;2;2;STE AL AKREM DE COMM ET DISTRI EN GROS;0;125277;620;PROBLEME_DATE_CMD
27005064;SO;6;6;STE BECHIR ETTAIEB DE COMMERCE;0;125278;580;PROBLEME_DATE_CMD
27005065;CO;14;14;SUDMILK;0;125279;620;PROBLEME_DATE_CMD
27005066;CS;24;24;STE HEDI JELASSI DISTRIBUTION NORD;0;125280;580;PROBLEME_DATE_CMD
27005067;SO;6;6;SOCIETE IDEAL DISTRIBUTION SFAX;0;125281;620;PROBLEME_DATE_CMD
27005068;CO;10;10;SOCIETE EL HOUDA DISTRIBUTION;0;125282;580;PROBLEME_DATE_CMD
27005069;CS;9;9;ARMES COM;0;125283;620;PROBLEME_DATE_CMD
27005070;SO;19;19;SOCIETE TAHA DISTRIBUTION DE SUD;0;125284;580;PROBLEME_DATE_CMD
27005071;CO;7;7;STE AL AKREM DE COMM ET DISTRI EN GROS;0;125275;620;PROBLEME_DATE_CMD
27005072;CS;27;27;STE BECHIR ETTAIEB DE COMMERCE;0;125276;580;PROBLEME_DATE_CMD
27005073;SO;6;6;SUDMILK;0;125277;620;PROBLEME_DATE_CMD
27005074;CO;5;5;STE HEDI JELASSI DISTRIBUTION NORD;0;125278;580;PROBLEME_DATE_CMD
27005075;CS;5;5;SOCIETE IDEAL DISTRIBUTION SFAX;0;125279;620;PROBLEME_DATE_CMD
27005076;SO;9;9;SOCIETE EL HOUDA DISTRIBUTION;0;125280;580;PROBLEME_DATE_CMD
27005077;CO;14;14;ARMES COM;0;125281;620;PROBLEME_DATE_CMD
27005078;CS;11;11;SOCIETE TAHA DISTRIBUTION DE SUD;0;125282;580;PROBLEME_DATE_CMD
27005079;SO;7;7;STE AL AKREM DE COMM ET DISTRI EN GROS;0;125283;620;PROBLEME_DATE_CMD
27005080;CO;10;10;STE BECHIR ETTAIEB DE COMMERCE;0;125284;580;PROBLEME_DATE_CMD
27005081;CS;6;6;SUDMILK;0;125275;620;PROBLEME_DATE_CMD
27005082;SO;27;27;STE HEDI JELASSI DISTRIBUTION NORD;0;125276;580;PROBLEME_DATE_CMD
27005083;CO;9;9;SOCIETE IDEAL DISTRIBUTION SFAX;0;125277;620;PROBLEME_DATE_CMD
27005084;CS;27;27;SOCIETE EL HOUDA DISTRIBUTION;0;125278;580;PROBLEME_DATE_CMD
27005085;SO;18;18;ARMES COM;0;125279;620;PROBLEME_DATE_CMD
27005086;CO;20;20;SOCIETE TAHA DISTRIBUTION DE SUD;0;125280;580;PROBLEME_DATE_CMD
27005087;CS;27;27;STE AL AKREM DE COMM ET DISTRI EN GROS;0;125281;620;PROBLEME_DATE_CMD
27005088;SO;9;9;STE BECHIR ETTAIEB DE COMMERCE;0;125282;580;PROBLEME_DATE_CMD
27005089;CO;2;2;SUDMILK;0;125283;620;PROBLEME_DATE_CMD
27005090;CS;26;26;STE HEDI JELASSI DISTRIBUTION NORD;0;125284;580;PROBLEME_DATE_CMD
27005091;SO;22;22;SOCIETE IDEAL DISTRIBUTION SFAX;0;125275;620;PROBLEME_DATE_CMD
27005092;CO;10;10;SOCIETE EL HOUDA DISTRIBUTION;0;125276;580;PROBLEME_DATE_CMD
27005093;CS;25;25;ARMES COM;0;125277;620;PROBLEME_DATE_CMD
27005094;SO;15;15;SOCIETE TAHA DISTRIBUTION DE SUD;0;125278;580;PROBLEME_DATE_CMD
27005095;CO;11;11;STE AL AKREM DE COMM ET DISTRI EN GROS;0;125279;620;PROBLEME_DATE_CMD
27005096;CS;18;18;STE BECHIR ETTAIEB DE COMMERCE;0;125280;580;PROBLEME_DATE_CMD
27005097;SO;12;12;SUDMILK;0;125281;620;PROBLEME_DATE_CMD
27005098;CO;16;16;STE HEDI JELASSI DISTRIBUTION NORD;0;125282;580;PROBLEME_DATE_CMD
27005099;CS;20;20;SOCIETE IDEAL DISTRIBUTION SFAX;0;125283;620;PROBLEME_DATE_CMD
27005100;SO;29;29;SOCIETE EL HOUDA DISTRIBUTION;0;125284;580;PROBLEME_DATE_CMD
27005101;CO;2;2;ARMES COM;0;125275;620;PROBLEME_DATE_CMD
27005102;CS;26;26;SOCIETE TAHA DISTRIBUTION DE SUD;0;125276;580;PROBLEME_DATE_CMD
27005103;SO;19;19;STE AL AKREM DE COMM ET DISTRI EN GROS;0;125277;620;PROBLEME_DATE_CMD
27005104;CO;29;29;STE BECHIR ETTAIEB DE COMMERCE;0;125278;580;PROBLEME_DATE_CMD
27005105;CS;24;24;SUDMILK;0;125279;620;PROBLEME_DATE_CMD
27005106;SO;11;11;STE HEDI JELASSI DISTRIBUTION NORD;0;125280;580;PROBLEME_DATE_CMD
27005107;CO;10;10;SOCIETE IDEAL DISTRIBUTION SFAX;0;125281;620;PROBLEME_DATE_CMD
27005108;CS;2;2;SOCIETE EL HOUDA DISTRIBUTION;0;125282;580;PROBLEME_DATE_CMD
27005109;SO;9;9;ARMES COM;0;125283;620;PROBLEME_DATE_CMD
27005110;CO;21;21;SOCIETE TAHA DISTRIBUTION DE SUD;0;125284;580;PROBLEME_DATE_CMD
27005111;CS;15;15;STE AL AKREM DE COMM ET DISTRI EN GROS;0;125275;620;PROBLEME_DATE_CMD
27005112;SO;1;1;STE BECHIR ETTAIEB DE COMMERCE;0;125276;580;PROBLEME_DATE_CMD
27005113;CO;27;27;SUDMILK;0;125277;620;PROBLEME_DATE_CMD
27005114;CS;17;17;STE HEDI JELASSI DISTRIBUTION NORD;0;125278;580;PROBLEME_DATE_CMD
27005115;SO;20;20;SOCIETE IDEAL DISTRIBUTION SFAX;0;125279;620;PROBLEME_DATE_CMD
27005116;CO;11;11;SOCIETE EL HOUDA DISTRIBUTION;0;125280;580;PROBLEME_DATE_CMD
27005117;CS;14;14;ARMES COM;0;125281;620;PROBLEME_DATE_CMD
27005118;SO;5;5;SOCIETE TAHA DISTRIBUTION DE SUD;0;125282;580;PROBLEME_DATE_CMD
27005119;CO;21;21;STE AL AKREM DE COMM ET DISTRI EN GROS;0;125283;620;PROBLEME_DATE_CMD
27005120;CS;12;12;STE BECHIR ETTAIEB DE COMMERCE;0;125284;580;PROBLEME_DATE_CMD
27005121;SO;30;30;SUDMILK;0;125275;620;PROBLEME_DATE_CMD
27005122;CO;18;18;STE HEDI JELASSI DISTRIBUTION NORD;0;125276;580;PROBLEME_DATE_CMD
27005123;CS;22;22;SOCIETE IDEAL DISTRIBUTION SFAX;0;125277;620;PROBLEME_DATE_CMD
27005124;SO;25;25;SOCIETE EL HOUDA DISTRIBUTION;0;125278;580;PROBLEME_DATE_CMD
27005125;CO;26;26;ARMES COM;0;125279;620;PROBLEME_DATE_CMD
27005126;CS;1;1;SOCIETE TAHA DISTRIBUTION DE SUD;0;125280;580;PROBLEME_DATE_CMD
27005127;SO;1;1;STE AL AKREM DE COMM ET DISTRI EN GROS;0;125281;620;PROBLEME_DATE_CMD
27005128;CO;9;9;STE BECHIR ETTAIEB DE COMMERCE;0;125282;580;PROBLEME_DATE_CMD
27005129;CS;28;28;SUDMILK;0;125283;620;PROBLEME_DATE_CMD
27005130;SO;6;6;STE HEDI JELASSI DISTRIBUTION NORD;0;125284;580;PROBLEME_DATE_CMD
27005131;CO;22;22;SOCIETE IDEAL DISTRIBUTION SFAX;0;125275;620;PROBLEME_DATE_CMD
27005132;CS;5;5;SOCIETE EL HOUDA DISTRIBUTION;0;125276;580;PROBLEME_DATE_CMD
27005133;SO;14;14;ARMES COM;0;125277;620;PROBLEME_DATE_CMD
27005134;CO;13;13;SOCIETE TAHA DISTRIBUTION DE SUD;0;125278;580;PROBLEME_DATE_CMD
27005135;CS;17;17;STE AL AKREM DE COMM ET DISTRI EN GROS;0;125279;620;PROBLEME_DATE_CMD
27005136;SO;23;23;STE BECHIR ETTAIEB DE COMMERCE;0;125280;580;PROBLEME_DATE_CMD
27005137;CO;19;19;SUDMILK;0;125281;620;PROBLEME_DATE_CMD
27005138;CS;11;11;STE HEDI JELASSI DISTRIBUTION NORD;0;125282;580;PROBLEME_DATE_CMD
27005139;SO;9;9;SOCIETE IDEAL DISTRIBUTION SFAX;0;125283;620;PROBLEME_DATE_CMD
27005140;CO;27;27;SOCIETE EL HOUDA DISTRIBUTION;0;125284;580;PROBLEME_DATE_CMD
27005141;CS;15;15;ARMES COM;0;125275;620;PROBLEME_DATE_CMD
27005142;SO;25;25;SOCIETE TAHA DISTRIBUTION DE SUD;0;125276;580;PROBLEME_DATE_CMD
27005143;CO;6;6;STE AL AKREM DE COMM ET DISTRI EN GROS;0;125277;620;PROBLEME_DATE_CMD
27005144;CS;8;8;STE BECHIR ETTAIEB DE COMMERCE;0;125278;580;PROBLEME_DATE_CMD
27005145;SO;22;22;SUDMILK;0;125279;620;PROBLEME_DATE_CMD
27005146;CO;9;9;STE HEDI JELASSI DISTRIBUTION NORD;0;125280;580;PROBLEME_DATE_CMD
27005147;CS;7;7;SOCIETE IDEAL DISTRIBUTION SFAX;0;125281;620;PROBLEME_DATE_CMD
27005148;SO;1;1;SOCIETE EL HOUDA DISTRIBUTION;0;125282;580;PROBLEME_DATE_CMD
27005149;CO;28;28;ARMES COM;0;125283;620;PROBLEME_DATE_CMD
27005150;CS;18;18;SOCIETE TAHA DISTRIBUTION DE SUD;0;125284;580;PROBLEME_DATE_CMD
27005151;SO;14;14;STE AL AKREM DE COMM ET DISTRI EN GROS;0;125275;620;PROBLEME_DATE_CMD
27005152;CO;6;6;STE BECHIR ETTAIEB DE COMMERCE;0;125276;580;PROBLEME_DATE_CMD
27005153;CS;7;7;SUDMILK;0;125277;620;PROBLEME_DATE_CMD
27005154;SO;3;3;STE HEDI JELASSI DISTRIBUTION NORD;0;125278;580;PROBLEME_DATE_CMD
27005155;CO;23;23;SOCIETE IDEAL DISTRIBUTION SFAX;0;125279;620;PROBLEME_DATE_CMD
27005156;CS;12;12;SOCIETE EL HOUDA DISTRIBUTION;0;125280;580;PROBLEME_DATE_CMD
27005157;SO;24;24;ARMES COM;0;125281;620;PROBLEME_DATE_CMD
27005158;CO;7;7;SOCIETE TAHA DISTRIBUTION DE SUD;0;125282;580;PROBLEME_DATE_CMD
27005159;CS;1;1;STE AL AKREM DE COMM ET DISTRI EN GROS;0;125283;620;PROBLEME_DATE_CMD
27005160;SO;8;8;STE BECHIR ETTAIEB DE COMMERCE;0;125284;580;PROBLEME_DATE_CMD
27005161;CO;19;19;SUDMILK;0;125275;620;PROBLEME_DATE_CMD
27005162;CS;24;24;STE HEDI JELASSI DISTRIBUTION NORD;0;125276;580;PROBLEME_DATE_CMD
27005163;SO;15;15;SOCIETE IDEAL DISTRIBUTION SFAX;0;125277;620;PROBLEME_DATE_CMD
27005164;CO;10;10;SOCIETE EL HOUDA DISTRIBUTION;0;125278;580;PROBLEME_DATE_CMD
27005165;CS;9;9;ARMES COM;0;125279;620;PROBLEME_DATE_CMD
27005166;SO;26;26;SOCIETE TAHA DISTRIBUTION DE SUD;0;125280;580;PROBLEME_DATE_CMD
27005167;CO;25;25;STE AL AKREM DE COMM ET DISTRI EN GROS;0;125281;620;PROBLEME_DATE_CMD
27005168;CS;3;3;STE BECHIR ETTAIEB DE COMMERCE;0;125282;580;PROBLEME_DATE_CMD
27005169;SO;11;11;SUDMILK;0;125283;620;PROBLEME_DATE_CMD
27005170;CO;18;18;STE HEDI JELASSI DISTRIBUTION NORD;0;125284;580;PROBLEME_DATE_CMD
27005171;CS;3;3;SOCIETE IDEAL DISTRIBUTION SFAX;0;125275;620;PROBLEME_DATE_CMD
27005172;SO;1;1;SOCIETE EL HOUDA DISTRIBUTION;0;125276;580;PROBLEME_DATE_CMD
27005173;CO;14;14;ARMES COM;0;125277;620;PROBLEME_DATE_CMD
27005174;CS;16;16;SOCIETE TAHA DISTRIBUTION DE SUD;0;125278;580;PROBLEME_DATE_CMD
27005175;SO;9;9;STE AL AKREM DE COMM ET DISTRI EN GROS;0;125279;620;PROBLEME_DATE_CMD
27005176;CO;17;17;STE BECHIR ETTAIEB DE COMMERCE;0;125280;580;PROBLEME_DATE_CMD
27005177;CS;9;9;SUDMILK;0;125281;620;PROBLEME_DATE_CMD
27005178;SO;2;2;STE HEDI JELASSI DISTRIBUTION NORD;0;125282;580;PROBLEME_DATE_CMD
27005179;CO;16;16;SOCIETE IDEAL DISTRIBUTION SFAX;0;125283;620;PROBLEME_DATE_CMD
27005180;CS;12;12;SOCIETE EL HOUDA DISTRIBUTION;0;125284;580;PROBLEME_DATE_CMD
27005181;SO;2;2;ARMES COM;0;125275;620;PROBLEME_DATE_CMD
27005182;CO;30;30;SOCIETE TAHA DISTRIBUTION DE SUD;0;125276;580;PROBLEME_DATE_CMD
27005183;CS;23;23;STE AL AKREM DE COMM ET DISTRI EN GROS;0;125277;620;PROBLEME_DATE_CMD
27005184;SO;23;23;STE BECHIR ETTAIEB DE COMMERCE;0;125278;580;PROBLEME_DATE_CMD
27005185;CO;16;16;SUDMILK;0;125279;620;PROBLEME_DATE_CMD
27005186;CS;14;14;STE HEDI JELASSI DISTRIBUTION NORD;0;125280;580;PROBLEME_DATE_CMD
27005187;SO;23;23;SOCIETE IDEAL DISTRIBUTION SFAX;0;125281;620;PROBLEME_DATE_CMD
27005188;CO;12;12;SOCIETE EL HOUDA DISTRIBUTION;0;125282;580;PROBLEME_DATE_CMD
27005189;CS;7;7;ARMES COM;0;125283;620;PROBLEME_DATE_CMD
27005190;SO;10;10;SOCIETE TAHA DISTRIBUTION DE SUD;0;125284;580;PROBLEME_DATE_CMD
27005191;CO;29;29;STE AL AKREM DE COMM ET DISTRI EN GROS;0;125275;620;PROBLEME_DATE_CMD
27005192;CS;17;17;STE BECHIR ETTAIEB DE COMMERCE;0;125276;580;PROBLEME_DATE_CMD
27005193;SO;30;30;SUDMILK;0;125277;620;PROBLEME_DATE_CMD
27005194;CO;29;29;STE HEDI JELASSI DISTRIBUTION NORD;0;125278;580;PROBLEME_DATE_CMD
27005195;CS;18;18;SOCIETE IDEAL DISTRIBUTION SFAX;0;125279;620;PROBLEME_DATE_CMD
27005196;SO;7;7;SOCIETE EL HOUDA DISTRIBUTION;0;125280;580;PROBLEME_DATE_CMD
27005197;CO;9;9;ARMES COM;0;125281;620;PROBLEME_DATE_CMD
27005198;CS;1;1;SOCIETE TAHA DISTRIBUTION DE SUD;0;125282;580;PROBLEME_DATE_CMD
27005199;SO;10;10;STE AL AKREM DE COMM ET DISTRI EN GROS;0;125283;620;PROBLEME_DATE_CMD
27005200;CO;19;19;STE BECHIR ETTAIEB DE COMMERCE;0;125284;580;PROBLEME_DATE_CMD
27005201;CS;22;22;SUDMILK;0;125275;620;PROBLEME_DATE_CMD
27005202;SO;8;8;STE HEDI JELASSI DISTRIBUTION NORD;0;125276;580;PROBLEME_DATE_CMD
27005203;CO;14;14;SOCIETE IDEAL DISTRIBUTION SFAX;0;125277;620;PROBLEME_DATE_CMD
27005204;CS;24;24;SOCIETE EL HOUDA DISTRIBUTION;0;125278;580;PROBLEME_DATE_CMD
27005205;SO;10;10;ARMES COM;0;125279;620;PROBLEME_DATE_CMD
27005206;CO;4;4;SOCIETE TAHA DISTRIBUTION DE SUD;0;125280;580;PROBLEME_DATE_CMD
27005207;CS;19;19;STE AL AKREM DE COMM ET DISTRI EN GROS;0;125281;620;PROBLEME_DATE_CMD
27005208;SO;21;21;STE BECHIR ETTAIEB DE COMMERCE;0;125282;580;PROBLEME_DATE_CMD
27005209;CO;14;14;SUDMILK;0;125283;620;PROBLEME_DATE_CMD
27005210;CS;10;10;STE HEDI JELASSI DISTRIBUTION NORD;0;125284;580;PROBLEME_DATE_CMD
27005211;SO;12;12;SOCIETE IDEAL DISTRIBUTION SFAX;0;125275;620;PROBLEME_DATE_CMD
27005212;CO;12;12;SOCIETE EL HOUDA DISTRIBUTION;0;125276;580;PROBLEME_DATE_CMD
27005213;CS;5;5;ARMES COM;0;125277;620;PROBLEME_DATE_CMD
27005214;SO;8;8;SOCIETE TAHA DISTRIBUTION DE SUD;0;125278;580;PROBLEME_DATE_CMD
27005215;CO;3;3;STE AL AKREM DE COMM ET DISTRI EN GROS;0;125279;620;PROBLEME_DATE_CMD
27005216;CS;26;26;STE BECHIR ETTAIEB DE COMMERCE;0;125280;580;PROBLEME_DATE_CMD
27005217;SO;22;22;SUDMILK;0;125281;620;PROBLEME_DATE_CMD
27005218;CO;2;2;STE HEDI JELASSI DISTRIBUTION NORD;0;125282;580;PROBLEME_DATE_CMD
27005219;CS;1;1;SOCIETE IDEAL DISTRIBUTION SFAX;0;125283;620;PROBLEME_DATE_CMD
27005220;SO;8;8;SOCIETE EL HOUDA DISTRIBUTION;0;125284;580;PROBLEME_DATE_CMD
27005221;CO;23;23;ARMES COM;0;125275;620;PROBLEME_DATE_CMD
27005222;CS;21;21;SOCIETE TAHA DISTRIBUTION DE SUD;0;125276;580;PROBLEME_DATE_CMD
27005223;SO;14;14;STE AL AKREM DE COMM ET DISTRI EN GROS;0;125277;620;PROBLEME_DATE_CMD
27005224;CO;23;23;STE BECHIR ETTAIEB DE COMMERCE;0;125278;580;PROBLEME_DATE_CMD
27005225;CS;9;9;SUDMILK;0;125279;620;PROBLEME_DATE_CMD
27005226;SO;1;1;STE HEDI JELASSI DISTRIBUTION NORD;0;125280;580;PROBLEME_DATE_CMD
27005227;CO;27;27;SOCIETE IDEAL DISTRIBUTION SFAX;0;125281;620;PROBLEME_DATE_CMD
27005228;CS;25;25;SOCIETE EL HOUDA DISTRIBUTION;0;125282;580;PROBLEME_DATE_CMD
27005229;SO;25;25;ARMES COM;0;125283;620;PROBLEME_DATE_CMD
27005230;CO;16;16;SOCIETE TAHA DISTRIBUTION DE SUD;0;125284;580;PROBLEME_DATE_CMD
27005231;CS;29;29;STE AL AKREM DE COMM ET DISTRI EN GROS;0;125275;620;PROBLEME_DATE_CMD
27005232;SO;2;2;STE BECHIR ETTAIEB DE COMMERCE;0;125276;580;PROBLEME_DATE_CMD
27005233;CO;23;23;SUDMILK;0;125277;620;PROBLEME_DATE_CMD
27005234;CS;1;1;STE HEDI JELASSI DISTRIBUTION NORD;0;125278;580;PROBLEME_DATE_CMD
27005235;SO;28;28;SOCIETE IDEAL DISTRIBUTION SFAX;0;125279;620;PROBLEME_DATE_CMD
27005236;CO;25;25;SOCIETE EL HOUDA DISTRIBUTION;0;125280;580;PROBLEME_DATE_CMD
27005237;CS;2;2;ARMES COM;0;125281;620;PROBLEME_DATE_CMD
27005238;SO;7;7;SOCIETE TAHA DISTRIBUTION DE SUD;0;125282;580;PROBLEME_DATE_CMD
27005239;CO;9;9;STE AL AKREM DE COMM ET DISTRI EN GROS;0;125283;620;PROBLEME_DATE_CMD
27005240;CS;25;25;STE BECHIR ETTAIEB DE COMMERCE;0;125284;580;PROBLEME_DATE_CMD
27005241;SO;30;30;SUDMILK;0;125275;620;PROBLEME_DATE_CMD
27005242;CO;7;7;STE HEDI JELASSI DISTRIBUTION NORD;0;125276;580;PROBLEME_DATE_CMD
27005243;CS;23;23;SOCIETE IDEAL DISTRIBUTION SFAX;0;125277;620;PROBLEME_DATE_CMD
27005244;SO;23;23;SOCIETE EL HOUDA DISTRIBUTION;0;125278;580;PROBLEME_DATE_CMD
27005245;CO;11;11;ARMES COM;0;125279;620;PROBLEME_DATE_CMD
27005246;CS;9;9;SOCIETE TAHA DISTRIBUTION DE SUD;0;125280;580;PROBLEME_DATE_CMD
27005247;SO;27;27;STE AL AKREM DE COMM ET DISTRI EN GROS;0;125281;620;PROBLEME_DATE_CMD
27005248;CO;8;8;STE BECHIR ETTAIEB DE COMMERCE;0;125282;580;PROBLEME_DATE_CMD
27005249;CS;19;19;SUDMILK;0;125283;620;PROBLEME_DATE_CMD
27005250;SO;16;16;STE HEDI JELASSI DISTRIBUTION NORD;0;125284;580;PROBLEME_DATE_CMD
27005251;CO;22;22;SOCIETE IDEAL DISTRIBUTION SFAX;0;125275;620;PROBLEME_DATE_CMD
27005252;CS;24;24;SOCIETE EL HOUDA DISTRIBUTION;0;125276;580;PROBLEME_DATE_CMD
27005253;SO;10;10;ARMES COM;0;125277;620;PROBLEME_DATE_CMD
27005254;CO;21;21;SOCIETE TAHA DISTRIBUTION DE SUD;0;125278;580;PROBLEME_DATE_CMD
27005255;CS;29;29;STE AL AKREM DE COMM ET DISTRI EN GROS;0;125279;620;PROBLEME_DATE_CMD
27005256;SO;24;24;STE BECHIR ETTAIEB DE COMMERCE;0;125280;580;PROBLEME_DATE_CMD
27005257;CO;11;11;SUDMILK;0;125281;620;PROBLEME_DATE_CMD
27005258;CS;19;19;STE HEDI JELASSI DISTRIBUTION NORD;0;125282;580;PROBLEME_DATE_CMD
27005259;SO;10;10;SOCIETE IDEAL DISTRIBUTION SFAX;0;125283;620;PROBLEME_DATE_CMD
27005260;CO;5;5;SOCIETE EL HOUDA DISTRIBUTION;0;125284;580;PROBLEME_DATE_CMD
27005261;CS;3;3;ARMES COM;0;125275;620;PROBLEME_DATE_CMD
27005262;SO;24;24;SOCIETE TAHA DISTRIBUTION DE SUD;0;125276;580;PROBLEME_DATE_CMD
27005263;CO;22;22;STE AL AKREM DE COMM ET DISTRI EN GROS;0;125277;620;PROBLEME_DATE_CMD
27005264;CS;18;18;STE BECHIR ETTAIEB DE COMMERCE;0;125278;580;PROBLEME_DATE_CMD
27005265;SO;24;24;SUDMILK;0;125279;620;PROBLEME_DATE_CMD
27005266;CO;29;29;STE HEDI JELASSI DISTRIBUTION NORD;0;125280;580;PROBLEME_DATE_CMD
27005267;CS;12;12;SOCIETE IDEAL DISTRIBUTION SFAX;0;125281;620;PROBLEME_DATE_CMD
27005268;SO;6;6;SOCIETE EL HOUDA DISTRIBUTION;0;125282;580;PROBLEME_DATE_CMD
27005269;CO;9;9;ARMES COM;0;125283;620;PROBLEME_DATE_CMD
27005270;CS;14;14;SOCIETE TAHA DISTRIBUTION DE SUD;0;125284;580;PROBLEME_DATE_CMD
27005271;SO;16;16;STE AL AKREM DE COMM ET DISTRI EN GROS;0;125275;620;PROBLEME_DATE_CMD
27005272;CO;12;12;STE BECHIR ETTAIEB DE COMMERCE;0;125276;580;PROBLEME_DATE_CMD
27005273;CS;9;9;SUDMILK;0;125277;620;PROBLEME_DATE_CMD
27005274;SO;15;15;STE HEDI JELASSI DISTRIBUTION NORD;0;125278;580;PROBLEME_DATE_CMD
27005275;CO;30;30;SOCIETE IDEAL DISTRIBUTION SFAX;0;125279;620;PROBLEME_DATE_CMD
27005276;CS;7;7;SOCIETE EL HOUDA DISTRIBUTION;0;125280;580;PROBLEME_DATE_CMD
27005277;SO;10;10;ARMES COM;0;125281;620;PROBLEME_DATE_CMD
27005278;CO;12;12;SOCIETE TAHA DISTRIBUTION DE SUD;0;125282;580;PROBLEME_DATE_CMD
27005279;CS;19;19;STE AL AKREM DE COMM ET DISTRI EN GROS;0;125283;620;PROBLEME_DATE_CMD
27005280;SO;29;29;STE BECHIR ETTAIEB DE COMMERCE;0;125284;580;PROBLEME_DATE_CMD
27005281;CO;28;28;SUDMILK;0;125275;620;PROBLEME_DATE_CMD
27005282;CS;17;17;STE HEDI JELASSI DISTRIBUTION NORD;0;125276;580;PROBLEME_DATE_CMD
27005283;SO;7;7;SOCIETE IDEAL DISTRIBUTION SFAX;0;125277;620;PROBLEME_DATE_CMD
27005284;CO;14;14;SOCIETE EL HOUDA DISTRIBUTION;0;125278;580;PROBLEME_DATE_CMD
27005285;CS;4;4;ARMES COM;0;125279;620;PROBLEME_DATE_CMD
27005286;SO;28;28;SOCIETE TAHA DISTRIBUTION DE SUD;0;125280;580;PROBLEME_DATE_CMD
27005287;CO;12;12;STE AL AKREM DE COMM ET DISTRI EN GROS;0;125281;620;PROBLEME_DATE_CMD
27005288;CS;10;10;STE BECHIR ETTAIEB DE COMMERCE;0;125282;580;PROBLEME_DATE_CMD
27005289;SO;23;23;SUDMILK;0;125283;620;PROBLEME_DATE_CMD
27005290;CO;19;19;STE HEDI JELASSI DISTRIBUTION NORD;0;125284;580;PROBLEME_DATE_CMD
27005291;CS;29;29;SOCIETE IDEAL DISTRIBUTION SFAX;0;125275;620;PROBLEME_DATE_CMD
27005292;SO;6;6;SOCIETE EL HOUDA DISTRIBUTION;0;125276;580;PROBLEME_DATE_CMD
27005293;CO;16;16;ARMES COM;0;125277;620;PROBLEME_DATE_CMD
27005294;CS;26;26;SOCIETE TAHA DISTRIBUTION DE SUD;0;125278;580;PROBLEME_DATE_CMD
27005295;SO;30;30;STE AL AKREM DE COMM ET DISTRI EN GROS;0;125279;620;PROBLEME_DATE_CMD
27005296;CO;14;14;STE BECHIR ETTAIEB DE COMMERCE;0;125280;580;PROBLEME_DATE_CMD
27005297;CS;28;28;SUDMILK;0;125281;620;PROBLEME_DATE_CMD
27005298;SO;9;9;STE HEDI JELASSI DISTRIBUTION NORD;0;125282;580;PROBLEME_DATE_CMD
27005299;CO;5;5;SOCIETE IDEAL DISTRIBUTION SFAX;0;125283;620;PROBLEME_DATE_CMD
27005300;CS;23;23;SOCIETE EL HOUDA DISTRIBUTION;0;125284;580;PROBLEME_DATE_CMD
27005301;SO;23;23;ARMES COM;0;125275;620;PROBLEME_DATE_CMD
27005302;CO;8;8;SOCIETE TAHA DISTRIBUTION DE SUD;0;125276;580;PROBLEME_DATE_CMD
27005303;CS;8;8;STE AL AKREM DE COMM ET DISTRI EN GROS;0;125277;620;PROBLEME_DATE_CMD
27005304;SO;27;27;STE BECHIR ETTAIEB DE COMMERCE;0;125278;580;PROBLEME_DATE_CMD
27005305;CO;6;6;SUDMILK;0;125279;620;PROBLEME_DATE_CMD
27005306;CS;25;25;STE HEDI JELASSI DISTRIBUTION NORD;0;125280;580;PROBLEME_DATE_CMD
27005307;SO;18;18;SOCIETE IDEAL DISTRIBUTION SFAX;0;125281;620;PROBLEME_DATE_CMD
27005308;CO;2;2;SOCIETE EL HOUDA DISTRIBUTION;0;125282;580;PROBLEME_DATE_CMD
27005309;CS;22;22;ARMES COM;0;125283;620;PROBLEME_DATE_CMD
27005310;SO;18;18;SOCIETE TAHA DISTRIBUTION DE SUD;0;125284;580;PROBLEME_DATE_CMD
27005311;CO;12;12;STE AL AKREM DE COMM ET DISTRI EN GROS;0;125275;620;PROBLEME_DATE_CMD
27005312;CS;10;10;STE BECHIR ETTAIEB DE COMMERCE;0;125276;580;PROBLEME_DATE_CMD
27005313;SO;28;28;SUDMILK;0;125277;620;PROBLEME_DATE_CMD
27005314;CO;29;29;STE HEDI JELASSI DISTRIBUTION NORD;0;125278;580;PROBLEME_DATE_CMD
27005315;CS;21;21;SOCIETE IDEAL DISTRIBUTION SFAX;0;125279;620;PROBLEME_DATE_CMD
27005316;SO;10;10;SOCIETE EL HOUDA DISTRIBUTION;0;125280;580;PROBLEME_DATE_CMD
27005317;CO;25;25;ARMES COM;0;125281;620;PROBLEME_DATE_CMD
27005318;CS;26;26;SOCIETE TAHA DISTRIBUTION DE SUD;0;125282;580;PROBLEME_DATE_CMD
27005319;SO;23;23;STE AL AKREM DE COMM ET DISTRI EN GROS;0;125283;620;PROBLEME_DATE_CMD
27005320;CO;15;15;STE BECHIR ETTAIEB DE COMMERCE;0;125284;580;PROBLEME_DATE_CMD
27005321;CS;29;29;SUDMILK;0;125275;620;PROBLEME_DATE_CMD
27005322;SO;9;9;STE HEDI JELASSI DISTRIBUTION NORD;0;125276;580;PROBLEME_DATE_CMD
27005323;CO;22;22;SOCIETE IDEAL DISTRIBUTION SFAX;0;125277;620;PROBLEME_DATE_CMD
27005324;CS;26;26;SOCIETE EL HOUDA DISTRIBUTION;0;125278;580;PROBLEME_DATE_CMD
27005325;SO;24;24;ARMES COM;0;125279;620;PROBLEME_DATE_CMD
27005326;CO;5;5;SOCIETE TAHA DISTRIBUTION DE SUD;0;125280;580;PROBLEME_DATE_CMD
27005327;CS;15;15;STE AL AKREM DE COMM ET DISTRI EN GROS;0;125281;620;PROBLEME_DATE_CMD
27005328;SO;10;10;STE BECHIR ETTAIEB DE COMMERCE;0;125282;580;PROBLEME_DATE_CMD
27005329;CO;11;11;SUDMILK;0;125283;620;PROBLEME_DATE_CMD
27005330;CS;17;17;STE HEDI JELASSI DISTRIBUTION NORD;0;125284;580;PROBLEME_DATE_CMD
27005331;SO;17;17;SOCIETE IDEAL DISTRIBUTION SFAX;0;125275;620;PROBLEME_DATE_CMD
27005332;CO;3;3;SOCIETE EL HOUDA DISTRIBUTION;0;125276;580;PROBLEME_DATE_CMD
27005333;CS;4;4;ARMES COM;0;125277;620;PROBLEME_DATE_CMD
27005334;SO;20;20;SOCIETE TAHA DISTRIBUTION DE SUD;0;125278;580;PROBLEME_DATE_CMD
27005335;CO;8;8;STE AL AKREM DE COMM ET DISTRI EN GROS;0;125279;620;PROBLEME_DATE_CMD
27005336;CS;3;3;STE BECHIR ETTAIEB DE COMMERCE;0;125280;580;PROBLEME_DATE_CMD
27005337;SO;1;1;SUDMILK;0;125281;620;PROBLEME_DATE_CMD
27005338;CO;14;14;STE HEDI JELASSI DISTRIBUTION NORD;0;125282;580;PROBLEME_DATE_CMD
27005339;CS;26;26;SOCIETE IDEAL DISTRIBUTION SFAX;0;125283;620;PROBLEME_DATE_CMD
27005340;SO;25;25;SOCIETE EL HOUDA DISTRIBUTION;0;125284;580;PROBLEME_DATE_CMD
27005341;CO;15;15;ARMES COM;0;125275;620;PROBLEME_DATE_CMD
27005342;CS;19;19;SOCIETE TAHA DISTRIBUTION DE SUD;0;125276;580;PROBLEME_DATE_CMD
27005343;SO;9;9;STE AL AKREM DE COMM ET DISTRI EN GROS;0;125277;620;PROBLEME_DATE_CMD
27005344;CO;2;2;STE BECHIR ETTAIEB DE COMMERCE;0;125278;580;PROBLEME_DATE_CMD
27005345;CS;8;8;SUDMILK;0;125279;620;PROBLEME_DATE_CMD
27005346;SO;12;12;STE HEDI JELASSI DISTRIBUTION NORD;0;125280;580;PROBLEME_DATE_CMD
27005347;CO;19;19;SOCIETE IDEAL DISTRIBUTION SFAX;0;125281;620;PROBLEME_DATE_CMD
27005348;CS;22;22;SOCIETE EL HOUDA DISTRIBUTION;0;125282;580;PROBLEME_DATE_CMD
27005349;SO;11;11;ARMES COM;0;125283;620;PROBLEME_DATE_CMD
27005350;CO;27;27;SOCIETE TAHA DISTRIBUTION DE SUD;0;125284;580;PROBLEME_DATE_CMD
27005351;CS;3;3;STE AL AKREM DE COMM ET DISTRI EN GROS;0;125275;620;PROBLEME_DATE_CMD
27005352;SO;19;19;STE BECHIR ETTAIEB DE COMMERCE;0;125276;580;PROBLEME_DATE_CMD
27005353;CO;8;8;SUDMILK;0;125277;620;PROBLEME_DATE_CMD
27005354;CS;19;19;STE HEDI JELASSI DISTRIBUTION NORD;0;125278;580;PROBLEME_DATE_CMD
27005355;SO;24;24;SOCIETE IDEAL DISTRIBUTION SFAX;0;125279;620;PROBLEME_DATE_CMD
27005356;CO;14;14;SOCIETE EL HOUDA DISTRIBUTION;0;125280;580;PROBLEME_DATE_CMD
27005357;CS;5;5;ARMES COM;0;125281;620;PROBLEME_DATE_CMD
27005358;SO;8;8;SOCIETE TAHA DISTRIBUTION DE SUD;0;125282;580;PROBLEME_DATE_CMD
27005359;CO;8;8;STE AL AKREM DE COMM ET DISTRI EN GROS;0;125283;620;PROBLEME_DATE_CMD
27005360;CS;18;18;STE BECHIR ETTAIEB DE COMMERCE;0;125284;580;PROBLEME_DATE_CMD
27005361;SO;16;16;SUDMILK;0;125275;620;PROBLEME_DATE_CMD
27005362;CO;19;19;STE HEDI JELASSI DISTRIBUTION NORD;0;125276;580;PROBLEME_DATE_CMD
27005363;CS;9;9;SOCIETE IDEAL DISTRIBUTION SFAX;0;125277;620;PROBLEME_DATE_CMD
27005364;SO;25;25;SOCIETE EL HOUDA DISTRIBUTION;0;125278;580;PROBLEME_DATE_CMD
27005365;CO;6;6;ARMES COM;0;125279;620;PROBLEME_DATE_CMD
27005366;CS;25;25;SOCIETE TAHA DISTRIBUTION DE SUD;0;125280;580;PROBLEME_DATE_CMD
27005367;SO;5;5;STE AL AKREM DE COMM ET DISTRI EN GROS;0;125281;620;PROBLEME_DATE_CMD
27005368;CO;9;9;STE BECHIR ETTAIEB DE COMMERCE;0;125282;580;PROBLEME_DATE_CMD
27005369;CS;16;16;SUDMILK;0;125283;620;PROBLEME_DATE_CMD
27005370;SO;9;9;STE HEDI JELASSI DISTRIBUTION NORD;0;125284;580;PROBLEME_DATE_CMD
27005371;CO;22;22;SOCIETE IDEAL DISTRIBUTION SFAX;0;125275;620;PROBLEME_DATE_CMD
27005372;CS;9;9;SOCIETE EL HOUDA DISTRIBUTION;0;125276;580;PROBLEME_DATE_CMD
27005373;SO;17;17;ARMES COM;0;125277;620;PROBLEME_DATE_CMD
27005374;CO;10;10;SOCIETE TAHA DISTRIBUTION DE SUD;0;125278;580;PROBLEME_DATE_CMD
27005375;CS;9;9;STE AL AKREM DE COMM ET DISTRI EN GROS;0;125279;620;PROBLEME_DATE_CMD
27005376;SO;2;2;STE BECHIR ETTAIEB DE COMMERCE;0;125280;580;PROBLEME_DATE_CMD
27005377;CO;14;14;SUDMILK;0;125281;620;PROBLEME_DATE_CMD
27005378;CS;12;12;STE HEDI JELASSI DISTRIBUTION NORD;0;125282;580;PROBLEME_DATE_CMD
27005379;SO;13;13;SOCIETE IDEAL DISTRIBUTION SFAX;0;125283;620;PROBLEME_DATE_CMD
27005380;CO;6;6;SOCIETE EL HOUDA DISTRIBUTION;0;125284;580;PROBLEME_DATE_CMD
27005381;CS;26;26;ARMES COM;0;125275;620;PROBLEME_DATE_CMD
27005382;SO;2;2;SOCIETE TAHA DISTRIBUTION DE SUD;0;125276;580;PROBLEME_DATE_CMD
27005383;CO;14;14;STE AL AKREM DE COMM ET DISTRI EN GROS;0;125277;620;PROBLEME_DATE_CMD
27005384;CS;17;17;STE BECHIR ETTAIEB DE COMMERCE;0;125278;580;PROBLEME_DATE_CMD
27005385;SO;17;17;SUDMILK;0;125279;620;PROBLEME_DATE_CMD
27005386;CO;12;12;STE HEDI JELASSI DISTRIBUTION NORD;0;125280;580;PROBLEME_DATE_CMD
27005387;CS;3;3;SOCIETE IDEAL DISTRIBUTION SFAX;0;125281;620;PROBLEME_DATE_CMD
27005388;SO;16;16;SOCIETE EL HOUDA DISTRIBUTION;0;125282;580;PROBLEME_DATE_CMD
27005389;CO;28;28;ARMES COM;0;125283;620;PROBLEME_DATE_CMD
27005390;CS;6;6;SOCIETE TAHA DISTRIBUTION DE SUD;0;125284;580;PROBLEME_DATE_CMD
27005391;SO;29;29;STE AL AKREM DE COMM ET DISTRI EN GROS;0;125275;620;PROBLEME_DATE_CMD
27005392;CO;6;6;STE BECHIR ETTAIEB DE COMMERCE;0;125276;580;PROBLEME_DATE_CMD
27005393;CS;26;26;SUDMILK;0;125277;620;PROBLEME_DATE_CMD
27005394;SO;15;15;STE HEDI JELASSI DISTRIBUTION NORD;0;125278;580;PROBLEME_DATE_CMD
27005395;CO;3;3;SOCIETE IDEAL DISTRIBUTION SFAX;0;125279;620;PROBLEME_DATE_CMD
27005396;CS;20;20;SOCIETE EL HOUDA DISTRIBUTION;0;125280;580;PROBLEME_DATE_CMD
27005397;SO;18;18;ARMES COM;0;125281;620;PROBLEME_DATE_CMD
27005398;CO;14;14;SOCIETE TAHA DISTRIBUTION DE SUD;0;125282;580;PROBLEME_DATE_CMD
27005399;CS;18;18;STE AL AKREM DE COMM ET DISTRI EN GROS;0;125283;620;PROBLEME_DATE_CMD
27005400;SO;18;18;STE BECHIR ETTAIEB DE COMMERCE;0;125284;580;PROBLEME_DATE_CMD
27005401;CO;6;6;SUDMILK;0;125275;620;PROBLEME_DATE_CMD
27005402;CS;3;3;STE HEDI JELASSI DISTRIBUTION NORD;0;125276;580;PROBLEME_DATE_CMD
27005403;SO;16;16;SOCIETE IDEAL DISTRIBUTION SFAX;0;125277;620;PROBLEME_DATE_CMD
27005404;CO;25;25;SOCIETE EL HOUDA DISTRIBUTION;0;125278;580;PROBLEME_DATE_CMD
27005405;CS;26;26;ARMES COM;0;125279;620;PROBLEME_DATE_CMD
27005406;SO;6;6;SOCIETE TAHA DISTRIBUTION DE SUD;0;125280;580;PROBLEME_DATE_CMD
27005407;CO;21;21;STE AL AKREM DE COMM ET DISTRI EN GROS;0;125281;620;PROBLEME_DATE_CMD
27005408;CS;13;13;STE BECHIR ETTAIEB DE COMMERCE;0;125282;580;PROBLEME_DATE_CMD
27005409;SO;3;3;SUDMILK;0;125283;620;PROBLEME_DATE_CMD
27005410;CO;26;26;STE HEDI JELASSI DISTRIBUTION NORD;0;125284;580;PROBLEME_DATE_CMD
27005411;CS;3;3;SOCIETE IDEAL DISTRIBUTION SFAX;0;125275;620;PROBLEME_DATE_CMD
27005412;SO;8;8;SOCIETE EL HOUDA DISTRIBUTION;0;125276;580;PROBLEME_DATE_CMD
27005413;CO;15;15;ARMES COM;0;125277;620;PROBLEME_DATE_CMD
27005414;CS;22;22;SOCIETE TAHA DISTRIBUTION DE SUD;0;125278;580;PROBLEME_DATE_CMD
27005415;SO;17;17;STE AL AKREM DE COMM ET DISTRI EN GROS;0;125279;620;PROBLEME_DATE_CMD
27005416;CO;11;11;STE BECHIR ETTAIEB DE COMMERCE;0;125280;580;PROBLEME_DATE_CMD
27005417;CS;26;26;SUDMILK;0;125281;620;PROBLEME_DATE_CMD
27005418;SO;16;16;STE HEDI JELASSI DISTRIBUTION NORD;0;125282;580;PROBLEME_DATE_CMD
27005419;CO;2;2;SOCIETE IDEAL DISTRIBUTION SFAX;0;125283;620;PROBLEME_DATE_CMD
27005420;CS;4;4;SOCIETE EL HOUDA DISTRIBUTION;0;125284;580;PROBLEME_DATE_CMD
27005421;SO;12;12;ARMES COM;0;125275;620;PROBLEME_DATE_CMD
27005422;CO;29;29;SOCIETE TAHA DISTRIBUTION DE SUD;0;125276;580;PROBLEME_DATE_CMD
27005423;CS;17;17;STE AL AKREM DE COMM ET DISTRI EN GROS;0;125277;620;PROBLEME_DATE_CMD
27005424;SO;14;14;STE BECHIR ETTAIEB DE COMMERCE;0;125278;580;PROBLEME_DATE_CMD
27005425;CO;15;15;SUDMILK;0;125279;620;PROBLEME_DATE_CMD
27005426;CS;24;24;STE HEDI JELASSI DISTRIBUTION NORD;0;125280;580;PROBLEME_DATE_CMD
27005427;SO;6;6;SOCIETE IDEAL DISTRIBUTION SFAX;0;125281;620;PROBLEME_DATE_CMD
27005428;CO;15;15;SOCIETE EL HOUDA DISTRIBUTION;0;125282;580;PROBLEME_DATE_CMD
27005429;CS;24;24;ARMES COM;0;125283;620;PROBLEME_DATE_CMD
27005430;SO;2;2;SOCIETE TAHA DISTRIBUTION DE SUD;0;125284;580;PROBLEME_DATE_CMD
27005431;CO;8;8;STE AL AKREM DE COMM ET DISTRI EN GROS;0;125275;620;PROBLEME_DATE_CMD
27005432;CS;7;7;STE BECHIR ETTAIEB DE COMMERCE;0;125276;580;PROBLEME_DATE_CMD
27005433;SO;9;9;SUDMILK;0;125277;620;PROBLEME_DATE_CMD
27005434;CO;18;18;STE HEDI JELASSI DISTRIBUTION NORD;0;125278;580;PROBLEME_DATE_CMD
27005435;CS;23;23;SOCIETE IDEAL DISTRIBUTION SFAX;0;125279;620;PROBLEME_DATE_CMD
27005436;SO;15;15;SOCIETE EL HOUDA DISTRIBUTION;0;125280;580;PROBLEME_DATE_CMD
27005437;CO;4;4;ARMES COM;0;125281;620;PROBLEME_DATE_CMD
27005438;CS;4;4;SOCIETE TAHA DISTRIBUTION DE SUD;0;125282;580;PROBLEME_DATE_CMD
27005439;SO;4;4;STE AL AKREM DE COMM ET DISTRI EN GROS;0;125283;620;PROBLEME_DATE_CMD
27005440;CO;12;12;STE BECHIR ETTAIEB DE COMMERCE;0;125284;580;PROBLEME_DATE_CMD
27005441;CS;26;26;SUDMILK;0;125275;620;PROBLEME_DATE_CMD
27005442;SO;4;4;STE HEDI JELASSI DISTRIBUTION NORD;0;125276;580;PROBLEME_DATE_CMD
27005443;CO;1;1;SOCIETE IDEAL DISTRIBUTION SFAX;0;125277;620;PROBLEME_DATE_CMD
27005444;CS;11;11;SOCIETE EL HOUDA DISTRIBUTION;0;125278;580;PROBLEME_DATE_CMD
27005445;SO;17;17;ARMES COM;0;125279;620;PROBLEME_DATE_CMD
27005446;CO;17;17;SOCIETE TAHA DISTRIBUTION DE SUD;0;125280;580;PROBLEME_DATE_CMD
27005447;CS;23;23;STE AL AKREM DE COMM ET DISTRI EN GROS;0;125281;620;PROBLEME_DATE_CMD
27005448;SO;27;27;STE BECHIR ETTAIEB DE COMMERCE;0;125282;580;PROBLEME_DATE_CMD
27005449;CO;25;25;SUDMILK;0;125283;620;PROBLEME_DATE_CMD
27005450;CS;24;24;STE HEDI JELASSI DISTRIBUTION NORD;0;125284;580;PROBLEME_DATE_CMD
27005451;SO;20;20;SOCIETE IDEAL DISTRIBUTION SFAX;0;125275;620;PROBLEME_DATE_CMD
27005452;CO;28;28;SOCIETE EL HOUDA DISTRIBUTION;0;125276;580;PROBLEME_DATE_CMD
27005453;CS;20;20;ARMES COM;0;125277;620;PROBLEME_DATE_CMD
27005454;SO;3;3;SOCIETE TAHA DISTRIBUTION DE SUD;0;125278;580;PROBLEME_DATE_CMD
27005455;CO;27;27;STE AL AKREM DE COMM ET DISTRI EN GROS;0;125279;620;PROBLEME_DATE_CMD
27005456;CS;3;3;STE BECHIR ETTAIEB DE COMMERCE;0;125280;580;PROBLEME_DATE_CMD
27005457;SO;25;25;SUDMILK;0;125281;620;PROBLEME_DATE_CMD
27005458;CO;1;1;STE HEDI JELASSI DISTRIBUTION NORD;0;125282;580;PROBLEME_DATE_CMD
27005459;CS;3;3;SOCIETE IDEAL DISTRIBUTION SFAX;0;125283;620;PROBLEME_DATE_CMD
27005460;SO;10;10;SOCIETE EL HOUDA DISTRIBUTION;0;125284;580;PROBLEME_DATE_CMD
27005461;CO;10;10;ARMES COM;0;125275;620;PROBLEME_DATE_CMD
27005462;CS;3;3;SOCIETE TAHA DISTRIBUTION DE SUD;0;125276;580;PROBLEME_DATE_CMD
27005463;SO;24;24;STE AL AKREM DE COMM ET DISTRI EN GROS;0;125277;620;PROBLEME_DATE_CMD
27005464;CO;21;21;STE BECHIR ETTAIEB DE COMMERCE;0;125278;580;PROBLEME_DATE_CMD
27005465;CS;13;13;SUDMILK;0;125279;620;PROBLEME_DATE_CMD
27005466;SO;26;26;STE HEDI JELASSI DISTRIBUTION NORD;0;125280;580;PROBLEME_DATE_CMD
27005467;CO;16;16;SOCIETE IDEAL DISTRIBUTION SFAX;0;125281;620;PROBLEME_DATE_CMD
27005468;CS;14;14;SOCIETE EL HOUDA DISTRIBUTION;0;125282;580;PROBLEME_DATE_CMD
27005469;SO;1;1;ARMES COM;0;125283;620;PROBLEME_DATE_CMD
27005470;CO;17;17;SOCIETE TAHA DISTRIBUTION DE SUD;0;125284;580;PROBLEME_DATE_CMD
27005471;CS;21;21;STE AL AKREM DE COMM ET DISTRI EN GROS;0;125275;620;PROBLEME_DATE_CMD
27005472;SO;30;30;STE BECHIR ETTAIEB DE COMMERCE;0;125276;580;PROBLEME_DATE_CMD
27005473;CO;22;22;SUDMILK;0;125277;620;PROBLEME_DATE_CMD
27005474;CS;24;24;STE HEDI JELASSI DISTRIBUTION NORD;0;125278;580;PROBLEME_DATE_CMD
27005475;SO;15;15;SOCIETE IDEAL DISTRIBUTION SFAX;0;125279;620;PROBLEME_DATE_CMD
27005476;CO;10;10;SOCIETE EL HOUDA DISTRIBUTION;0;125280;580;PROBLEME_DATE_CMD
27005477;CS;12;12;ARMES COM;0;125281;620;PROBLEME_DATE_CMD
27005478;SO;9;9;SOCIETE TAHA DISTRIBUTION DE SUD;0;125282;580;PROBLEME_DATE_CMD
27005479;CO;10;10;STE AL AKREM DE COMM ET DISTRI EN GROS;0;125283;620;PROBLEME_DATE_CMD
27005480;CS;24;24;STE BECHIR ETTAIEB DE COMMERCE;0;125284;580;PROBLEME_DATE_CMD
27005481;SO;13;13;SUDMILK;0;125275;620;PROBLEME_DATE_CMD
27005482;CO;26;26;STE HEDI JELASSI DISTRIBUTION NORD;0;125276;580;PROBLEME_DATE_CMD
27005483;CS;29;29;SOCIETE IDEAL DISTRIBUTION SFAX;0;125277;620;PROBLEME_DATE_CMD
27005484;SO;4;4;SOCIETE EL HOUDA DISTRIBUTION;0;125278;580;PROBLEME_DATE_CMD
27005485;CO;24;24;ARMES COM;0;125279;620;PROBLEME_DATE_CMD
27005486;CS;30;30;SOCIETE TAHA DISTRIBUTION DE SUD;0;125280;580;PROBLEME_DATE_CMD
27005487;SO;5;5;STE AL AKREM DE COMM ET DISTRI EN GROS;0;125281;620;PROBLEME_DATE_CMD
27005488;CO;14;14;STE BECHIR ETTAIEB DE COMMERCE;0;125282;580;PROBLEME_DATE_CMD
27005489;CS;12;12;SUDMILK;0;125283;620;PROBLEME_DATE_CMD
27005490;SO;25;25;STE HEDI JELASSI DISTRIBUTION NORD;0;125284;580;PROBLEME_DATE_CMD
27005491;CO;12;12;SOCIETE IDEAL DISTRIBUTION SFAX;0;125275;620;PROBLEME_DATE_CMD
27005492;CS;11;11;SOCIETE EL HOUDA DISTRIBUTION;0;125276;580;PROBLEME_DATE_CMD
27005493;SO;26;26;ARMES COM;0;125277;620;PROBLEME_DATE_CMD
27005494;CO;26;26;SOCIETE TAHA DISTRIBUTION DE SUD;0;125278;580;PROBLEME_DATE_CMD
27005495;CS;30;30;STE AL AKREM DE COMM ET DISTRI EN GROS;0;125279;620;PROBLEME_DATE_CMD
27005496;SO;23;23;STE BECHIR ETTAIEB DE COMMERCE;0;125280;580;PROBLEME_DATE_CMD
27005497;CO;16;16;SUDMILK;0;125281;620;PROBLEME_DATE_CMD
27005498;CS;8;8;STE HEDI JELASSI DISTRIBUTION NORD;0;125282;580;PROBLEME_DATE_CMD
27005499;SO;16;16;SOCIETE IDEAL DISTRIBUTION SFAX;0;125283;620;PROBLEME_DATE_CMD
27005500;CO;21;21;SOCIETE EL HOUDA DISTRIBUTION;0;125284;580;PROBLEME_DATE_CMD
27005501;CS;12;12;ARMES COM;0;125275;620;PROBLEME_DATE_CMD
27005502;SO;16;16;SOCIETE TAHA DISTRIBUTION DE SUD;0;125276;580;PROBLEME_DATE_CMD
27005503;CO;29;29;STE AL AKREM DE COMM ET DISTRI EN GROS;0;125277;620;PROBLEME_DATE_CMD
27005504;CS;26;26;STE BECHIR ETTAIEB DE COMMERCE;0;125278;580;PROBLEME_DATE_CMD
27005505;SO;2;2;SUDMILK;0;125279;620;PROBLEME_DATE_CMD
27005506;CO;6;6;STE HEDI JELASSI DISTRIBUTION NORD;0;125280;580;PROBLEME_DATE_CMD
27005507;CS;7;7;SOCIETE IDEAL DISTRIBUTION SFAX;0;125281;620;PROBLEME_DATE_CMD
27005508;SO;7;7;SOCIETE EL HOUDA DISTRIBUTION;0;125282;580;PROBLEME_DATE_CMD
27005509;CO;8;8;ARMES COM;0;125283;620;PROBLEME_DATE_CMD
27005510;CS;13;13;SOCIETE TAHA DISTRIBUTION DE SUD;0;125284;580;PROBLEME_DATE_CMD
27005511;SO;15;15;STE AL AKREM DE COMM ET DISTRI EN GROS;0;125275;620;PROBLEME_DATE_CMD
27005512;CO;11;11;STE BECHIR ETTAIEB DE COMMERCE;0;125276;580;PROBLEME_DATE_CMD
27005513;CS;16;16;SUDMILK;0;125277;620;PROBLEME_DATE_CMD
27005514;SO;1;1;STE HEDI JELASSI DISTRIBUTION NORD;0;125278;580;PROBLEME_DATE_CMD
27005515;CO;29;29;SOCIETE IDEAL DISTRIBUTION SFAX;0;125279;620;PROBLEME_DATE_CMD
27005516;CS;22;22;SOCIETE EL HOUDA DISTRIBUTION;0;125280;580;PROBLEME_DATE_CMD
27005517;SO;10;10;ARMES COM;0;125281;620;PROBLEME_DATE_CMD
27005518;CO;12;12;SOCIETE TAHA DISTRIBUTION DE SUD;0;125282;580;PROBLEME_DATE_CMD
27005519;CS;8;8;STE AL AKREM DE COMM ET DISTRI EN GROS;0;125283;620;PROBLEME_DATE_CMD
27005520;SO;12;12;STE BECHIR ETTAIEB DE COMMERCE;0;125284;580;PROBLEME_DATE_CMD
27005521;CO;3;3;SUDMILK;0;125275;620;PROBLEME_DATE_CMD
27005522;CS;17;17;STE HEDI JELASSI DISTRIBUTION NORD;0;125276;580;PROBLEME_DATE_CMD
27005523;SO;6;6;SOCIETE IDEAL DISTRIBUTION SFAX;0;125277;620;PROBLEME_DATE_CMD
27005524;CO;11;11;SOCIETE EL HOUDA DISTRIBUTION;0;125278;580;PROBLEME_DATE_CMD
27005525;CS;15;15;ARMES COM;0;125279;620;PROBLEME_DATE_CMD
27005526;SO;30;30;SOCIETE TAHA DISTRIBUTION DE SUD;0;125280;580;PROBLEME_DATE_CMD
27005527;CO;20;20;STE AL AKREM DE COMM ET DISTRI EN GROS;0;125281;620;PROBLEME_DATE_CMD
27005528;CS;4;4;STE BECHIR ETTAIEB DE COMMERCE;0;125282;580;PROBLEME_DATE_CMD
27005529;SO;4;4;SUDMILK;0;125283;620;PROBLEME_DATE_CMD
27005530;CO;20;20;STE HEDI JELASSI DISTRIBUTION NORD;0;125284;580;PROBLEME_DATE_CMD
27005531;CS;9;9;SOCIETE IDEAL DISTRIBUTION SFAX;0;125275;620;PROBLEME_DATE_CMD
27005532;SO;21;21;SOCIETE EL HOUDA DISTRIBUTION;0;125276;580;PROBLEME_DATE_CMD
27005533;CO;18;18;ARMES COM;0;125277;620;PROBLEME_DATE_CMD
27005534;CS;27;27;SOCIETE TAHA DISTRIBUTION DE SUD;0;125278;580;PROBLEME_DATE_CMD
27005535;SO;23;23;STE AL AKREM DE COMM ET DISTRI EN GROS;0;125279;620;PROBLEME_DATE_CMD
27005536;CO;2;2;STE BECHIR ETTAIEB DE COMMERCE;0;125280;580;PROBLEME_DATE_CMD
27005537;CS;25;25;SUDMILK;0;125281;620;PROBLEME_DATE_CMD
27005538;SO;27;27;STE HEDI JELASSI DISTRIBUTION NORD;0;125282;580;PROBLEME_DATE_CMD
27005539;CO;16;16;SOCIETE IDEAL DISTRIBUTION SFAX;0;125283;620;PROBLEME_DATE_CMD
27005540;CS;14;14;SOCIETE EL HOUDA DISTRIBUTION;0;125284;580;PROBLEME_DATE_CMD
27005541;SO;28;28;ARMES COM;0;125275;620;PROBLEME_DATE_CMD
27005542;CO;6;6;SOCIETE TAHA DISTRIBUTION DE SUD;0;125276;580;PROBLEME_DATE_CMD
27005543;CS;17;17;STE AL AKREM DE COMM ET DISTRI EN GROS;0;125277;620;PROBLEME_DATE_CMD
27005544;SO;23;23;STE BECHIR ETTAIEB DE COMMERCE;0;125278;580;PROBLEME_DATE_CMD
27005545;CO;4;4;SUDMILK;0;125279;620;PROBLEME_DATE_CMD
27005546;CS;25;25;STE HEDI JELASSI DISTRIBUTION NORD;0;125280;580;PROBLEME_DATE_CMD
27005547;SO;15;15;SOCIETE IDEAL DISTRIBUTION SFAX;0;125281;620;PROBLEME_DATE_CMD
27005548;CO;8;8;SOCIETE EL HOUDA DISTRIBUTION;0;125282;580;PROBLEME_DATE_CMD
27005549;CS;10;10;ARMES COM;0;125283;620;PROBLEME_DATE_CMD
27005550;SO;8;8;SOCIETE TAHA DISTRIBUTION DE SUD;0;125284;580;PROBLEME_DATE_CMD
27005551;CO;22;22;STE AL AKREM DE COMM ET DISTRI EN GROS;0;125275;620;PROBLEME_DATE_CMD
27005552;CS;13;13;STE BECHIR ETTAIEB DE COMMERCE;0;125276;580;PROBLEME_DATE_CMD
27005553;SO;12;12;SUDMILK;0;125277;620;PROBLEME_DATE_CMD
27005554;CO;29;29;STE HEDI JELASSI DISTRIBUTION NORD;0;125278;580;PROBLEME_DATE_CMD
27005555;CS;26;26;SOCIETE IDEAL DISTRIBUTION SFAX;0;125279;620;PROBLEME_DATE_CMD
27005556;SO;21;21;SOCIETE EL HOUDA DISTRIBUTION;0;125280;580;PROBLEME_DATE_CMD
27005557;CO;26;26;ARMES COM;0;125281;620;PROBLEME_DATE_CMD
27005558;CS;18;18;SOCIETE TAHA DISTRIBUTION DE SUD;0;125282;580;PROBLEME_DATE_CMD
27005559;SO;25;25;STE AL AKREM DE COMM ET DISTRI EN GROS;0;125283;620;PROBLEME_DATE_CMD
27005560;CO;4;4;STE BECHIR ETTAIEB DE COMMERCE;0;125284;580;PROBLEME_DATE_CMD
27005561;CS;28;28;SUDMILK;0;125275;620;PROBLEME_DATE_CMD
27005562;SO;11;11;STE HEDI JELASSI DISTRIBUTION NORD;0;125276;580;PROBLEME_DATE_CMD
27005563;CO;30;30;SOCIETE IDEAL DISTRIBUTION SFAX;0;125277;620;PROBLEME_DATE_CMD
27005564;CS;10;10;SOCIETE EL HOUDA DISTRIBUTION;0;125278;580;PROBLEME_DATE_CMD
27005565;SO;18;18;ARMES COM;0;125279;620;PROBLEME_DATE_CMD
27005566;CO;30;30;SOCIETE TAHA DISTRIBUTION DE SUD;0;125280;580;PROBLEME_DATE_CMD
27005567;CS;19;19;STE AL AKREM DE COMM ET DISTRI EN GROS;0;125281;620;PROBLEME_DATE_CMD
27005568;SO;18;18;STE BECHIR ETTAIEB DE COMMERCE;0;125282;580;PROBLEME_DATE_CMD
27005569;CO;9;9;SUDMILK;0;125283;620;PROBLEME_DATE_CMD
27005570;CS;26;26;STE HEDI JELASSI DISTRIBUTION NORD;0;125284;580;PROBLEME_DATE_CMD
27005571;SO;1;1;SOCIETE IDEAL DISTRIBUTION SFAX;0;125275;620;PROBLEME_DATE_CMD
27005572;CO;30;30;SOCIETE EL HOUDA DISTRIBUTION;0;125276;580;PROBLEME_DATE_CMD
27005573;CS;6;6;ARMES COM;0;125277;620;PROBLEME_DATE_CMD
27005574;SO;4;4;SOCIETE TAHA DISTRIBUTION DE SUD;0;125278;580;PROBLEME_DATE_CMD
27005575;CO;27;27;STE AL AKREM DE COMM ET DISTRI EN GROS;0;125279;620;PROBLEME_DATE_CMD
27005576;CS;29;29;STE BECHIR ETTAIEB DE COMMERCE;0;125280;580;PROBLEME_DATE_CMD
27005577;SO;7;7;SUDMILK;0;125281;620;PROBLEME_DATE_CMD
27005578;CO;12;12;STE HEDI JELASSI DISTRIBUTION NORD;0;125282;580;PROBLEME_DATE_CMD
27005579;CS;1;1;SOCIETE IDEAL DISTRIBUTION SFAX;0;125283;620;PROBLEME_DATE_CMD
27005580;SO;6;6;SOCIETE EL HOUDA DISTRIBUTION;0;125284;580;PROBLEME_DATE_CMD
27005581;CO;13;13;ARMES COM;0;125275;620;PROBLEME_DATE_CMD
27005582;CS;20;20;SOCIETE TAHA DISTRIBUTION DE SUD;0;125276;580;PROBLEME_DATE_CMD
27005583;SO;15;15;STE AL AKREM DE COMM ET DISTRI EN GROS;0;125277;620;PROBLEME_DATE_CMD
27005584;CO;13;13;STE BECHIR ETTAIEB DE COMMERCE;0;125278;580;PROBLEME_DATE_CMD
27005585;CS;4;4;SUDMILK;0;125279;620;PROBLEME_DATE_CMD
27005586;SO;18;18;STE HEDI JELASSI DISTRIBUTION NORD;0;125280;580;PROBLEME_DATE_CMD
27005587;CO;28;28;SOCIETE IDEAL DISTRIBUTION SFAX;0;125281;620;PROBLEME_DATE_CMD
27005588;CS;7;7;SOCIETE EL HOUDA DISTRIBUTION;0;125282;580;PROBLEME_DATE_CMD
27005589;SO;2;2;ARMES COM;0;125283;620;PROBLEME_DATE_CMD
27005590;CO;28;28;SOCIETE TAHA DISTRIBUTION DE SUD;0;125284;580;PROBLEME_DATE_CMD
27005591;CS;17;17;STE AL AKREM DE COMM ET DISTRI EN GROS;0;125275;620;PROBLEME_DATE_CMD
27005592;SO;3;3;STE BECHIR ETTAIEB DE COMMERCE;0;125276;580;PROBLEME_DATE_CMD
27005593;CO;7;7;SUDMILK;0;125277;620;PROBLEME_DATE_CMD
27005594;CS;10;10;STE HEDI JELASSI DISTRIBUTION NORD;0;125278;580;PROBLEME_DATE_CMD
27005595;SO;1;1;SOCIETE IDEAL DISTRIBUTION SFAX;0;125279;620;PROBLEME_DATE_CMD
27005596;CO;28;28;SOCIETE EL HOUDA DISTRIBUTION;0;125280;580;PROBLEME_DATE_CMD
27005597;CS;4;4;ARMES COM;0;125281;620;PROBLEME_DATE_CMD
27005598;SO;28;28;SOCIETE TAHA DISTRIBUTION DE SUD;0;125282;580;PROBLEME_DATE_CMD
27005599;CO;12;12;STE AL AKREM DE COMM ET DISTRI EN GROS;0;125283;620;PROBLEME_DATE_CMD
27005600;CS;6;6;STE BECHIR ETTAIEB DE COMMERCE;0;125284;580;PROBLEME_DATE_CMD
27005601;SO;5;5;SUDMILK;0;125275;620;PROBLEME_DATE_CMD
27005602;CO;21;21;STE HEDI JELASSI DISTRIBUTION NORD;0;125276;580;PROBLEME_DATE_CMD
27005603;CS;2;2;SOCIETE IDEAL DISTRIBUTION SFAX;0;125277;620;PROBLEME_DATE_CMD
27005604;SO;12;12;SOCIETE EL HOUDA DISTRIBUTION;0;125278;580;PROBLEME_DATE_CMD
27005605;CO;7;7;ARMES COM;0;125279;620;PROBLEME_DATE_CMD
27005606;CS;5;5;SOCIETE TAHA DISTRIBUTION DE SUD;0;125280;580;PROBLEME_DATE_CMD
27005607;SO;20;20;STE AL AKREM DE COMM ET DISTRI EN GROS;0;125281;620;PROBLEME_DATE_CMD
27005608;CO;8;8;STE BECHIR ETTAIEB DE COMMERCE;0;125282;580;PROBLEME_DATE_CMD
27005609;CS;29;29;SUDMILK;0;125283;620;PROBLEME_DATE_CMD
27005610;SO;29;29;STE HEDI JELASSI DISTRIBUTION NORD;0;125284;580;PROBLEME_DATE_CMD
27005611;CO;22;22;SOCIETE IDEAL DISTRIBUTION SFAX;0;125275;620;PROBLEME_DATE_CMD
27005612;CS;3;3;SOCIETE EL HOUDA DISTRIBUTION;0;125276;580;PROBLEME_DATE_CMD
27005613;SO;17;17;ARMES COM;0;125277;620;PROBLEME_DATE_CMD
27005614;CO;17;17;SOCIETE TAHA DISTRIBUTION DE SUD;0;125278;580;PROBLEME_DATE_CMD
27005615;CS;17;17;STE AL AKREM DE COMM ET DISTRI EN GROS;0;125279;620;PROBLEME_DATE_CMD
27005616;SO;9;9;STE BECHIR ETTAIEB DE COMMERCE;0;125280;580;PROBLEME_DATE_CMD
27005617;CO;4;4;SUDMILK;0;125281;620;PROBLEME_DATE_CMD
27005618;CS;13;13;STE HEDI JELASSI DISTRIBUTION NORD;0;125282;580;PROBLEME_DATE_CMD
27005619;SO;23;23;SOCIETE IDEAL DISTRIBUTION SFAX;0;125283;620;PROBLEME_DATE_CMD
27005620;CO;14;14;SOCIETE EL HOUDA DISTRIBUTION;0;125284;580;PROBLEME_DATE_CMD
27005621;CS;1;1;ARMES COM;0;125275;620;PROBLEME_DATE_CMD
27005622;SO;2;2;SOCIETE TAHA DISTRIBUTION DE SUD;0;125276;580;PROBLEME_DATE_CMD
27005623;CO;5;5;STE AL AKREM DE COMM ET DISTRI EN GROS;0;125277;620;PROBLEME_DATE_CMD
27005624;CS;21;21;STE BECHIR ETTAIEB DE COMMERCE;0;125278;580;PROBLEME_DATE_CMD
27005625;SO;15;15;SUDMILK;0;125279;620;PROBLEME_DATE_CMD
27005626;CO;15;15;STE HEDI JELASSI DISTRIBUTION NORD;0;125280;580;PROBLEME_DATE_CMD
27005627;CS;27;27;SOCIETE IDEAL DISTRIBUTION SFAX;0;125281;620;PROBLEME_DATE_CMD
27005628;SO;13;13;SOCIETE EL HOUDA DISTRIBUTION;0;125282;580;PROBLEME_DATE_CMD
27005629;CO;21;21;ARMES COM;0;125283;620;PROBLEME_DATE_CMD
27005630;CS;15;15;SOCIETE TAHA DISTRIBUTION DE SUD;0;125284;580;PROBLEME_DATE_CMD
27005631;SO;6;6;STE AL AKREM DE COMM ET DISTRI EN GROS;0;125275;620;PROBLEME_DATE_CMD
27005632;CO;28;28;STE BECHIR ETTAIEB DE COMMERCE;0;125276;580;PROBLEME_DATE_CMD
27005633;CS;16;16;SUDMILK;0;125277;620;PROBLEME_DATE_CMD
27005634;SO;23;23;STE HEDI JELASSI DISTRIBUTION NORD;0;125278;580;PROBLEME_DATE_CMD
27005635;CO;19;19;SOCIETE IDEAL DISTRIBUTION SFAX;0;125279;620;PROBLEME_DATE_CMD
27005636;CS;3;3;SOCIETE EL HOUDA DISTRIBUTION;0;125280;580;PROBLEME_DATE_CMD
27005637;SO;21;21;ARMES COM;0;125281;620;PROBLEME_DATE_CMD
27005638;CO;9;9;SOCIETE TAHA DISTRIBUTION DE SUD;0;125282;580;PROBLEME_DATE_CMD
27005639;CS;29;29;STE AL AKREM DE COMM ET DISTRI EN GROS;0;125283;620;PROBLEME_DATE_CMD
27005640;SO;1;1;STE BECHIR ETTAIEB DE COMMERCE;0;125284;580;PROBLEME_DATE_CMD
27005641;CO;23;23;SUDMILK;0;125275;620;PROBLEME_DATE_CMD
27005642;CS;27;27;STE HEDI JELASSI DISTRIBUTION NORD;0;125276;580;PROBLEME_DATE_CMD
27005643;SO;15;15;SOCIETE IDEAL DISTRIBUTION SFAX;0;125277;620;PROBLEME_DATE_CMD
27005644;CO;2;2;SOCIETE EL HOUDA DISTRIBUTION;0;125278;580;PROBLEME_DATE_CMD
27005645;CS;8;8;ARMES COM;0;125279;620;PROBLEME_DATE_CMD
27005646;SO;8;8;SOCIETE TAHA DISTRIBUTION DE SUD;0;125280;580;PROBLEME_DATE_CMD
27005647;CO;20;20;STE AL AKREM DE COMM ET DISTRI EN GROS;0;125281;620;PROBLEME_DATE_CMD
27005648;CS;8;8;STE BECHIR ETTAIEB DE COMMERCE;0;125282;580;PROBLEME_DATE_CMD
27005649;SO;8;8;SUDMILK;0;125283;620;PROBLEME_DATE_CMD
27005650;CO;20;20;STE HEDI JELASSI DISTRIBUTION NORD;0;125284;580;PROBLEME_DATE_CMD
27005651;CS;16;16;SOCIETE IDEAL DISTRIBUTION SFAX;0;125275;620;PROBLEME_DATE_CMD
27005652;SO;2;2;SOCIETE EL HOUDA DISTRIBUTION;0;125276;580;PROBLEME_DATE_CMD
27005653;CO;21;21;ARMES COM;0;125277;620;PROBLEME_DATE_CMD
27005654;CS;29;29;SOCIETE TAHA DISTRIBUTION DE SUD;0;125278;580;PROBLEME_DATE_CMD
27005655;SO;14;14;STE AL AKREM DE COMM ET DISTRI EN GROS;0;125279;620;PROBLEME_DATE_CMD
27005656;CO;16;16;STE BECHIR ETTAIEB DE COMMERCE;0;125280;580;PROBLEME_DATE_CMD
27005657;CS;30;30;SUDMILK;0;125281;620;PROBLEME_DATE_CMD
27005658;SO;10;10;STE HEDI JELASSI DISTRIBUTION NORD;0;125282;580;PROBLEME_DATE_CMD
27005659;CO;9;9;SOCIETE IDEAL DISTRIBUTION SFAX;0;125283;620;PROBLEME_DATE_CMD
27005660;CS;30;30;SOCIETE EL HOUDA DISTRIBUTION;0;125284;580;PROBLEME_DATE_CMD
27005661;SO;11;11;ARMES COM;0;125275;620;PROBLEME_DATE_CMD
27005662;CO;20;20;SOCIETE TAHA DISTRIBUTION DE SUD;0;125276;580;PROBLEME_DATE_CMD
27005663;CS;21;21;STE AL AKREM DE COMM ET DISTRI EN GROS;0;125277;620;PROBLEME_DATE_CMD
27005664;SO;28;28;STE BECHIR ETTAIEB DE COMMERCE;0;125278;580;PROBLEME_DATE_CMD
27005665;CO;20;20;SUDMILK;0;125279;620;PROBLEME_DATE_CMD
27005666;CS;15;15;STE HEDI JELASSI DISTRIBUTION NORD;0;125280;580;PROBLEME_DATE_CMD
27005667;SO;6;6;SOCIETE IDEAL DISTRIBUTION SFAX;0;125281;620;PROBLEME_DATE_CMD
27005668;CO;5;5;SOCIETE EL HOUDA DISTRIBUTION;0;125282;580;PROBLEME_DATE_CMD
27005669;CS;19;19;ARMES COM;0;125283;620;PROBLEME_DATE_CMD
27005670;SO;16;16;SOCIETE TAHA DISTRIBUTION DE SUD;0;125284;580;PROBLEME_DATE_CMD
27005671;CO;10;10;STE AL AKREM DE COMM ET DISTRI EN GROS;0;125275;620;PROBLEME_DATE_CMD
27005672;CS;2;2;STE BECHIR ETTAIEB DE COMMERCE;0;125276;580;PROBLEME_DATE_CMD
27005673;SO;21;21;SUDMILK;0;125277;620;PROBLEME_DATE_CMD
27005674;CO;9;9;STE HEDI JELASSI DISTRIBUTION NORD;0;125278;580;PROBLEME_DATE_CMD
27005675;CS;22;22;SOCIETE IDEAL DISTRIBUTION SFAX;0;125279;620;PROBLEME_DATE_CMD
27005676;SO;13;13;SOCIETE EL HOUDA DISTRIBUTION;0;125280;580;PROBLEME_DATE_CMD
27005677;CO;14;14;ARMES COM;0;125281;620;PROBLEME_DATE_CMD
27005678;CS;13;13;SOCIETE TAHA DISTRIBUTION DE SUD;0;125282;580;PROBLEME_DATE_CMD
27005679;SO;15;15;STE AL AKREM DE COMM ET DISTRI EN GROS;0;125283;620;PROBLEME_DATE_CMD
27005680;CO;17;17;STE BECHIR ETTAIEB DE COMMERCE;0;125284;580;PROBLEME_DATE_CMD
